video_id,target,feature,windows,observed_rho,null_mean,null_sd,null_low,null_high,null_two_sided_exceedance,permutations
-fRMN3Rh398,audienceWatchRatio,reward,10,0.33333333333333326,0.04589090909090908,0.5122379216483837,-0.6121212121212121,0.8666666666666665,0.804,500
-fRMN3Rh398,audienceWatchRatio,aversion,10,-0.5151515151515151,-0.03304242424242426,0.43300711162106437,-0.6242424242424242,0.8666666666666665,0.33,500
-fRMN3Rh398,audienceWatchRatio,social_value,10,0.07878787878787878,-0.003224242424242417,0.43275260837468843,-0.5636363636363636,0.6848484848484848,0.788,500
-fRMN3Rh398,audienceWatchRatio,engagement,10,0.6848484848484848,-0.01299393939393937,0.5593185957993697,-0.8303030303030302,0.6606060606060605,0.12,500
-fRMN3Rh398,audienceWatchRatio,visual_processing,10,0.43030303030303024,-0.1023030303030303,0.549525067504973,-0.8181818181818182,0.6121212121212121,0.67,500
-fRMN3Rh398,audienceWatchRatio,auditory_processing,10,0.5878787878787878,0.022133333333333324,0.5296134354769044,-0.7575757575757575,0.9030303030303028,0.266,500
-fRMN3Rh398,audienceWatchRatio,pattern_change,9,0.48333333333333334,0.012266666666666636,0.5711125360985249,-0.7666666666666667,0.8499999999999999,0.538,500
-fRMN3Rh398,audienceWatchRatio,amplitude_change,9,-0.21666666666666667,0.04999999999999999,0.45843332242662194,-0.8666666666666667,0.6166666666666666,0.49,500
-fRMN3Rh398,relativeRetentionPerformance,reward,10,-0.01818181818181818,-0.0868121212121212,0.4411328193801177,-0.6848484848484848,0.8545454545454544,1.0,500
-fRMN3Rh398,relativeRetentionPerformance,aversion,10,0.6363636363636362,-0.020509090909090914,0.41877746529174653,-0.6969696969696969,0.6606060606060605,0.226,500
-fRMN3Rh398,relativeRetentionPerformance,social_value,10,0.38181818181818183,-0.03258181818181819,0.4278970991017011,-0.6606060606060605,0.7333333333333332,0.344,500
-fRMN3Rh398,relativeRetentionPerformance,engagement,10,-0.6969696969696969,0.08283636363636367,0.44021306202977956,-0.6606060606060605,0.8181818181818182,0.134,500
-fRMN3Rh398,relativeRetentionPerformance,visual_processing,10,-0.06666666666666665,0.06288484848484846,0.4827382343483315,-0.6727272727272726,0.8545454545454544,1.0,500
-fRMN3Rh398,relativeRetentionPerformance,auditory_processing,10,-0.6363636363636362,0.019127272727272705,0.39409636331900755,-0.6606060606060605,0.8666666666666665,0.218,500
-fRMN3Rh398,relativeRetentionPerformance,pattern_change,9,-0.7833333333333333,0.049566666666666676,0.5450120600092768,-0.6333333333333333,0.7999999999999999,0.118,500
-fRMN3Rh398,relativeRetentionPerformance,amplitude_change,9,-0.03333333333333333,-0.01763333333333333,0.4338454140973872,-0.9666666666666667,0.7333333333333334,0.868,500
-fRMN3Rh398,exit_intensity,reward,10,-0.10303030303030303,-0.04179393939393938,0.45961892563775886,-0.6121212121212121,0.8181818181818182,0.884,500
-fRMN3Rh398,exit_intensity,aversion,10,0.49090909090909085,-0.02012121212121211,0.42346082113222244,-0.6,0.709090909090909,0.486,500
-fRMN3Rh398,exit_intensity,social_value,10,0.23636363636363633,-0.023054545454545477,0.40746034567378747,-0.6,0.7333333333333332,0.568,500
-fRMN3Rh398,exit_intensity,engagement,10,-0.7212121212121211,0.03410909090909088,0.5068185076232137,-0.7939393939393938,0.7939393939393938,0.23,500
-fRMN3Rh398,exit_intensity,visual_processing,10,-0.006060606060606061,0.0724121212121212,0.5680100522914469,-0.7454545454545454,0.9030303030303028,1.0,500
-fRMN3Rh398,exit_intensity,auditory_processing,10,-0.7939393939393938,-0.02707878787878788,0.4267829118504706,-0.6,0.9151515151515152,0.1,500
-fRMN3Rh398,exit_intensity,pattern_change,9,-0.6,0.031433333333333306,0.6090057936232354,-0.7333333333333334,0.8499999999999999,0.494,500
-fRMN3Rh398,exit_intensity,amplitude_change,9,0.08333333333333334,-0.04246666666666665,0.476971841703237,-0.8499999999999999,0.7833333333333333,1.0,500
-puzCOdN5uI,audienceWatchRatio,reward,9,0.7166666666666667,-0.009499999999999995,0.5841501661958735,-0.8499999999999999,0.8333333333333333,0.378,500
-puzCOdN5uI,audienceWatchRatio,aversion,9,0.9333333333333332,-0.12496666666666667,0.45300907398319423,-0.7833333333333333,0.5666666666666667,0.0,500
-puzCOdN5uI,audienceWatchRatio,social_value,9,0.8333333333333333,-0.16123333333333334,0.5016793254216836,-0.7999999999999999,0.6333333333333333,0.0,500
-puzCOdN5uI,audienceWatchRatio,engagement,9,0.33333333333333337,0.024300000000000006,0.5819450709092359,-0.9,0.8166666666666667,0.64,500
-puzCOdN5uI,audienceWatchRatio,visual_processing,9,0.8333333333333333,-0.14556666666666665,0.5377636934565219,-0.8666666666666667,0.7166666666666667,0.134,500
-puzCOdN5uI,audienceWatchRatio,auditory_processing,9,0.9833333333333333,-0.11279999999999998,0.5008753936858946,-0.7,0.7333333333333334,0.0,500
-puzCOdN5uI,audienceWatchRatio,pattern_change,8,-0.14285714285714288,-0.05280952380952381,0.4133449060262731,-0.4285714285714286,0.8333333333333335,1.0,500
-puzCOdN5uI,audienceWatchRatio,amplitude_change,8,-0.023809523809523815,0.050476190476190466,0.46902320458577457,-0.5000000000000001,0.880952380952381,1.0,500
-puzCOdN5uI,relativeRetentionPerformance,reward,9,0.33333333333333337,0.011700000000000006,0.5001802997142353,-0.9166666666666666,0.7333333333333334,0.63,500
-puzCOdN5uI,relativeRetentionPerformance,aversion,9,-0.016666666666666666,-0.008066666666666666,0.507227141755381,-0.5333333333333333,0.9500000000000001,1.0,500
-puzCOdN5uI,relativeRetentionPerformance,social_value,9,0.049999999999999996,0.018533333333333304,0.4328931918563233,-0.38333333333333336,0.9333333333333332,1.0,500
-puzCOdN5uI,relativeRetentionPerformance,engagement,9,0.7166666666666667,-0.04110000000000001,0.483814945109296,-0.9666666666666667,0.7166666666666667,0.242,500
-puzCOdN5uI,relativeRetentionPerformance,visual_processing,9,0.3666666666666667,-0.06603333333333332,0.4333053055038419,-0.5499999999999999,0.8166666666666667,0.492,500
-puzCOdN5uI,relativeRetentionPerformance,auditory_processing,9,0.06666666666666667,0.05993333333333336,0.5608675779540122,-0.8499999999999999,0.8666666666666667,1.0,500
-puzCOdN5uI,relativeRetentionPerformance,pattern_change,8,-0.023809523809523815,0.0697142857142857,0.40198967733049085,-0.5952380952380953,0.6428571428571429,1.0,500
-puzCOdN5uI,relativeRetentionPerformance,amplitude_change,8,-0.1666666666666667,-0.08876190476190479,0.4934870692615408,-0.8333333333333335,0.7142857142857144,0.744,500
-puzCOdN5uI,exit_intensity,reward,9,0.06666666666666667,0.004199999999999989,0.49311495617147927,-0.6333333333333333,0.8333333333333333,1.0,500
-puzCOdN5uI,exit_intensity,aversion,9,-0.08333333333333334,-0.03233333333333333,0.35633333333333334,-0.7,0.48333333333333334,0.908,500
-puzCOdN5uI,exit_intensity,social_value,9,0.09999999999999999,-0.08733333333333333,0.3394187842637928,-0.6833333333333333,0.5166666666666667,0.894,500
-puzCOdN5uI,exit_intensity,engagement,9,-0.21666666666666667,0.027533333333333354,0.4605174915244805,-0.5499999999999999,0.7666666666666667,0.536,500
-puzCOdN5uI,exit_intensity,visual_processing,9,-0.2833333333333333,0.017700000000000004,0.3277321721568798,-0.5,0.6333333333333333,0.354,500
-puzCOdN5uI,exit_intensity,auditory_processing,9,0.03333333333333333,-0.08716666666666666,0.48575974285419926,-0.9333333333333332,0.43333333333333335,0.882,500
-puzCOdN5uI,exit_intensity,pattern_change,8,-0.5952380952380953,-0.008238095238095265,0.5865104364489111,-0.8095238095238096,0.880952380952381,0.284,500
-puzCOdN5uI,exit_intensity,amplitude_change,8,-0.6190476190476191,0.057809523809523804,0.48994007685794055,-0.8095238095238096,0.6428571428571429,0.288,500
0NOKIWckHiQ,audienceWatchRatio,reward,8,0.9523809523809524,-0.01990476190476191,0.5845037354714214,-0.8571428571428572,0.8571428571428572,0.0,500
0NOKIWckHiQ,audienceWatchRatio,aversion,8,0.5714285714285715,-0.04004761904761906,0.5246037679798773,-0.6666666666666669,0.7857142857142858,0.422,500
0NOKIWckHiQ,audienceWatchRatio,social_value,8,0.523809523809524,0.018428571428571437,0.5274585689417828,-0.7142857142857144,0.7142857142857144,0.428,500
0NOKIWckHiQ,audienceWatchRatio,engagement,8,0.7619047619047621,-0.03342857142857143,0.5400537388226533,-0.7857142857142858,0.8571428571428572,0.404,500
0NOKIWckHiQ,audienceWatchRatio,visual_processing,8,0.5952380952380953,-0.0416190476190476,0.550269206431257,-0.8333333333333335,0.8095238095238096,0.426,500
0NOKIWckHiQ,audienceWatchRatio,auditory_processing,8,-0.28571428571428575,0.06423809523809525,0.36720646413371777,-0.4285714285714286,0.523809523809524,0.712,500
0NOKIWckHiQ,relativeRetentionPerformance,reward,8,0.09523809523809526,-0.010428571428571431,0.6470349939892835,-0.8333333333333335,0.9285714285714287,0.888,500
0NOKIWckHiQ,relativeRetentionPerformance,aversion,8,0.6190476190476191,-0.08028571428571428,0.6740549847371352,-0.7857142857142858,0.9285714285714287,0.594,500
0NOKIWckHiQ,relativeRetentionPerformance,social_value,8,0.8095238095238096,-0.10714285714285712,0.6811280159776575,-0.7857142857142858,0.9761904761904763,0.124,500
0NOKIWckHiQ,relativeRetentionPerformance,engagement,8,0.4523809523809524,-0.06700000000000003,0.6509592625128298,-0.8333333333333335,0.9761904761904763,0.722,500
0NOKIWckHiQ,relativeRetentionPerformance,visual_processing,8,0.38095238095238104,-0.05252380952380952,0.6519183118004671,-0.8571428571428572,0.8571428571428572,0.718,500
0NOKIWckHiQ,relativeRetentionPerformance,auditory_processing,8,-0.4285714285714286,-0.0030476190476190546,0.39176299003710374,-0.5714285714285715,0.4285714285714286,0.294,500
0NOKIWckHiQ,exit_intensity,reward,8,-0.4523809523809524,0.04285714285714287,0.6564903592869699,-0.9523809523809524,0.8333333333333335,0.714,500
0NOKIWckHiQ,exit_intensity,aversion,8,0.1666666666666667,-0.03004761904761904,0.6422172105901798,-0.9761904761904763,0.9285714285714287,0.574,500
0NOKIWckHiQ,exit_intensity,social_value,8,0.30952380952380953,-0.0018571428571428291,0.6479043121730449,-0.9761904761904763,0.9285714285714287,0.582,500
0NOKIWckHiQ,exit_intensity,engagement,8,-0.11904761904761905,0.010666666666666701,0.6539949170092403,-0.9523809523809524,0.8333333333333335,1.0,500
0NOKIWckHiQ,exit_intensity,visual_processing,8,-0.09523809523809526,0.045952380952380946,0.6287468640459523,-0.8095238095238096,0.9285714285714287,1.0,500
0NOKIWckHiQ,exit_intensity,auditory_processing,8,-0.09523809523809526,-0.03247619047619049,0.466583753567321,-0.8333333333333335,0.7857142857142858,0.732,500
0RHQCKfrano,audienceWatchRatio,reward,11,0.19090909090909092,-0.049781818181818226,0.5991410810830137,-0.6818181818181819,0.8090909090909091,1.0,500
0RHQCKfrano,audienceWatchRatio,aversion,11,0.7818181818181819,0.0558,0.46035226863747447,-0.5909090909090909,0.881818181818182,0.106,500
0RHQCKfrano,audienceWatchRatio,social_value,11,0.5090909090909091,0.010854545454545431,0.5460251836289466,-0.6636363636363638,0.9,0.52,500
0RHQCKfrano,audienceWatchRatio,engagement,11,0.22727272727272727,-0.0015090909090909187,0.5060159116173298,-0.6818181818181819,0.790909090909091,0.8,500
0RHQCKfrano,audienceWatchRatio,visual_processing,11,-0.6272727272727273,-0.03920000000000001,0.5127216840443324,-0.8636363636363636,0.7727272727272727,0.302,500
0RHQCKfrano,audienceWatchRatio,auditory_processing,11,-0.06363636363636364,0.017236363636363626,0.6236494289646499,-0.7545454545454545,0.8545454545454546,1.0,500
0RHQCKfrano,audienceWatchRatio,pattern_change,10,-0.32121212121212117,0.06446060606060605,0.4675597712854666,-0.8666666666666665,0.6484848484848483,0.57,500
0RHQCKfrano,audienceWatchRatio,amplitude_change,10,-0.6121212121212121,0.009672727272727267,0.36410741127056,-0.5272727272727272,0.6969696969696969,0.12,500
0RHQCKfrano,relativeRetentionPerformance,reward,11,0.3727272727272728,0.0011636363636363498,0.7229674624321188,-0.9636363636363637,0.9636363636363637,0.696,500
0RHQCKfrano,relativeRetentionPerformance,aversion,11,-0.6090909090909091,-0.011345454545454544,0.39671653347684455,-0.8181818181818182,0.6000000000000001,0.088,500
0RHQCKfrano,relativeRetentionPerformance,social_value,11,0.09090909090909091,-0.016690909090909103,0.6226183782692877,-0.8909090909090911,0.8636363636363636,0.766,500
0RHQCKfrano,relativeRetentionPerformance,engagement,11,0.0,-0.0001090909090908987,0.6250577398783397,-0.8272727272727273,0.8909090909090911,1.0,500
0RHQCKfrano,relativeRetentionPerformance,visual_processing,11,0.6727272727272727,-0.026054545454545434,0.5780791821424175,-0.7545454545454545,0.8363636363636365,0.532,500
0RHQCKfrano,relativeRetentionPerformance,auditory_processing,11,-0.11818181818181818,0.018636363636363663,0.7021381453863702,-0.9181818181818183,0.9363636363636365,1.0,500
0RHQCKfrano,relativeRetentionPerformance,pattern_change,10,-0.01818181818181818,0.01093333333333334,0.42384473065319483,-0.6727272727272726,0.5757575757575757,1.0,500
0RHQCKfrano,relativeRetentionPerformance,amplitude_change,10,0.3939393939393939,0.011563636363636349,0.2819144531556898,-0.38181818181818183,0.4545454545454545,0.094,500
0RHQCKfrano,exit_intensity,reward,11,-0.38181818181818183,0.08470909090909091,0.36187355400872984,-0.6000000000000001,0.6000000000000001,0.356,500
0RHQCKfrano,exit_intensity,aversion,11,-0.22727272727272727,0.01860000000000001,0.3689430832495521,-0.5,0.5727272727272729,0.698,500
0RHQCKfrano,exit_intensity,social_value,11,-0.6181818181818182,0.0548181818181818,0.3979361114052488,-0.6090909090909091,0.6454545454545455,0.116,500
0RHQCKfrano,exit_intensity,engagement,11,-0.33636363636363636,-1.8181818181812304e-05,0.3918688003582512,-0.5909090909090909,0.6818181818181819,0.414,500
0RHQCKfrano,exit_intensity,visual_processing,11,0.16363636363636366,0.05338181818181816,0.3913734679369038,-0.6090909090909091,0.6181818181818182,0.772,500
0RHQCKfrano,exit_intensity,auditory_processing,11,0.46363636363636374,-0.04043636363636364,0.3485051069737385,-0.690909090909091,0.44545454545454555,0.1,500
0RHQCKfrano,exit_intensity,pattern_change,10,-0.3939393939393939,0.12407272727272727,0.3782249983118854,-0.5757575757575757,0.7575757575757575,0.324,500
0RHQCKfrano,exit_intensity,amplitude_change,10,-0.5030303030303029,0.04959999999999999,0.48170214512782994,-0.9393939393939393,0.6484848484848483,0.218,500
0Xh7y2n8S5c,audienceWatchRatio,reward,9,0.09999999999999999,0.015266666666666661,0.43985128294812453,-0.7666666666666667,0.6833333333333333,0.844,500
0Xh7y2n8S5c,audienceWatchRatio,aversion,9,0.016666666666666666,-0.02146666666666666,0.4623253592198656,-0.6666666666666667,0.6666666666666667,1.0,500
0Xh7y2n8S5c,audienceWatchRatio,social_value,9,0.016666666666666666,-0.03863333333333335,0.5024310002378436,-0.6833333333333333,0.7,1.0,500
0Xh7y2n8S5c,audienceWatchRatio,engagement,9,-0.5666666666666667,0.02603333333333336,0.4361798036488062,-0.65,0.7333333333333334,0.386,500
0Xh7y2n8S5c,audienceWatchRatio,visual_processing,9,-0.39999999999999997,-0.05009999999999999,0.45353364569541893,-0.5,0.7,0.514,500
0Xh7y2n8S5c,audienceWatchRatio,auditory_processing,9,-0.5666666666666667,-0.0032666666666666664,0.4453817289072874,-0.5666666666666667,0.8833333333333333,0.254,500
0Xh7y2n8S5c,audienceWatchRatio,pattern_change,8,0.261904761904762,-0.02814285714285715,0.3980913049475333,-0.523809523809524,0.7142857142857144,0.592,500
0Xh7y2n8S5c,audienceWatchRatio,amplitude_change,8,0.28571428571428575,-0.005571428571428551,0.37632851897645414,-0.4761904761904762,0.6666666666666669,0.604,500
0Xh7y2n8S5c,relativeRetentionPerformance,reward,9,0.6833333333333333,-0.007099999999999976,0.6435225378078585,-0.8833333333333333,1.0,0.398,500
0Xh7y2n8S5c,relativeRetentionPerformance,aversion,9,0.7666666666666667,0.060766666666666684,0.5602689542631388,-0.7,0.6833333333333333,0.0,500
0Xh7y2n8S5c,relativeRetentionPerformance,social_value,9,0.75,0.003299999999999967,0.6353194288440002,-0.8666666666666667,0.9333333333333332,0.262,500
0Xh7y2n8S5c,relativeRetentionPerformance,engagement,9,-0.15,0.039200000000000006,0.5314487787590112,-0.9,0.8166666666666667,0.744,500
0Xh7y2n8S5c,relativeRetentionPerformance,visual_processing,9,-0.33333333333333337,0.030333333333333334,0.48057592763498075,-0.8166666666666667,0.7,0.49,500
0Xh7y2n8S5c,relativeRetentionPerformance,auditory_processing,9,0.18333333333333335,-0.025799999999999997,0.487371548889209,-0.7166666666666667,0.8333333333333333,0.756,500
0Xh7y2n8S5c,relativeRetentionPerformance,pattern_change,8,0.4285714285714286,0.002333333333333346,0.34963245683901184,-0.5714285714285715,0.4047619047619048,0.26,500
0Xh7y2n8S5c,relativeRetentionPerformance,amplitude_change,8,-0.09523809523809526,0.014857142857142859,0.3665635476518638,-0.4761904761904762,0.5000000000000001,0.852,500
0Xh7y2n8S5c,exit_intensity,reward,9,-0.5333333333333333,0.03283333333333333,0.44914149589336916,-0.7,0.8833333333333333,0.208,500
0Xh7y2n8S5c,exit_intensity,aversion,9,-0.5166666666666667,-0.027133333333333332,0.39774839059664624,-0.5833333333333334,0.7666666666666667,0.222,500
0Xh7y2n8S5c,exit_intensity,social_value,9,-0.5833333333333334,0.03703333333333335,0.4616265674522836,-0.65,0.8666666666666667,0.23,500
0Xh7y2n8S5c,exit_intensity,engagement,9,-0.3666666666666667,-0.05903333333333332,0.48408683679228004,-0.6666666666666667,0.7333333333333334,0.692,500
0Xh7y2n8S5c,exit_intensity,visual_processing,9,-0.16666666666666669,-0.002666666666666682,0.46851965451479904,-0.7166666666666667,0.7999999999999999,0.868,500
0Xh7y2n8S5c,exit_intensity,auditory_processing,9,-0.41666666666666663,0.011066666666666674,0.5076358887584246,-0.7999999999999999,0.7,0.608,500
0Xh7y2n8S5c,exit_intensity,pattern_change,8,0.8095238095238096,-0.051809523809523826,0.4450668272581362,-0.6428571428571429,0.5714285714285715,0.0,500
0Xh7y2n8S5c,exit_intensity,amplitude_change,8,0.6904761904761906,-0.03885714285714286,0.5462615555526766,-0.8571428571428572,0.6904761904761906,0.266,500
0u0asduBwVU,audienceWatchRatio,reward,10,0.38181818181818183,0.013866666666666668,0.43721151027840804,-0.6121212121212121,0.6969696969696969,0.592,500
0u0asduBwVU,audienceWatchRatio,aversion,10,0.8666666666666665,-0.02181818181818182,0.43303138452268614,-0.5636363636363636,0.709090909090909,0.0,500
0u0asduBwVU,audienceWatchRatio,social_value,10,0.8303030303030302,-0.03352727272727273,0.4661779800973444,-0.7696969696969697,0.5515151515151515,0.0,500
0u0asduBwVU,audienceWatchRatio,engagement,10,-0.4666666666666666,0.01910303030303029,0.5340769229546344,-0.7818181818181817,0.8060606060606059,0.488,500
0u0asduBwVU,audienceWatchRatio,visual_processing,10,-0.7212121212121211,0.023248484848484817,0.43817859523522373,-0.8181818181818182,0.6121212121212121,0.12,500
0u0asduBwVU,audienceWatchRatio,auditory_processing,10,-0.6363636363636362,-0.04089696969696969,0.4178064409212697,-0.6727272727272726,0.5151515151515151,0.108,500
0u0asduBwVU,audienceWatchRatio,pattern_change,9,0.9166666666666666,-0.10316666666666666,0.42878960782390446,-0.7999999999999999,0.45,0.0,500
0u0asduBwVU,audienceWatchRatio,amplitude_change,9,0.5499999999999999,0.00036666666666666537,0.44648053211260574,-0.7833333333333333,0.6833333333333333,0.25,500
0u0asduBwVU,relativeRetentionPerformance,reward,10,0.2727272727272727,-0.04586666666666664,0.4298201890260606,-0.6727272727272726,0.38181818181818183,0.874,500
0u0asduBwVU,relativeRetentionPerformance,aversion,10,0.2121212121212121,-0.02140606060606061,0.31476602157463673,-0.41818181818181815,0.4787878787878787,0.548,500
0u0asduBwVU,relativeRetentionPerformance,social_value,10,0.1515151515151515,-0.030739393939393928,0.31188109716607276,-0.5393939393939393,0.3939393939393939,0.874,500
0u0asduBwVU,relativeRetentionPerformance,engagement,10,0.5515151515151515,-0.06484848484848485,0.41774126992079835,-0.6606060606060605,0.6,0.23,500
0u0asduBwVU,relativeRetentionPerformance,visual_processing,10,0.18787878787878787,0.027515151515151513,0.4009841153832846,-0.6484848484848483,0.6484848484848483,0.65,500
0u0asduBwVU,relativeRetentionPerformance,auditory_processing,10,-0.33333333333333326,-0.013430303030303016,0.510145852998431,-0.6484848484848483,0.7818181818181817,0.67,500
0u0asduBwVU,relativeRetentionPerformance,pattern_change,9,-0.3,0.09003333333333333,0.5564711223414922,-0.7166666666666667,0.9500000000000001,0.64,500
0u0asduBwVU,relativeRetentionPerformance,amplitude_change,9,0.11666666666666665,0.0211,0.5375684049495468,-0.8166666666666667,0.8333333333333333,0.888,500
0u0asduBwVU,exit_intensity,reward,10,0.5151515151515151,-0.025454545454545476,0.35362127671590854,-0.3939393939393939,0.6242424242424242,0.13,500
0u0asduBwVU,exit_intensity,aversion,10,0.32121212121212117,-0.011200000000000007,0.355551377753233,-0.5878787878787878,0.5393939393939393,0.46,500
0u0asduBwVU,exit_intensity,social_value,10,0.4787878787878787,-0.03888484848484849,0.3663925318328965,-0.5878787878787878,0.5030303030303029,0.446,500
0u0asduBwVU,exit_intensity,engagement,10,0.28484848484848485,-0.00016969696969697744,0.3959059175324234,-0.4666666666666666,0.8424242424242423,0.534,500
0u0asduBwVU,exit_intensity,visual_processing,10,0.19999999999999998,-0.046424242424242416,0.37853307308563017,-0.49090909090909085,0.7818181818181817,0.698,500
0u0asduBwVU,exit_intensity,auditory_processing,10,0.09090909090909088,-0.056315151515151506,0.3415930236296844,-0.5393939393939393,0.5636363636363636,0.886,500
0u0asduBwVU,exit_intensity,pattern_change,9,0.5666666666666667,-0.0019666666666666717,0.2981237979244342,-0.6833333333333333,0.2833333333333333,0.102,500
0u0asduBwVU,exit_intensity,amplitude_change,9,0.5499999999999999,-0.021933333333333343,0.3401046178914822,-0.48333333333333334,0.5,0.0,500
22jxeSLOhq0,audienceWatchRatio,reward,26,-0.14529914529914528,0.003939829059829068,0.40923967993269184,-0.6314529914529914,0.7169230769230769,0.804,500
22jxeSLOhq0,audienceWatchRatio,aversion,26,0.2027350427350427,-0.017617777777777767,0.371899973587544,-0.5466666666666666,0.5541880341880342,0.668,500
22jxeSLOhq0,audienceWatchRatio,social_value,26,0.1658119658119658,0.0014687179487179484,0.3523081604867149,-0.617094017094017,0.5644444444444444,0.704,500
22jxeSLOhq0,audienceWatchRatio,engagement,26,0.043418803418803414,0.008429401709401712,0.29374192682526,-0.42605128205128184,0.4905982905982905,0.794,500
22jxeSLOhq0,audienceWatchRatio,visual_processing,26,-0.27247863247863247,-0.006829401709401697,0.31653434432505534,-0.5555555555555555,0.5316239316239316,0.48,500
22jxeSLOhq0,audienceWatchRatio,auditory_processing,26,-0.0605128205128205,-0.011781196581196583,0.44261090671681996,-0.530940170940171,0.8147008547008547,0.93,500
22jxeSLOhq0,audienceWatchRatio,pattern_change,25,0.2953846153846154,-0.013572307692307694,0.2704659416636409,-0.4823076923076923,0.4876923076923077,0.34,500
22jxeSLOhq0,audienceWatchRatio,amplitude_change,25,0.23307692307692307,-0.005556923076923077,0.27494664982663014,-0.5,0.34384615384615386,0.576,500
22jxeSLOhq0,relativeRetentionPerformance,reward,26,-0.1234188034188034,-0.008095726495726489,0.3448038505137324,-0.6574358974358974,0.8632478632478632,0.612,500
22jxeSLOhq0,relativeRetentionPerformance,aversion,26,-0.10905982905982906,0.012019145299145302,0.42180721410621136,-0.6464957264957265,0.8639316239316238,0.764,500
22jxeSLOhq0,relativeRetentionPerformance,social_value,26,0.008547008547008546,0.04298119658119657,0.38837950305451263,-0.6088888888888888,0.8071794871794871,1.0,500
22jxeSLOhq0,relativeRetentionPerformance,engagement,26,0.427008547008547,0.0033887179487179465,0.3665526145821886,-0.6895726495726495,0.6601709401709401,0.28,500
22jxeSLOhq0,relativeRetentionPerformance,visual_processing,26,0.28068376068376066,-0.01769572649572649,0.3660294467188306,-0.777094017094017,0.6526495726495727,0.408,500
22jxeSLOhq0,relativeRetentionPerformance,auditory_processing,26,-0.5658119658119657,0.01341538461538461,0.35258703836714705,-0.6027350427350426,0.6164102564102564,0.118,500
22jxeSLOhq0,relativeRetentionPerformance,pattern_change,25,-0.14307692307692307,-0.002164615384615384,0.24162508907604344,-0.4015384615384615,0.3661538461538461,0.72,500
22jxeSLOhq0,relativeRetentionPerformance,amplitude_change,25,-0.07923076923076922,0.01413692307692308,0.24477420475050593,-0.3623076923076923,0.39307692307692305,0.794,500
22jxeSLOhq0,exit_intensity,reward,26,-0.25606837606837607,-0.027204102564102557,0.25336145934643167,-0.47076923076923066,0.5158974358974359,0.316,500
22jxeSLOhq0,exit_intensity,aversion,26,-0.13162393162393163,0.030209914529914526,0.21704209985683356,-0.41743589743589743,0.40786324786324785,0.736,500
22jxeSLOhq0,exit_intensity,social_value,26,-0.2663247863247863,0.00515282051282051,0.204130971642174,-0.39829059829059826,0.3941880341880341,0.254,500
22jxeSLOhq0,exit_intensity,engagement,26,-0.2752136752136752,0.03448752136752137,0.20308376765466168,-0.3367521367521367,0.5111111111111111,0.196,500
22jxeSLOhq0,exit_intensity,visual_processing,26,-0.401025641025641,0.003093333333333332,0.1862370102024383,-0.3558974358974359,0.39829059829059826,0.0,500
22jxeSLOhq0,exit_intensity,auditory_processing,26,0.2875213675213675,-0.003262905982905983,0.2798342320661873,-0.4871794871794871,0.55008547008547,0.322,500
22jxeSLOhq0,exit_intensity,pattern_change,25,0.22846153846153847,-0.02560307692307692,0.3026365126408774,-0.5476923076923077,0.45230769230769236,0.514,500
22jxeSLOhq0,exit_intensity,amplitude_change,25,0.19076923076923075,0.009713846153846153,0.2920705289063265,-0.5900000000000001,0.6446153846153846,0.592,500
2TM1zFIs3qs,audienceWatchRatio,reward,11,0.6727272727272727,-0.05852727272727279,0.5655982100454453,-0.8000000000000002,0.9454545454545454,0.196,500
2TM1zFIs3qs,audienceWatchRatio,aversion,11,0.43636363636363645,-0.01927272727272727,0.5135233664925913,-0.7545454545454545,0.8272727272727273,0.482,500
2TM1zFIs3qs,audienceWatchRatio,social_value,11,0.790909090909091,-0.0500909090909091,0.5574512468027886,-0.7454545454545456,0.8454545454545455,0.096,500
2TM1zFIs3qs,audienceWatchRatio,engagement,11,0.4909090909090909,-0.08854545454545454,0.5358808613121587,-0.7363636363636363,0.7454545454545456,0.606,500
2TM1zFIs3qs,audienceWatchRatio,visual_processing,11,0.48181818181818187,0.0279090909090909,0.5840251537094009,-0.7727272727272727,0.7636363636363637,0.576,500
2TM1zFIs3qs,audienceWatchRatio,auditory_processing,11,0.6636363636363638,-0.04129090909090907,0.46571337228381904,-0.8545454545454546,0.5727272727272729,0.212,500
2TM1zFIs3qs,audienceWatchRatio,pattern_change,10,0.07878787878787878,0.10698181818181816,0.45581297600102283,-0.41818181818181815,0.7212121212121211,1.0,500
2TM1zFIs3qs,audienceWatchRatio,amplitude_change,10,-0.1515151515151515,0.04276363636363635,0.4417517871715267,-0.6606060606060605,0.6363636363636362,0.774,500
2TM1zFIs3qs,relativeRetentionPerformance,reward,11,0.5272727272727273,-0.04154545454545454,0.49805083712773374,-0.7363636363636363,0.8454545454545455,0.362,500
2TM1zFIs3qs,relativeRetentionPerformance,aversion,11,0.13636363636363638,-0.04674545454545455,0.49175935087556166,-0.7181818181818183,0.790909090909091,0.894,500
2TM1zFIs3qs,relativeRetentionPerformance,social_value,11,0.5818181818181819,-0.004763636363636323,0.5438033662612111,-0.7727272727272727,0.8363636363636365,0.392,500
2TM1zFIs3qs,relativeRetentionPerformance,engagement,11,0.15454545454545454,-0.034254545454545454,0.5121723444439608,-0.7727272727272727,0.7090909090909092,0.784,500
2TM1zFIs3qs,relativeRetentionPerformance,visual_processing,11,0.07272727272727274,0.010254545454545452,0.544227985770548,-0.6727272727272727,0.9,1.0,500
2TM1zFIs3qs,relativeRetentionPerformance,auditory_processing,11,0.6454545454545455,-0.010545454545454544,0.4668872127414582,-0.9363636363636365,0.5181818181818182,0.204,500
2TM1zFIs3qs,relativeRetentionPerformance,pattern_change,10,-0.04242424242424241,0.12416969696969696,0.4235468694650083,-0.6242424242424242,0.7212121212121211,0.902,500
2TM1zFIs3qs,relativeRetentionPerformance,amplitude_change,10,-0.17575757575757575,0.07304242424242423,0.4404971436385473,-0.5393939393939393,0.6484848484848483,0.898,500
2TM1zFIs3qs,exit_intensity,reward,11,-0.27272727272727276,0.006854545454545455,0.3967355931966414,-0.6090909090909091,0.6181818181818182,0.694,500
2TM1zFIs3qs,exit_intensity,aversion,11,0.23636363636363636,-0.05232727272727273,0.43934666596272476,-0.6818181818181819,0.5454545454545455,0.618,500
2TM1zFIs3qs,exit_intensity,social_value,11,-0.27272727272727276,-0.024400000000000012,0.37133399725942307,-0.48181818181818187,0.6636363636363638,0.486,500
2TM1zFIs3qs,exit_intensity,engagement,11,0.2545454545454546,0.003290909090909082,0.413789078302357,-0.6636363636363638,0.6818181818181819,0.682,500
2TM1zFIs3qs,exit_intensity,visual_processing,11,0.15454545454545454,0.02323636363636365,0.3905307750753988,-0.6363636363636364,0.6272727272727273,0.602,500
2TM1zFIs3qs,exit_intensity,auditory_processing,11,-0.3272727272727273,-0.08178181818181818,0.4115754837729954,-0.6454545454545455,0.790909090909091,0.588,500
2TM1zFIs3qs,exit_intensity,pattern_change,10,0.6484848484848483,-0.08038787878787877,0.3826132320800184,-0.7212121212121211,0.4787878787878787,0.098,500
2TM1zFIs3qs,exit_intensity,amplitude_change,10,0.7212121212121211,-0.06732121212121212,0.30773537198956136,-0.5515151515151515,0.43030303030303024,0.0,500
2cMn100tGRE,audienceWatchRatio,reward,10,0.8545454545454544,-0.0570181818181818,0.5701875880969653,-0.9393939393939393,0.9393939393939393,0.202,500
2cMn100tGRE,audienceWatchRatio,aversion,10,0.7454545454545454,-0.06482424242424241,0.5894610255191267,-0.9151515151515152,0.8909090909090909,0.226,500
2cMn100tGRE,audienceWatchRatio,social_value,10,0.7454545454545454,-0.022278787878787867,0.5676486394986793,-0.8909090909090909,0.8181818181818182,0.2,500
2cMn100tGRE,audienceWatchRatio,engagement,10,0.7575757575757575,-0.04293333333333335,0.5671199271028763,-0.8909090909090909,0.8303030303030302,0.232,500
2cMn100tGRE,audienceWatchRatio,visual_processing,10,0.7939393939393938,-0.049066666666666675,0.5296150960926083,-0.8787878787878788,0.6606060606060605,0.104,500
2cMn100tGRE,audienceWatchRatio,auditory_processing,10,0.6484848484848483,-0.07326060606060605,0.6366694865585943,-0.9515151515151514,0.9272727272727272,0.45,500
2cMn100tGRE,audienceWatchRatio,pattern_change,9,0.16666666666666669,-0.09836666666666664,0.36255589454133363,-0.8333333333333333,0.5,0.58,500
2cMn100tGRE,audienceWatchRatio,amplitude_change,9,0.35,-0.044,0.43870719164381156,-0.7,0.7999999999999999,0.378,500
2cMn100tGRE,relativeRetentionPerformance,reward,10,0.5272727272727272,-0.025454545454545424,0.5396017304903769,-0.8060606060606059,0.9151515151515152,0.414,500
2cMn100tGRE,relativeRetentionPerformance,aversion,10,0.5636363636363636,-0.03667878787878788,0.4739225485652349,-0.6484848484848483,0.9515151515151514,0.282,500
2cMn100tGRE,relativeRetentionPerformance,social_value,10,0.6363636363636362,-0.06943030303030301,0.5226410315858804,-0.7575757575757575,0.8424242424242423,0.232,500
2cMn100tGRE,relativeRetentionPerformance,engagement,10,0.5515151515151515,-0.0491393939393939,0.5229180095051519,-0.709090909090909,0.8787878787878788,0.236,500
2cMn100tGRE,relativeRetentionPerformance,visual_processing,10,0.4666666666666666,-0.08063030303030301,0.5469604661019116,-0.8060606060606059,0.7212121212121211,0.67,500
2cMn100tGRE,relativeRetentionPerformance,auditory_processing,10,0.7575757575757575,-0.06981818181818182,0.5628280159817214,-0.6969696969696969,0.8545454545454544,0.114,500
2cMn100tGRE,relativeRetentionPerformance,pattern_change,9,-0.16666666666666669,0.010733333333333341,0.44568463688527066,-0.8166666666666667,0.6833333333333333,0.484,500
2cMn100tGRE,relativeRetentionPerformance,amplitude_change,9,-0.06666666666666667,-0.012200000000000008,0.5156959095349808,-0.7833333333333333,0.7166666666666667,1.0,500
2cMn100tGRE,exit_intensity,reward,10,-0.38181818181818183,0.018909090909090893,0.5082839780944421,-0.6242424242424242,0.8060606060606059,0.674,500
2cMn100tGRE,exit_intensity,aversion,10,-0.2606060606060606,-0.010206060606060609,0.40581503854544604,-0.4787878787878787,0.709090909090909,0.776,500
2cMn100tGRE,exit_intensity,social_value,10,-0.23636363636363633,0.014206060606060607,0.40693716623521187,-0.6242424242424242,0.5757575757575757,0.792,500
2cMn100tGRE,exit_intensity,engagement,10,-0.32121212121212117,0.013769696969696984,0.4578051207610518,-0.6484848484848483,0.6,0.774,500
2cMn100tGRE,exit_intensity,visual_processing,10,-0.41818181818181815,0.03304242424242425,0.47697900325910136,-0.7818181818181817,0.6121212121212121,0.47,500
2cMn100tGRE,exit_intensity,auditory_processing,10,0.2727272727272727,0.016678787878787887,0.6079940824225097,-0.8666666666666665,0.8060606060606059,0.916,500
2cMn100tGRE,exit_intensity,pattern_change,9,0.25,-0.010966666666666671,0.44638082769461923,-0.7333333333333334,0.7333333333333334,0.638,500
2cMn100tGRE,exit_intensity,amplitude_change,9,0.35,-0.04726666666666665,0.5083680600160129,-0.6333333333333333,0.75,0.596,500
2msVVPRpCis,audienceWatchRatio,reward,8,0.7619047619047621,0.030047619047619076,0.5132404258180348,-0.9047619047619048,0.5952380952380953,0.152,500
2msVVPRpCis,audienceWatchRatio,aversion,8,0.5714285714285715,0.011428571428571467,0.44490922409753975,-0.9047619047619048,0.523809523809524,0.136,500
2msVVPRpCis,audienceWatchRatio,social_value,8,0.7619047619047621,0.09109523809523812,0.47845871925563865,-0.9047619047619048,0.5714285714285715,0.136,500
2msVVPRpCis,audienceWatchRatio,engagement,8,0.4761904761904762,-0.008904761904761898,0.5218263996610558,-0.9761904761904763,0.6904761904761906,0.316,500
2msVVPRpCis,audienceWatchRatio,visual_processing,8,0.6190476190476191,-0.009238095238095222,0.47028809619640205,-0.9523809523809524,0.7142857142857144,0.268,500
2msVVPRpCis,audienceWatchRatio,auditory_processing,8,-0.5000000000000001,-0.013714285714285726,0.45208525674376887,-0.5952380952380953,0.8095238095238096,0.41,500
2msVVPRpCis,relativeRetentionPerformance,reward,8,0.3571428571428572,0.06052380952380952,0.5299661115251422,-0.8333333333333335,0.6428571428571429,0.712,500
2msVVPRpCis,relativeRetentionPerformance,aversion,8,0.07142857142857144,-0.030428571428571433,0.5195959947232335,-0.523809523809524,0.9285714285714287,0.85,500
2msVVPRpCis,relativeRetentionPerformance,social_value,8,0.3571428571428572,0.06828571428571431,0.45849908938403194,-0.5000000000000001,0.7619047619047621,0.584,500
2msVVPRpCis,relativeRetentionPerformance,engagement,8,-0.14285714285714288,-0.02252380952380952,0.5009781158517389,-0.7619047619047621,0.6904761904761906,1.0,500
2msVVPRpCis,relativeRetentionPerformance,visual_processing,8,0.261904761904762,0.0019523809523809596,0.4924988782979273,-0.7380952380952381,0.7142857142857144,0.72,500
2msVVPRpCis,relativeRetentionPerformance,auditory_processing,8,-0.7380952380952381,0.049619047619047625,0.4988472789439175,-0.7857142857142858,0.8095238095238096,0.292,500
2msVVPRpCis,exit_intensity,reward,8,0.3571428571428572,-0.047190476190476206,0.6086031346536133,-0.9761904761904763,0.6904761904761906,0.568,500
2msVVPRpCis,exit_intensity,aversion,8,0.6428571428571429,0.021952380952380935,0.5677140760178874,-0.8333333333333335,0.7380952380952381,0.456,500
2msVVPRpCis,exit_intensity,social_value,8,0.3571428571428572,0.006761904761904763,0.6053050354499317,-0.9523809523809524,0.7857142857142858,0.704,500
2msVVPRpCis,exit_intensity,engagement,8,0.7619047619047621,-0.024857142857142866,0.5705777713837782,-0.8333333333333335,0.7142857142857144,0.154,500
2msVVPRpCis,exit_intensity,visual_processing,8,0.4285714285714286,-0.029047619047619058,0.4980708816770995,-0.8095238095238096,0.6428571428571429,0.596,500
2msVVPRpCis,exit_intensity,auditory_processing,8,0.38095238095238104,-0.027714285714285723,0.6235755213596845,-0.880952380952381,0.9047619047619048,0.866,500
2wpUQ2BC8h4,audienceWatchRatio,reward,11,0.5636363636363637,-0.015563636363636378,0.5401475966027272,-0.7636363636363637,0.8636363636363636,0.362,500
2wpUQ2BC8h4,audienceWatchRatio,aversion,11,0.3090909090909091,-0.030890909090909125,0.5852740825763066,-0.881818181818182,0.8090909090909091,0.872,500
2wpUQ2BC8h4,audienceWatchRatio,social_value,11,0.8363636363636365,-0.10087272727272725,0.46691875379409226,-0.7363636363636363,0.8909090909090911,0.106,500
2wpUQ2BC8h4,audienceWatchRatio,engagement,11,0.38181818181818183,-0.011400000000000004,0.5345894759239046,-0.6090909090909091,0.790909090909091,0.816,500
2wpUQ2BC8h4,audienceWatchRatio,visual_processing,11,-0.3727272727272728,0.07619999999999999,0.4822577819636121,-0.6727272727272727,0.8090909090909091,0.692,500
2wpUQ2BC8h4,audienceWatchRatio,auditory_processing,11,-0.6000000000000001,0.007545454545454534,0.5647140064589413,-0.7454545454545456,0.8545454545454546,0.402,500
2wpUQ2BC8h4,audienceWatchRatio,pattern_change,10,0.22424242424242422,-0.0308121212121212,0.47027245073967655,-0.709090909090909,0.7212121212121211,0.784,500
2wpUQ2BC8h4,audienceWatchRatio,amplitude_change,10,0.09090909090909088,-0.05939393939393939,0.501996162260015,-0.9151515151515152,0.6606060606060605,1.0,500
2wpUQ2BC8h4,relativeRetentionPerformance,reward,11,0.4090909090909091,-0.045727272727272734,0.5642393475488164,-0.8727272727272729,0.7818181818181819,0.624,500
2wpUQ2BC8h4,relativeRetentionPerformance,aversion,11,0.18181818181818182,-0.0349818181818182,0.5808105547386926,-0.9636363636363637,0.7000000000000001,1.0,500
2wpUQ2BC8h4,relativeRetentionPerformance,social_value,11,0.7818181818181819,-0.08629090909090911,0.48613724008591147,-0.6454545454545455,0.8636363636363636,0.106,500
2wpUQ2BC8h4,relativeRetentionPerformance,engagement,11,0.3090909090909091,0.029581818181818185,0.5543842898445502,-0.7181818181818183,0.8454545454545455,0.732,500
2wpUQ2BC8h4,relativeRetentionPerformance,visual_processing,11,-0.4272727272727273,0.07330909090909092,0.46438655029961146,-0.7545454545454545,0.8727272727272729,0.39,500
2wpUQ2BC8h4,relativeRetentionPerformance,auditory_processing,11,-0.6090909090909091,-0.01423636363636361,0.5275091667371626,-0.7545454545454545,0.9272727272727275,0.288,500
2wpUQ2BC8h4,relativeRetentionPerformance,pattern_change,10,0.1515151515151515,-0.03192727272727273,0.5018369260150283,-0.6848484848484848,0.6363636363636362,1.0,500
2wpUQ2BC8h4,relativeRetentionPerformance,amplitude_change,10,0.2121212121212121,-0.05437575757575758,0.4783899848772483,-0.7939393939393938,0.6363636363636362,0.656,500
2wpUQ2BC8h4,exit_intensity,reward,11,-0.4727272727272727,0.04947272727272729,0.4273170804832488,-0.7181818181818183,0.6454545454545455,0.282,500
2wpUQ2BC8h4,exit_intensity,aversion,11,-0.4727272727272727,0.07469090909090909,0.41120035373171915,-0.5818181818181819,0.7727272727272727,0.282,500
2wpUQ2BC8h4,exit_intensity,social_value,11,-0.690909090909091,0.09987272727272731,0.40158012322810605,-0.7636363636363637,0.6000000000000001,0.12,500
2wpUQ2BC8h4,exit_intensity,engagement,11,-0.5090909090909091,0.033163636363636374,0.4487127682936514,-0.7363636363636363,0.5818181818181819,0.3,500
2wpUQ2BC8h4,exit_intensity,visual_processing,11,0.09090909090909091,-0.03138181818181817,0.408238272670174,-0.7181818181818183,0.6636363636363638,0.722,500
2wpUQ2BC8h4,exit_intensity,auditory_processing,11,0.48181818181818187,-0.05509090909090911,0.47154015279982187,-0.6272727272727273,0.7727272727272727,0.418,500
2wpUQ2BC8h4,exit_intensity,pattern_change,10,0.35757575757575755,0.06046060606060607,0.5026621297410909,-0.7575757575757575,0.8181818181818182,0.518,500
2wpUQ2BC8h4,exit_intensity,amplitude_change,10,-0.09090909090909088,0.038400000000000024,0.4201999219838834,-0.5030303030303029,0.8181818181818182,0.804,500
3mwmZmTKuiY,audienceWatchRatio,reward,8,0.0,0.006952380952380943,0.6207224303993751,-0.6428571428571429,0.8571428571428572,1.0,500
3mwmZmTKuiY,audienceWatchRatio,aversion,8,0.5000000000000001,0.05042857142857143,0.5612668271394324,-0.6428571428571429,0.9047619047619048,0.532,500
3mwmZmTKuiY,audienceWatchRatio,social_value,8,0.5476190476190477,0.051142857142857136,0.553880403276544,-0.5714285714285715,0.9285714285714287,0.424,500
3mwmZmTKuiY,audienceWatchRatio,engagement,8,0.5000000000000001,0.10433333333333332,0.5969860411545093,-0.5952380952380953,1.0,0.572,500
3mwmZmTKuiY,audienceWatchRatio,visual_processing,8,0.3571428571428572,0.02366666666666668,0.5822691770631717,-0.7142857142857144,0.9761904761904763,0.6,500
3mwmZmTKuiY,audienceWatchRatio,auditory_processing,8,0.5476190476190477,-0.17414285714285715,0.5114690305003792,-0.8333333333333335,0.7857142857142858,0.448,500
3mwmZmTKuiY,relativeRetentionPerformance,reward,8,0.6190476190476191,-0.0021428571428571247,0.6250759137570282,-0.8571428571428572,0.7619047619047621,0.604,500
3mwmZmTKuiY,relativeRetentionPerformance,aversion,8,0.8571428571428572,-0.037476190476190496,0.6113461059207704,-0.9285714285714287,0.7380952380952381,0.138,500
3mwmZmTKuiY,relativeRetentionPerformance,social_value,8,0.9285714285714287,0.03928571428571432,0.6074310707141465,-0.9047619047619048,0.7619047619047621,0.0,500
3mwmZmTKuiY,relativeRetentionPerformance,engagement,8,0.7380952380952381,-0.02976190476190472,0.5729441706446947,-0.880952380952381,0.7619047619047621,0.306,500
3mwmZmTKuiY,relativeRetentionPerformance,visual_processing,8,0.7619047619047621,-0.09223809523809526,0.5541423701901068,-0.9285714285714287,0.7619047619047621,0.286,500
3mwmZmTKuiY,relativeRetentionPerformance,auditory_processing,8,0.880952380952381,-0.17090476190476192,0.5484188341833957,-0.9523809523809524,0.8571428571428572,0.126,500
3mwmZmTKuiY,exit_intensity,reward,8,-0.2380952380952381,-0.04295238095238092,0.4944852244387174,-0.6428571428571429,0.7142857142857144,0.852,500
3mwmZmTKuiY,exit_intensity,aversion,8,0.1666666666666667,-0.07352380952380955,0.5431203706007088,-0.8333333333333335,0.8095238095238096,0.862,500
3mwmZmTKuiY,exit_intensity,social_value,8,0.09523809523809526,0.02528571428571429,0.5283473119891572,-0.8333333333333335,0.8095238095238096,1.0,500
3mwmZmTKuiY,exit_intensity,engagement,8,0.38095238095238104,0.033428571428571446,0.4729105997692901,-0.8095238095238096,0.7142857142857144,0.538,500
3mwmZmTKuiY,exit_intensity,visual_processing,8,0.4285714285714286,0.028428571428571452,0.5672407875947489,-0.880952380952381,0.8095238095238096,0.61,500
3mwmZmTKuiY,exit_intensity,auditory_processing,8,0.11904761904761905,0.0698095238095238,0.6416511509741764,-0.9285714285714287,0.9047619047619048,0.71,500
42unL_dpkZs,audienceWatchRatio,reward,11,0.5454545454545455,-0.0015454545454545512,0.4687134757120277,-0.7636363636363637,0.7727272727272727,0.29,500
42unL_dpkZs,audienceWatchRatio,aversion,11,0.7181818181818183,0.011381818181818198,0.4976922358776482,-0.6818181818181819,0.9272727272727275,0.144,500
42unL_dpkZs,audienceWatchRatio,social_value,11,0.7000000000000001,0.015254545454545448,0.41292489421741435,-0.6636363636363638,0.8272727272727273,0.108,500
42unL_dpkZs,audienceWatchRatio,engagement,11,0.6636363636363638,-0.010836363636363628,0.3962359193733614,-0.6545454545454547,0.8363636363636365,0.114,500
42unL_dpkZs,audienceWatchRatio,visual_processing,11,0.7818181818181819,-0.018836363636363616,0.47187255037949916,-0.6727272727272727,0.9181818181818183,0.1,500
42unL_dpkZs,audienceWatchRatio,auditory_processing,11,0.33636363636363636,-0.037309090909090944,0.5543144961672544,-0.7636363636363637,0.7727272727272727,0.708,500
42unL_dpkZs,audienceWatchRatio,pattern_change,10,0.9393939393939393,-0.04773333333333335,0.40395585790176336,-0.8181818181818182,0.5030303030303029,0.0,500
42unL_dpkZs,audienceWatchRatio,amplitude_change,10,0.6606060606060605,-0.09015757575757573,0.4412690865656622,-0.8060606060606059,0.6363636363636362,0.12,500
42unL_dpkZs,relativeRetentionPerformance,reward,11,0.690909090909091,-0.060927272727272726,0.5082019182884556,-0.8454545454545455,0.790909090909091,0.308,500
42unL_dpkZs,relativeRetentionPerformance,aversion,11,0.9454545454545454,-0.012963636363636335,0.42972954439078787,-0.8090909090909091,0.8000000000000002,0.0,500
42unL_dpkZs,relativeRetentionPerformance,social_value,11,0.8727272727272729,-0.001600000000000004,0.4568480789854843,-0.7000000000000001,0.7818181818181819,0.0,500
42unL_dpkZs,relativeRetentionPerformance,engagement,11,0.9181818181818183,0.0035818181818181765,0.3774812965647416,-0.43636363636363645,0.7181818181818183,0.0,500
42unL_dpkZs,relativeRetentionPerformance,visual_processing,11,0.8727272727272729,-0.03369090909090912,0.435025558667781,-0.8000000000000002,0.6181818181818182,0.0,500
42unL_dpkZs,relativeRetentionPerformance,auditory_processing,11,0.018181818181818184,-0.014799999999999989,0.489953751907529,-0.7363636363636363,0.6000000000000001,1.0,500
42unL_dpkZs,relativeRetentionPerformance,pattern_change,10,0.6727272727272726,-0.04181818181818179,0.4899644484020121,-0.7939393939393938,0.6848484848484848,0.308,500
42unL_dpkZs,relativeRetentionPerformance,amplitude_change,10,0.6969696969696969,-0.08046060606060607,0.47463777978774135,-0.7333333333333332,0.6969696969696969,0.228,500
42unL_dpkZs,exit_intensity,reward,11,0.009090909090909092,0.030709090909090905,0.33635763090462006,-0.5,0.4909090909090909,1.0,500
42unL_dpkZs,exit_intensity,aversion,11,0.08181818181818183,0.019109090909090916,0.35852263388559513,-0.4090909090909091,0.5909090909090909,0.892,500
42unL_dpkZs,exit_intensity,social_value,11,0.15454545454545454,-0.06901818181818183,0.3199154764404431,-0.4272727272727273,0.5454545454545455,0.71,500
42unL_dpkZs,exit_intensity,engagement,11,0.29090909090909095,-0.04020000000000001,0.3624840738593254,-0.5545454545454546,0.6727272727272727,0.628,500
42unL_dpkZs,exit_intensity,visual_processing,11,-0.3272727272727273,0.0020727272727272938,0.43374479452422193,-0.5,0.6545454545454547,0.624,500
42unL_dpkZs,exit_intensity,auditory_processing,11,-0.690909090909091,0.04232727272727271,0.44141860569593744,-0.5636363636363637,0.8272727272727273,0.096,500
42unL_dpkZs,exit_intensity,pattern_change,10,0.9030303030303028,-0.10574545454545452,0.4939149016422557,-0.7575757575757575,0.7333333333333332,0.0,500
42unL_dpkZs,exit_intensity,amplitude_change,10,0.8060606060606059,-0.06683636363636365,0.4796230236847318,-0.6242424242424242,0.8060606060606059,0.1,500
4qh8AAzFeuk,audienceWatchRatio,reward,8,0.6904761904761906,-0.03785714285714283,0.6166482346942006,-0.8571428571428572,0.7857142857142858,0.548,500
4qh8AAzFeuk,audienceWatchRatio,aversion,8,0.7619047619047621,-0.07457142857142855,0.5926929281082055,-0.7380952380952381,0.6904761904761906,0.0,500
4qh8AAzFeuk,audienceWatchRatio,social_value,8,0.6190476190476191,-0.07476190476190477,0.5236971740984767,-0.7142857142857144,0.7142857142857144,0.434,500
4qh8AAzFeuk,audienceWatchRatio,engagement,8,0.7142857142857144,-0.024238095238095204,0.6358461054699241,-0.8571428571428572,0.8095238095238096,0.428,500
4qh8AAzFeuk,audienceWatchRatio,visual_processing,8,-0.09523809523809526,0.07795238095238097,0.6211935899463841,-0.880952380952381,0.7857142857142858,1.0,500
4qh8AAzFeuk,audienceWatchRatio,auditory_processing,8,-0.9047619047619048,0.2605714285714287,0.3219844082928139,-0.2142857142857143,0.8095238095238096,0.0,500
4qh8AAzFeuk,relativeRetentionPerformance,reward,8,0.09523809523809526,0.023285714285714274,0.5613887440940234,-0.5476190476190477,0.8333333333333335,1.0,500
4qh8AAzFeuk,relativeRetentionPerformance,aversion,8,0.2142857142857143,-0.058571428571428594,0.5853620698631464,-0.8571428571428572,0.7857142857142858,0.846,500
4qh8AAzFeuk,relativeRetentionPerformance,social_value,8,0.0,0.03566666666666666,0.7014554014847337,-0.9761904761904763,0.9523809523809524,1.0,500
4qh8AAzFeuk,relativeRetentionPerformance,engagement,8,0.1666666666666667,-0.04476190476190477,0.561679535168193,-0.6190476190476191,0.7380952380952381,1.0,500
4qh8AAzFeuk,relativeRetentionPerformance,visual_processing,8,0.7142857142857144,-0.09542857142857143,0.5944661356162838,-0.880952380952381,0.7857142857142858,0.458,500
4qh8AAzFeuk,relativeRetentionPerformance,auditory_processing,8,0.2380952380952381,-0.0669047619047619,0.37685738053111156,-0.6428571428571429,0.5714285714285715,0.722,500
4qh8AAzFeuk,exit_intensity,reward,8,-0.6428571428571429,-0.044380952380952396,0.3390910084595884,-0.38095238095238104,0.7142857142857144,0.146,500
4qh8AAzFeuk,exit_intensity,aversion,8,-0.7380952380952381,0.10885714285714289,0.39034900367645603,-0.261904761904762,0.7142857142857144,0.0,500
4qh8AAzFeuk,exit_intensity,social_value,8,-0.5952380952380953,0.0822857142857143,0.42038751154612763,-0.4285714285714286,0.6428571428571429,0.282,500
4qh8AAzFeuk,exit_intensity,engagement,8,-0.7142857142857144,0.05180952380952382,0.356584503219795,-0.38095238095238104,0.8095238095238096,0.142,500
4qh8AAzFeuk,exit_intensity,visual_processing,8,-0.7857142857142858,0.07599999999999997,0.4201063033595771,-0.523809523809524,0.5476190476190477,0.0,500
4qh8AAzFeuk,exit_intensity,auditory_processing,8,0.07142857142857144,-0.03257142857142859,0.5140941971442733,-0.6190476190476191,0.9047619047619048,0.862,500
4vmth5Lxug8,audienceWatchRatio,reward,9,-0.016666666666666666,0.031900000000000005,0.23571322265272546,-0.35,0.41666666666666663,1.0,500
4vmth5Lxug8,audienceWatchRatio,aversion,9,0.33333333333333337,0.07036666666666666,0.2895248578850067,-0.35,0.5333333333333333,0.24,500
4vmth5Lxug8,audienceWatchRatio,social_value,9,0.41666666666666663,0.026833333333333327,0.3391238302187303,-0.5833333333333334,0.5333333333333333,0.262,500
4vmth5Lxug8,audienceWatchRatio,engagement,9,-0.06666666666666667,-0.03806666666666665,0.47572031465744424,-0.6333333333333333,0.7833333333333333,0.718,500
4vmth5Lxug8,audienceWatchRatio,visual_processing,9,0.016666666666666666,0.04246666666666667,0.5299496034739739,-0.6333333333333333,0.8166666666666667,1.0,500
4vmth5Lxug8,audienceWatchRatio,auditory_processing,9,0.2833333333333333,0.08936666666666666,0.5920179605008242,-0.7999999999999999,0.7166666666666667,0.748,500
4vmth5Lxug8,audienceWatchRatio,pattern_change,8,0.38095238095238104,-0.026095238095238102,0.5195141983310695,-0.5714285714285715,0.880952380952381,0.72,500
4vmth5Lxug8,audienceWatchRatio,amplitude_change,8,-0.4285714285714286,0.06109523809523811,0.28532676497621356,-0.5000000000000001,0.38095238095238104,0.14,500
4vmth5Lxug8,relativeRetentionPerformance,reward,9,0.41666666666666663,0.005066666666666677,0.28852093319010474,-0.31666666666666665,0.43333333333333335,0.116,500
4vmth5Lxug8,relativeRetentionPerformance,aversion,9,0.65,-0.005733333333333336,0.34780009584050814,-0.5499999999999999,0.5666666666666667,0.0,500
4vmth5Lxug8,relativeRetentionPerformance,social_value,9,0.7666666666666667,-0.024866666666666676,0.33245966171351776,-0.6666666666666667,0.48333333333333334,0.0,500
4vmth5Lxug8,relativeRetentionPerformance,engagement,9,0.38333333333333336,-0.09716666666666668,0.4488036875962585,-0.6666666666666667,0.7999999999999999,0.484,500
4vmth5Lxug8,relativeRetentionPerformance,visual_processing,9,0.39999999999999997,-0.06313333333333332,0.4948105855330457,-0.7,0.8833333333333333,0.48,500
4vmth5Lxug8,relativeRetentionPerformance,auditory_processing,9,0.41666666666666663,0.016133333333333316,0.5579981521275655,-0.6833333333333333,0.8499999999999999,0.646,500
4vmth5Lxug8,relativeRetentionPerformance,pattern_change,8,0.7142857142857144,-0.08199999999999998,0.48475562723973575,-0.6428571428571429,0.6666666666666669,0.0,500
4vmth5Lxug8,relativeRetentionPerformance,amplitude_change,8,0.7142857142857144,-0.09504761904761906,0.40163211243810754,-0.7619047619047621,0.38095238095238104,0.146,500
4vmth5Lxug8,exit_intensity,reward,9,-0.16666666666666669,-0.007566666666666681,0.3563159818039164,-0.5166666666666667,0.6,0.738,500
4vmth5Lxug8,exit_intensity,aversion,9,-0.2333333333333333,-0.0030333333333333315,0.40084663041007484,-0.65,0.75,0.426,500
4vmth5Lxug8,exit_intensity,social_value,9,-0.3666666666666667,-0.009866666666666664,0.34900872959473855,-0.35,0.7666666666666667,0.134,500
4vmth5Lxug8,exit_intensity,engagement,9,-0.6166666666666666,0.07956666666666666,0.41864693557539223,-0.5833333333333334,0.6166666666666666,0.124,500
4vmth5Lxug8,exit_intensity,visual_processing,9,-0.65,0.041366666666666684,0.42783618230449943,-0.6333333333333333,0.5833333333333334,0.0,500
4vmth5Lxug8,exit_intensity,auditory_processing,9,-0.41666666666666663,0.003433333333333362,0.5289012625770102,-0.8333333333333333,0.5833333333333334,0.742,500
4vmth5Lxug8,exit_intensity,pattern_change,8,0.04761904761904763,-0.023047619047619032,0.4166945405642537,-0.7380952380952381,0.523809523809524,1.0,500
4vmth5Lxug8,exit_intensity,amplitude_change,8,-0.14285714285714288,0.06209523809523808,0.5626298469430873,-0.9761904761904763,0.9047619047619048,0.72,500
5kuINI-_lPI,audienceWatchRatio,reward,8,0.7142857142857144,0.015380952380952407,0.6366101606153012,-0.880952380952381,0.8095238095238096,0.406,500
5kuINI-_lPI,audienceWatchRatio,aversion,8,0.5952380952380953,0.025714285714285735,0.48484609615985497,-0.7380952380952381,0.6666666666666669,0.424,500
5kuINI-_lPI,audienceWatchRatio,social_value,8,0.6428571428571429,0.07042857142857145,0.557992959504995,-0.7142857142857144,0.7857142857142858,0.444,500
5kuINI-_lPI,audienceWatchRatio,engagement,8,0.8571428571428572,-0.005095238095238093,0.6050618884782688,-0.7380952380952381,0.8095238095238096,0.0,500
5kuINI-_lPI,audienceWatchRatio,visual_processing,8,0.8571428571428572,-0.01814285714285715,0.6043612077125361,-0.6904761904761906,0.9285714285714287,0.144,500
5kuINI-_lPI,audienceWatchRatio,auditory_processing,8,-0.7142857142857144,0.07219047619047618,0.4999449947068441,-0.4047619047619048,0.8571428571428572,0.174,500
5kuINI-_lPI,relativeRetentionPerformance,reward,8,0.11904761904761905,0.03866666666666667,0.43312568546604446,-0.7142857142857144,0.5476190476190477,1.0,500
5kuINI-_lPI,relativeRetentionPerformance,aversion,8,-0.14285714285714288,-0.009095238095238118,0.48356906988709897,-0.7619047619047621,0.6428571428571429,1.0,500
5kuINI-_lPI,relativeRetentionPerformance,social_value,8,-0.04761904761904763,-0.008285714285714306,0.4736018305259716,-0.6666666666666669,0.6428571428571429,1.0,500
5kuINI-_lPI,relativeRetentionPerformance,engagement,8,0.28571428571428575,0.0007619047619047414,0.48469487795576444,-0.7619047619047621,0.6428571428571429,0.692,500
5kuINI-_lPI,relativeRetentionPerformance,visual_processing,8,0.4047619047619048,0.021476190476190465,0.5409429471846764,-0.8333333333333335,0.6190476190476191,0.542,500
5kuINI-_lPI,relativeRetentionPerformance,auditory_processing,8,-0.6666666666666669,0.06071428571428574,0.35915267820037683,-0.6190476190476191,0.4285714285714286,0.0,500
5kuINI-_lPI,exit_intensity,reward,8,0.2380952380952381,-0.032190476190476214,0.4163087551227296,-0.6666666666666669,0.4047619047619048,0.846,500
5kuINI-_lPI,exit_intensity,aversion,8,0.6428571428571429,-0.07652380952380954,0.48256225380585455,-0.6904761904761906,0.5714285714285715,0.18,500
5kuINI-_lPI,exit_intensity,social_value,8,0.5714285714285715,-0.03238095238095235,0.4903342374330932,-0.6428571428571429,0.6666666666666669,0.432,500
5kuINI-_lPI,exit_intensity,engagement,8,0.1666666666666667,-0.06395238095238095,0.5447353702328925,-0.7380952380952381,0.5714285714285715,1.0,500
5kuINI-_lPI,exit_intensity,visual_processing,8,-0.07142857142857144,-0.03228571428571429,0.560169467393169,-0.6666666666666669,0.8095238095238096,0.864,500
5kuINI-_lPI,exit_intensity,auditory_processing,8,0.4761904761904762,-0.14028571428571432,0.4326239195679233,-0.7380952380952381,0.5714285714285715,0.458,500
6DpT1njxEjQ,audienceWatchRatio,reward,11,0.7272727272727273,-0.10661818181818185,0.30153628894996876,-0.690909090909091,0.3090909090909091,0.0,500
6DpT1njxEjQ,audienceWatchRatio,aversion,11,0.9454545454545454,-0.09701818181818181,0.4294290285699285,-0.8181818181818182,0.48181818181818187,0.0,500
6DpT1njxEjQ,audienceWatchRatio,social_value,11,0.8909090909090911,-0.12707272727272728,0.4787840587112661,-0.690909090909091,0.6363636363636364,0.0,500
6DpT1njxEjQ,audienceWatchRatio,engagement,11,-0.3181818181818182,0.03103636363636365,0.43625743063599964,-0.6000000000000001,0.790909090909091,0.496,500
6DpT1njxEjQ,audienceWatchRatio,visual_processing,11,-0.20000000000000004,-0.03967272727272728,0.445564318941777,-0.7636363636363637,0.7818181818181819,0.812,500
6DpT1njxEjQ,audienceWatchRatio,auditory_processing,11,0.790909090909091,0.019036363636363636,0.4888303770436747,-0.7636363636363637,0.6818181818181819,0.0,500
6DpT1njxEjQ,audienceWatchRatio,pattern_change,10,0.5030303030303029,-0.0815030303030303,0.3043418463652933,-0.406060606060606,0.5515151515151515,0.108,500
6DpT1njxEjQ,audienceWatchRatio,amplitude_change,10,0.5151515151515151,0.04734545454545453,0.31551428165516476,-0.49090909090909085,0.5878787878787878,0.114,500
6DpT1njxEjQ,relativeRetentionPerformance,reward,11,0.3454545454545455,-0.10570909090909089,0.3224074748431102,-0.4727272727272727,0.6000000000000001,0.304,500
6DpT1njxEjQ,relativeRetentionPerformance,aversion,11,0.8545454545454546,-0.13965454545454548,0.47919206763671546,-0.8454545454545455,0.690909090909091,0.0,500
6DpT1njxEjQ,relativeRetentionPerformance,social_value,11,0.6545454545454547,-0.10921818181818184,0.3233693745497465,-0.6000000000000001,0.5090909090909091,0.0,500
6DpT1njxEjQ,relativeRetentionPerformance,engagement,11,0.13636363636363638,-0.018909090909090914,0.4304110662499435,-0.5909090909090909,0.7181818181818183,0.782,500
6DpT1njxEjQ,relativeRetentionPerformance,visual_processing,11,0.2545454545454546,-0.010399999999999986,0.4946563431830625,-0.7636363636363637,0.7454545454545456,0.69,500
6DpT1njxEjQ,relativeRetentionPerformance,auditory_processing,11,0.6272727272727273,-0.02636363636363635,0.3364174404142509,-0.5181818181818182,0.5272727272727273,0.0,500
6DpT1njxEjQ,relativeRetentionPerformance,pattern_change,10,0.34545454545454546,-0.022327272727272706,0.37723834060158135,-0.8666666666666665,0.3939393939393939,0.442,500
6DpT1njxEjQ,relativeRetentionPerformance,amplitude_change,10,0.19999999999999998,0.029478787878787886,0.40329722325434475,-0.8424242424242423,0.5636363636363636,0.596,500
6DpT1njxEjQ,exit_intensity,reward,11,-0.8272727272727273,0.10587272727272727,0.2759417659250194,-0.3181818181818182,0.6090909090909091,0.0,500
6DpT1njxEjQ,exit_intensity,aversion,11,-0.8454545454545455,0.05720000000000002,0.37813622277587566,-0.39090909090909093,0.690909090909091,0.0,500
6DpT1njxEjQ,exit_intensity,social_value,11,-0.9181818181818183,0.1332545454545455,0.46743727523700096,-0.7454545454545456,0.7454545454545456,0.0,500
6DpT1njxEjQ,exit_intensity,engagement,11,0.36363636363636365,0.0002727272727272769,0.4100454621035765,-0.6363636363636364,0.7000000000000001,0.396,500
6DpT1njxEjQ,exit_intensity,visual_processing,11,0.3272727272727273,-0.0005454545454545307,0.41731415916311365,-0.7363636363636363,0.6000000000000001,0.512,500
6DpT1njxEjQ,exit_intensity,auditory_processing,11,-0.7000000000000001,-0.028836363636363622,0.4840693905588672,-0.5909090909090909,0.8000000000000002,0.198,500
6DpT1njxEjQ,exit_intensity,pattern_change,10,0.309090909090909,-0.04991515151515151,0.3167623346282169,-0.6121212121212121,0.406060606060606,0.342,500
6DpT1njxEjQ,exit_intensity,amplitude_change,10,0.12727272727272726,-0.026690909090909085,0.3484559030930131,-0.5515151515151515,0.41818181818181815,1.0,500
7mdrxxlj5t4,audienceWatchRatio,reward,10,0.43030303030303024,-0.02458181818181817,0.47677662967111856,-0.5393939393939393,0.8909090909090909,0.552,500
7mdrxxlj5t4,audienceWatchRatio,aversion,10,0.4545454545454545,0.0022787878787878598,0.47439870109782734,-0.5151515151515151,0.8666666666666665,0.444,500
7mdrxxlj5t4,audienceWatchRatio,social_value,10,0.8545454545454544,-0.048848484848484815,0.5913041228137731,-0.7333333333333332,0.9393939393939393,0.114,500
7mdrxxlj5t4,audienceWatchRatio,engagement,10,-0.05454545454545454,-0.030618181818181812,0.5787440661189989,-0.8060606060606059,0.7696969696969697,1.0,500
7mdrxxlj5t4,audienceWatchRatio,visual_processing,10,-0.11515151515151514,0.06046060606060604,0.5023130126538222,-0.7696969696969697,0.6606060606060605,0.876,500
7mdrxxlj5t4,audienceWatchRatio,auditory_processing,10,-0.5272727272727272,0.030206060606060597,0.5029610665750959,-0.5878787878787878,0.7939393939393938,0.464,500
7mdrxxlj5t4,audienceWatchRatio,pattern_change,9,0.0,-0.04926666666666668,0.27565178516865557,-0.3666666666666667,0.26666666666666666,1.0,500
7mdrxxlj5t4,audienceWatchRatio,amplitude_change,9,-0.06666666666666667,-0.019533333333333326,0.42045822093943597,-0.7,0.6333333333333333,0.864,500
7mdrxxlj5t4,relativeRetentionPerformance,reward,10,0.709090909090909,-0.027321212121212128,0.4567695862790066,-0.7454545454545454,0.7333333333333332,0.222,500
7mdrxxlj5t4,relativeRetentionPerformance,aversion,10,0.7575757575757575,-0.034666666666666686,0.4560119212914978,-0.709090909090909,0.6727272727272726,0.0,500
7mdrxxlj5t4,relativeRetentionPerformance,social_value,10,0.9636363636363635,-0.03391515151515151,0.5217751991588908,-0.6484848484848483,0.7939393939393938,0.0,500
7mdrxxlj5t4,relativeRetentionPerformance,engagement,10,0.10303030303030303,0.009793939393939407,0.484607384902764,-0.7696969696969697,0.6606060606060605,0.898,500
7mdrxxlj5t4,relativeRetentionPerformance,visual_processing,10,0.18787878787878787,-0.01612121212121212,0.5061771014525394,-0.8909090909090909,0.7212121212121211,0.89,500
7mdrxxlj5t4,relativeRetentionPerformance,auditory_processing,10,-0.18787878787878787,-0.020363636363636365,0.44588000296397995,-0.5757575757575757,0.6727272727272726,0.766,500
7mdrxxlj5t4,relativeRetentionPerformance,pattern_change,9,-0.75,0.09163333333333334,0.20841864653197953,-0.25,0.39999999999999997,0.0,500
7mdrxxlj5t4,relativeRetentionPerformance,amplitude_change,9,-0.7,0.07476666666666666,0.3698910515273383,-0.3666666666666667,0.7166666666666667,0.142,500
7mdrxxlj5t4,exit_intensity,reward,10,-0.33333333333333326,0.03920000000000001,0.3659440400399647,-0.5878787878787878,0.5151515151515151,0.442,500
7mdrxxlj5t4,exit_intensity,aversion,10,-0.1515151515151515,-0.02666666666666665,0.3667843537654323,-0.6727272727272726,0.5757575757575757,0.664,500
7mdrxxlj5t4,exit_intensity,social_value,10,-0.3939393939393939,0.0054060606060605965,0.40861594587253186,-0.5636363636363636,0.8303030303030302,0.222,500
7mdrxxlj5t4,exit_intensity,engagement,10,-0.5515151515151515,0.07878787878787878,0.41234503725892724,-0.5757575757575757,0.4545454545454545,0.112,500
7mdrxxlj5t4,exit_intensity,visual_processing,10,-0.2121212121212121,0.0552969696969697,0.3776612882355991,-0.5636363636363636,0.5515151515151515,0.792,500
7mdrxxlj5t4,exit_intensity,auditory_processing,10,0.6969696969696969,-0.09233939393939396,0.4184020633891534,-0.8181818181818182,0.4787878787878787,0.122,500
7mdrxxlj5t4,exit_intensity,pattern_change,9,-0.5833333333333334,0.12346666666666667,0.28742416197823195,-0.65,0.5,0.092,500
7mdrxxlj5t4,exit_intensity,amplitude_change,9,-0.5833333333333334,0.0509,0.3951325670652263,-0.6833333333333333,0.65,0.228,500
8PZzqW9mwCM,audienceWatchRatio,reward,8,0.11904761904761905,0.12961904761904766,0.5345261236560365,-0.4761904761904762,0.7619047619047621,1.0,500
8PZzqW9mwCM,audienceWatchRatio,aversion,8,-0.2380952380952381,0.029904761904761906,0.5179162330819493,-0.6666666666666669,0.7619047619047621,1.0,500
8PZzqW9mwCM,audienceWatchRatio,social_value,8,-0.5714285714285715,-0.02257142857142859,0.48673637558716315,-0.6904761904761906,0.7380952380952381,0.396,500
8PZzqW9mwCM,audienceWatchRatio,engagement,8,-0.38095238095238104,0.11004761904761906,0.49226161167723187,-0.5476190476190477,0.8095238095238096,0.59,500
8PZzqW9mwCM,audienceWatchRatio,visual_processing,8,0.261904761904762,0.0019523809523809704,0.50001546234595,-0.6190476190476191,0.6904761904761906,0.872,500
8PZzqW9mwCM,audienceWatchRatio,auditory_processing,8,-0.14285714285714288,0.13652380952380955,0.5819503742547454,-0.8095238095238096,0.7857142857142858,1.0,500
8PZzqW9mwCM,relativeRetentionPerformance,reward,8,0.7619047619047621,0.0238095238095238,0.6404558325672332,-0.7619047619047621,1.0,0.272,500
8PZzqW9mwCM,relativeRetentionPerformance,aversion,8,0.7619047619047621,0.04442857142857145,0.6624903387820775,-0.9047619047619048,0.9761904761904763,0.292,500
8PZzqW9mwCM,relativeRetentionPerformance,social_value,8,0.8095238095238096,0.037190476190476184,0.6283793700091221,-0.9047619047619048,0.9047619047619048,0.274,500
8PZzqW9mwCM,relativeRetentionPerformance,engagement,8,0.6904761904761906,0.06761904761904759,0.6257559600530788,-0.7619047619047621,1.0,0.302,500
8PZzqW9mwCM,relativeRetentionPerformance,visual_processing,8,0.6904761904761906,0.01947619047619048,0.6361897971909694,-0.7857142857142858,0.7619047619047621,0.57,500
8PZzqW9mwCM,relativeRetentionPerformance,auditory_processing,8,1.0,-0.16642857142857145,0.5184519845824301,-0.7380952380952381,0.6190476190476191,0.0,500
8PZzqW9mwCM,exit_intensity,reward,8,0.4761904761904762,-0.03919047619047618,0.5834803915702214,-0.880952380952381,0.7619047619047621,0.57,500
8PZzqW9mwCM,exit_intensity,aversion,8,0.7857142857142858,0.028809523809523816,0.5751692543954467,-0.880952380952381,0.8333333333333335,0.298,500
8PZzqW9mwCM,exit_intensity,social_value,8,0.8095238095238096,0.025571428571428568,0.5609639642267567,-0.8333333333333335,0.7857142857142858,0.162,500
8PZzqW9mwCM,exit_intensity,engagement,8,0.8571428571428572,-0.031380952380952384,0.5688976072443482,-0.9523809523809524,0.7380952380952381,0.14,500
8PZzqW9mwCM,exit_intensity,visual_processing,8,0.261904761904762,-0.022047619047619035,0.5493247369877555,-0.9523809523809524,0.9285714285714287,0.57,500
8PZzqW9mwCM,exit_intensity,auditory_processing,8,0.5952380952380953,-0.10223809523809525,0.590715947868144,-0.9285714285714287,0.7619047619047621,0.314,500
8SQ4zsXn5dw,audienceWatchRatio,reward,10,0.28484848484848485,0.023103030303030295,0.5065983952843546,-0.8060606060606059,0.8545454545454544,0.674,500
8SQ4zsXn5dw,audienceWatchRatio,aversion,10,0.3696969696969697,0.02426666666666668,0.5096686470709794,-0.7818181818181817,0.709090909090909,0.588,500
8SQ4zsXn5dw,audienceWatchRatio,social_value,10,0.5636363636363636,0.017696969696969704,0.6013717285696634,-0.7818181818181817,0.9272727272727272,0.594,500
8SQ4zsXn5dw,audienceWatchRatio,engagement,10,0.4424242424242424,-0.018739393939393934,0.4871605304269599,-0.8545454545454544,0.7333333333333332,0.548,500
8SQ4zsXn5dw,audienceWatchRatio,visual_processing,10,0.6363636363636362,-0.053527272727272715,0.49137739638177397,-0.9030303030303028,0.5878787878787878,0.104,500
8SQ4zsXn5dw,audienceWatchRatio,auditory_processing,10,0.32121212121212117,0.0010424242424242535,0.48179624177224395,-0.6606060606060605,0.8909090909090909,0.578,500
8SQ4zsXn5dw,audienceWatchRatio,pattern_change,9,-0.31666666666666665,0.12416666666666666,0.5585505796255161,-0.6666666666666667,0.9666666666666667,0.742,500
8SQ4zsXn5dw,audienceWatchRatio,amplitude_change,9,-0.38333333333333336,0.09446666666666666,0.5817411069845034,-0.7333333333333334,0.9833333333333333,0.632,500
8SQ4zsXn5dw,relativeRetentionPerformance,reward,10,-0.6969696969696969,0.05633939393939393,0.4534425562799879,-0.7454545454545454,0.5878787878787878,0.132,500
8SQ4zsXn5dw,relativeRetentionPerformance,aversion,10,-0.35757575757575755,0.03185454545454543,0.4196180196610274,-0.5515151515151515,0.7575757575757575,0.322,500
8SQ4zsXn5dw,relativeRetentionPerformance,social_value,10,-0.5151515151515151,0.05178181818181818,0.5655228145478347,-0.8060606060606059,0.7696969696969697,0.542,500
8SQ4zsXn5dw,relativeRetentionPerformance,engagement,10,-0.4424242424242424,0.03359999999999999,0.4354296428635716,-0.5515151515151515,0.7939393939393938,0.418,500
8SQ4zsXn5dw,relativeRetentionPerformance,visual_processing,10,-0.09090909090909088,-0.056678787878787856,0.5027637152663562,-0.5878787878787878,0.8909090909090909,0.9,500
8SQ4zsXn5dw,relativeRetentionPerformance,auditory_processing,10,-0.4787878787878787,0.06392727272727274,0.46775927567674647,-0.709090909090909,0.8181818181818182,0.464,500
8SQ4zsXn5dw,relativeRetentionPerformance,pattern_change,9,-0.8833333333333333,0.1396,0.6311899309153219,-0.7666666666666667,0.9166666666666666,0.12,500
8SQ4zsXn5dw,relativeRetentionPerformance,amplitude_change,9,-0.8833333333333333,0.14429999999999998,0.6211765351152423,-0.7999999999999999,0.8333333333333333,0.0,500
8SQ4zsXn5dw,exit_intensity,reward,10,0.4424242424242424,-0.07966060606060604,0.43441024328093514,-0.9030303030303028,0.5878787878787878,0.216,500
8SQ4zsXn5dw,exit_intensity,aversion,10,-0.10303030303030303,-0.052024242424242424,0.3323981893053022,-0.7818181818181817,0.4545454545454545,0.672,500
8SQ4zsXn5dw,exit_intensity,social_value,10,0.16363636363636364,-0.05289696969696969,0.42007887737180705,-0.7818181818181817,0.4545454545454545,0.896,500
8SQ4zsXn5dw,exit_intensity,engagement,10,0.22424242424242422,-0.032072727272727294,0.4003100146662046,-0.9151515151515152,0.6242424242424242,0.436,500
8SQ4zsXn5dw,exit_intensity,visual_processing,10,-0.11515151515151514,0.061236363636363644,0.4111309485993909,-0.8666666666666665,0.6121212121212121,0.764,500
8SQ4zsXn5dw,exit_intensity,auditory_processing,10,0.16363636363636364,-0.04324848484848485,0.3743259876771916,-0.6606060606060605,0.5030303030303029,0.692,500
8SQ4zsXn5dw,exit_intensity,pattern_change,9,0.48333333333333334,-0.06539999999999999,0.6362298291934728,-0.8666666666666667,0.8166666666666667,0.552,500
8SQ4zsXn5dw,exit_intensity,amplitude_change,9,0.7,-0.12273333333333332,0.5791074319828556,-0.8666666666666667,0.8166666666666667,0.4,500
8p0nIbtA_yg,audienceWatchRatio,reward,8,0.9761904761904763,-0.10109523809523813,0.45613323778501935,-0.5952380952380953,0.7619047619047621,0.0,500
8p0nIbtA_yg,audienceWatchRatio,aversion,8,0.9285714285714287,-0.04752380952380952,0.45600054700209863,-0.4523809523809524,0.7857142857142858,0.0,500
8p0nIbtA_yg,audienceWatchRatio,social_value,8,0.9761904761904763,0.02752380952380953,0.5224200532312487,-0.5952380952380953,0.9285714285714287,0.0,500
8p0nIbtA_yg,audienceWatchRatio,engagement,8,0.9047619047619048,-0.10023809523809527,0.3244023809436435,-0.5476190476190477,0.4285714285714286,0.0,500
8p0nIbtA_yg,audienceWatchRatio,visual_processing,8,0.9285714285714287,-0.08428571428571431,0.4289498329451516,-0.5476190476190477,0.7380952380952381,0.0,500
8p0nIbtA_yg,audienceWatchRatio,auditory_processing,8,0.7380952380952381,-0.045238095238095244,0.48154018771121526,-0.7380952380952381,0.7619047619047621,0.282,500
8p0nIbtA_yg,relativeRetentionPerformance,reward,8,0.4523809523809524,-0.05314285714285716,0.46987850989267105,-0.9285714285714287,0.5000000000000001,0.284,500
8p0nIbtA_yg,relativeRetentionPerformance,aversion,8,0.4285714285714286,0.04042857142857144,0.5452759375514038,-0.9047619047619048,0.9047619047619048,0.448,500
8p0nIbtA_yg,relativeRetentionPerformance,social_value,8,0.4523809523809524,0.0029999999999999966,0.5243320575512848,-0.9761904761904763,0.6190476190476191,0.294,500
8p0nIbtA_yg,relativeRetentionPerformance,engagement,8,0.30952380952380953,0.05014285714285717,0.5404262427098854,-0.880952380952381,0.8333333333333335,0.582,500
8p0nIbtA_yg,relativeRetentionPerformance,visual_processing,8,0.4285714285714286,0.0681904761904762,0.5391085612530435,-0.880952380952381,0.880952380952381,0.442,500
8p0nIbtA_yg,relativeRetentionPerformance,auditory_processing,8,0.11904761904761905,0.020904761904761898,0.5453551111696961,-0.6904761904761906,0.6904761904761906,1.0,500
8p0nIbtA_yg,exit_intensity,reward,8,-0.09523809523809526,0.07085714285714287,0.4910580367582356,-0.7142857142857144,0.7619047619047621,1.0,500
8p0nIbtA_yg,exit_intensity,aversion,8,-0.04761904761904763,-0.04861904761904763,0.506231147853122,-0.6666666666666669,0.7619047619047621,1.0,500
8p0nIbtA_yg,exit_intensity,social_value,8,-0.09523809523809526,-0.03161904761904762,0.5272916811469748,-0.6904761904761906,0.8333333333333335,0.872,500
8p0nIbtA_yg,exit_intensity,engagement,8,0.09523809523809526,-0.07942857142857147,0.5389895139472797,-0.6904761904761906,0.7857142857142858,1.0,500
8p0nIbtA_yg,exit_intensity,visual_processing,8,-0.04761904761904763,-0.07166666666666667,0.4970285286345685,-0.6190476190476191,0.7857142857142858,1.0,500
8p0nIbtA_yg,exit_intensity,auditory_processing,8,0.28571428571428575,-0.025000000000000005,0.4878474981035526,-0.6904761904761906,0.8095238095238096,0.696,500
8teFEzDEMho,audienceWatchRatio,reward,11,0.7454545454545456,-0.006981818181818186,0.4877699444181509,-0.8545454545454546,0.7454545454545456,0.18,500
8teFEzDEMho,audienceWatchRatio,aversion,11,0.6818181818181819,0.021436363636363646,0.5224229814721477,-0.7727272727272727,0.881818181818182,0.19,500
8teFEzDEMho,audienceWatchRatio,social_value,11,0.790909090909091,-0.004872727272727291,0.5353769587252372,-0.7545454545454545,0.9181818181818183,0.094,500
8teFEzDEMho,audienceWatchRatio,engagement,11,0.30000000000000004,-0.04176363636363638,0.4618347495238624,-0.6636363636363638,0.6454545454545455,0.714,500
8teFEzDEMho,audienceWatchRatio,visual_processing,11,0.22727272727272727,-0.03180000000000001,0.40595423713101964,-0.5,0.5545454545454546,0.898,500
8teFEzDEMho,audienceWatchRatio,auditory_processing,11,-0.5090909090909091,0.0448181818181818,0.5094152457102,-0.7454545454545456,0.6727272727272727,0.498,500
8teFEzDEMho,audienceWatchRatio,pattern_change,10,0.6363636363636362,-0.07384242424242424,0.4654251152311944,-0.8909090909090909,0.7212121212121211,0.226,500
8teFEzDEMho,audienceWatchRatio,amplitude_change,10,0.7333333333333332,0.006981818181818159,0.44781969085651485,-0.8424242424242423,0.7333333333333332,0.236,500
8teFEzDEMho,relativeRetentionPerformance,reward,11,0.38181818181818183,-0.003709090909090907,0.580484660427591,-0.6727272727272727,0.8000000000000002,0.78,500
8teFEzDEMho,relativeRetentionPerformance,aversion,11,-0.14545454545454548,-0.01623636363636364,0.5239541494671092,-0.8363636363636365,0.9363636363636365,0.696,500
8teFEzDEMho,relativeRetentionPerformance,social_value,11,0.07272727272727274,0.025181818181818187,0.5386276639113318,-0.8545454545454546,0.9363636363636365,0.892,500
8teFEzDEMho,relativeRetentionPerformance,engagement,11,-0.6181818181818182,0.05810909090909092,0.369431810324096,-0.4272727272727273,0.5,0.0,500
8teFEzDEMho,relativeRetentionPerformance,visual_processing,11,-0.6727272727272727,0.07883636363636365,0.27463881856204714,-0.3454545454545455,0.4090909090909091,0.0,500
8teFEzDEMho,relativeRetentionPerformance,auditory_processing,11,0.24545454545454545,-0.08349090909090912,0.44050892280903936,-0.6818181818181819,0.6181818181818182,0.694,500
8teFEzDEMho,relativeRetentionPerformance,pattern_change,10,-0.13939393939393938,0.041624242424242425,0.6020460545733727,-0.7939393939393938,0.8909090909090909,1.0,500
8teFEzDEMho,relativeRetentionPerformance,amplitude_change,10,-0.29696969696969694,-0.0070060606060606285,0.5831912983790571,-0.8181818181818182,0.8060606060606059,0.798,500
8teFEzDEMho,exit_intensity,reward,11,-0.5909090909090909,0.022818181818181828,0.2672495197098097,-0.39090909090909093,0.4090909090909091,0.0,500
8teFEzDEMho,exit_intensity,aversion,11,0.09090909090909091,0.0003636363636363793,0.3422041341385105,-0.44545454545454555,0.690909090909091,0.912,500
8teFEzDEMho,exit_intensity,social_value,11,-0.06363636363636364,0.0006909090909091198,0.39232367982581184,-0.5,0.7090909090909092,0.818,500
8teFEzDEMho,exit_intensity,engagement,11,0.045454545454545456,0.012690909090909083,0.3724814249071039,-0.5727272727272729,0.7181818181818183,1.0,500
8teFEzDEMho,exit_intensity,visual_processing,11,0.16363636363636366,-0.051254545454545435,0.3599994210280009,-0.4272727272727273,0.690909090909091,0.724,500
8teFEzDEMho,exit_intensity,auditory_processing,11,0.38181818181818183,-0.02761818181818181,0.3692781159805557,-0.6181818181818182,0.5454545454545455,0.36,500
8teFEzDEMho,exit_intensity,pattern_change,10,0.33333333333333326,-0.06833939393939394,0.26267842850985634,-0.5515151515151515,0.23636363636363633,0.124,500
8teFEzDEMho,exit_intensity,amplitude_change,10,0.49090909090909085,-0.004387878787878787,0.25081566288673296,-0.49090909090909085,0.35757575757575755,0.118,500
8trNqGjiHY8,audienceWatchRatio,reward,15,-0.38214285714285706,0.04002857142857141,0.41093144470203047,-0.7035714285714285,0.5107142857142856,0.498,500
8trNqGjiHY8,audienceWatchRatio,aversion,15,-0.06428571428571428,0.030435714285714285,0.36827787167478043,-0.5392857142857141,0.5249999999999999,1.0,500
8trNqGjiHY8,audienceWatchRatio,social_value,15,-0.18928571428571428,0.05008571428571428,0.4251224827107153,-0.557142857142857,0.6785714285714285,0.866,500
8trNqGjiHY8,audienceWatchRatio,engagement,15,-0.08928571428571427,0.08637857142857143,0.5345798393531662,-0.8857142857142855,0.8678571428571429,0.938,500
8trNqGjiHY8,audienceWatchRatio,visual_processing,15,-0.05357142857142857,0.004664285714285725,0.5289452872346582,-0.8571428571428571,0.7785714285714285,0.904,500
8trNqGjiHY8,audienceWatchRatio,auditory_processing,15,0.3214285714285714,-0.0016785714285714216,0.437117370580563,-0.5785714285714285,0.8892857142857141,0.634,500
8trNqGjiHY8,audienceWatchRatio,pattern_change,14,-0.2043956043956044,0.01636923076923077,0.2662123264578877,-0.3318681318681319,0.6747252747252748,0.4,500
8trNqGjiHY8,audienceWatchRatio,amplitude_change,14,-0.3758241758241759,-0.026549450549450546,0.30458615529809535,-0.621978021978022,0.5296703296703297,0.114,500
8trNqGjiHY8,relativeRetentionPerformance,reward,15,0.33571428571428563,-0.02662142857142856,0.1763475769841005,-0.3321428571428571,0.27499999999999997,0.0,500
8trNqGjiHY8,relativeRetentionPerformance,aversion,15,0.35,-0.012249999999999992,0.18169219809044848,-0.43214285714285705,0.22499999999999998,0.066,500
8trNqGjiHY8,relativeRetentionPerformance,social_value,15,0.175,-0.0040857142857142915,0.2304730955124741,-0.47857142857142854,0.4107142857142856,0.486,500
8trNqGjiHY8,relativeRetentionPerformance,engagement,15,-0.13928571428571426,0.009792857142857143,0.29935959359190445,-0.5285714285714286,0.5821428571428571,0.616,500
8trNqGjiHY8,relativeRetentionPerformance,visual_processing,15,0.13928571428571426,0.0078642857142857,0.26446820909600643,-0.35,0.5249999999999999,0.66,500
8trNqGjiHY8,relativeRetentionPerformance,auditory_processing,15,0.3321428571428571,-0.02099285714285714,0.3117537439835408,-0.532142857142857,0.6392857142857141,0.344,500
8trNqGjiHY8,relativeRetentionPerformance,pattern_change,14,-0.0989010989010989,0.023912087912087918,0.26305304912466954,-0.5208791208791209,0.5120879120879122,0.598,500
8trNqGjiHY8,relativeRetentionPerformance,amplitude_change,14,0.1956043956043956,0.02238241758241758,0.3172524704833273,-0.5648351648351648,0.6307692307692307,0.46,500
8trNqGjiHY8,exit_intensity,reward,15,-0.4392857142857142,0.021449999999999993,0.23820282591839706,-0.5214285714285714,0.39642857142857135,0.082,500
8trNqGjiHY8,exit_intensity,aversion,15,-0.48214285714285704,0.02782857142857143,0.2400220210985752,-0.457142857142857,0.42857142857142855,0.0,500
8trNqGjiHY8,exit_intensity,social_value,15,-0.35357142857142854,0.042085714285714275,0.2830752528489733,-0.43214285714285705,0.43214285714285705,0.266,500
8trNqGjiHY8,exit_intensity,engagement,15,-0.34642857142857136,-0.02087142857142856,0.3388110149885198,-0.6749999999999999,0.48571428571428565,0.34,500
8trNqGjiHY8,exit_intensity,visual_processing,15,-0.5285714285714286,0.026528571428571426,0.31859466635298744,-0.6214285714285712,0.4357142857142856,0.072,500
8trNqGjiHY8,exit_intensity,auditory_processing,15,-0.41785714285714276,-0.0022071428571428485,0.3137698704172098,-0.4392857142857142,0.5464285714285714,0.302,500
8trNqGjiHY8,exit_intensity,pattern_change,14,0.002197802197802198,0.014795604395604393,0.2840722398262856,-0.45054945054945056,0.6263736263736264,1.0,500
8trNqGjiHY8,exit_intensity,amplitude_change,14,-0.1164835164835165,-0.009617582417582442,0.3184687022757296,-0.6087912087912088,0.5076923076923077,0.674,500
9GH3pdlr9gk,audienceWatchRatio,reward,10,0.06666666666666665,-0.013212121212121218,0.5275908340317048,-0.8666666666666665,0.7333333333333332,1.0,500
9GH3pdlr9gk,audienceWatchRatio,aversion,10,0.01818181818181818,-0.03326060606060605,0.41549147133824643,-0.6484848484848483,0.5393939393939393,1.0,500
9GH3pdlr9gk,audienceWatchRatio,social_value,10,-0.13939393939393938,-0.016727272727272723,0.4390827069104467,-0.6363636363636362,0.6242424242424242,1.0,500
9GH3pdlr9gk,audienceWatchRatio,engagement,10,0.41818181818181815,-0.06993939393939395,0.512687597863216,-0.709090909090909,0.6484848484848483,0.634,500
9GH3pdlr9gk,audienceWatchRatio,visual_processing,10,0.22424242424242422,-0.008315151515151512,0.4949296493403312,-0.7454545454545454,0.709090909090909,0.754,500
9GH3pdlr9gk,audienceWatchRatio,auditory_processing,10,0.4424242424242424,-0.06858181818181816,0.5281056515606366,-0.7818181818181817,0.7333333333333332,0.44,500
9GH3pdlr9gk,audienceWatchRatio,pattern_change,9,0.25,-0.025066666666666657,0.4423328259228439,-0.7166666666666667,0.6833333333333333,0.604,500
9GH3pdlr9gk,audienceWatchRatio,amplitude_change,9,-0.6333333333333333,0.026866666666666674,0.4536853584197362,-0.7833333333333333,0.7,0.258,500
9GH3pdlr9gk,relativeRetentionPerformance,reward,10,0.16363636363636364,-0.026545454545454542,0.3959816341011973,-0.6,0.6727272727272726,0.662,500
9GH3pdlr9gk,relativeRetentionPerformance,aversion,10,-0.12727272727272726,-0.016630303030303037,0.35379233474580135,-0.4666666666666666,0.7333333333333332,0.788,500
9GH3pdlr9gk,relativeRetentionPerformance,social_value,10,-0.11515151515151514,-0.010012121212121222,0.32409766782871335,-0.5030303030303029,0.7333333333333332,0.79,500
9GH3pdlr9gk,relativeRetentionPerformance,engagement,10,-0.006060606060606061,-0.024896969696969695,0.3639649190453444,-0.6,0.7575757575757575,1.0,500
9GH3pdlr9gk,relativeRetentionPerformance,visual_processing,10,0.3696969696969697,-0.003418181818181824,0.32218229153806116,-0.4787878787878787,0.5272727272727272,0.328,500
9GH3pdlr9gk,relativeRetentionPerformance,auditory_processing,10,-0.33333333333333326,-0.01119999999999999,0.4052040217104029,-0.6121212121212121,0.7696969696969697,0.422,500
9GH3pdlr9gk,relativeRetentionPerformance,pattern_change,9,-0.06666666666666667,0.07969999999999998,0.44475288894196313,-0.6666666666666667,0.8499999999999999,0.89,500
9GH3pdlr9gk,relativeRetentionPerformance,amplitude_change,9,-0.09999999999999999,0.01836666666666667,0.45957093395180393,-0.7166666666666667,0.8166666666666667,0.886,500
9GH3pdlr9gk,exit_intensity,reward,10,0.12727272727272726,-0.009987878787878813,0.5215878876609744,-0.8181818181818182,0.7939393939393938,1.0,500
9GH3pdlr9gk,exit_intensity,aversion,10,0.8545454545454544,-0.03944242424242424,0.4375004525145239,-0.8060606060606059,0.49090909090909085,0.0,500
9GH3pdlr9gk,exit_intensity,social_value,10,0.9151515151515152,-0.014012121212121195,0.43826683680008355,-0.8060606060606059,0.5515151515151515,0.0,500
9GH3pdlr9gk,exit_intensity,engagement,10,0.5151515151515151,-0.007612121212121215,0.5511913289762995,-0.8909090909090909,0.8181818181818182,0.432,500
9GH3pdlr9gk,exit_intensity,visual_processing,10,0.2727272727272727,-0.005866666666666652,0.5126759404062585,-0.7939393939393938,0.7696969696969697,0.568,500
9GH3pdlr9gk,exit_intensity,auditory_processing,10,0.4545454545454545,0.0420121212121212,0.5078890349729258,-0.9030303030303028,0.6484848484848483,0.412,500
9GH3pdlr9gk,exit_intensity,pattern_change,9,-0.5666666666666667,0.05423333333333334,0.47101235062835073,-0.7833333333333333,0.5666666666666667,0.368,500
9GH3pdlr9gk,exit_intensity,amplitude_change,9,0.8666666666666667,-0.015033333333333334,0.4499988876529462,-0.7666666666666667,0.5666666666666667,0.0,500
9N0NO4xp7jc,audienceWatchRatio,reward,9,0.9,-0.06670000000000002,0.5810455126560894,-0.8166666666666667,0.8833333333333333,0.0,500
9N0NO4xp7jc,audienceWatchRatio,aversion,9,0.7833333333333333,-0.09246666666666666,0.5690917949778499,-0.8333333333333333,0.7833333333333333,0.264,500
9N0NO4xp7jc,audienceWatchRatio,social_value,9,0.7,-0.02299999999999999,0.5645587264010322,-0.7666666666666667,0.7666666666666667,0.258,500
9N0NO4xp7jc,audienceWatchRatio,engagement,9,0.65,-0.042199999999999994,0.4838299104253707,-0.7166666666666667,0.7666666666666667,0.278,500
9N0NO4xp7jc,audienceWatchRatio,visual_processing,9,0.6833333333333333,-0.08423333333333335,0.4667032973718718,-0.7333333333333334,0.8166666666666667,0.234,500
9N0NO4xp7jc,audienceWatchRatio,auditory_processing,9,0.8166666666666667,-0.07493333333333331,0.5360042454226562,-0.8666666666666667,0.5833333333333334,0.258,500
9N0NO4xp7jc,audienceWatchRatio,pattern_change,8,0.8571428571428572,-0.10480952380952382,0.4731788072953706,-0.6904761904761906,0.5714285714285715,0.0,500
9N0NO4xp7jc,audienceWatchRatio,amplitude_change,8,0.11904761904761905,0.019428571428571472,0.6195831676113399,-0.880952380952381,0.7857142857142858,0.864,500
9N0NO4xp7jc,relativeRetentionPerformance,reward,9,0.8833333333333333,-0.08420000000000001,0.6527023517653356,-0.8833333333333333,0.9833333333333333,0.278,500
9N0NO4xp7jc,relativeRetentionPerformance,aversion,9,0.9666666666666667,-0.071,0.6481933010727244,-0.8333333333333333,0.8833333333333333,0.0,500
9N0NO4xp7jc,relativeRetentionPerformance,social_value,9,0.9333333333333332,-0.012733333333333331,0.6395563358037091,-0.7999999999999999,0.8166666666666667,0.0,500
9N0NO4xp7jc,relativeRetentionPerformance,engagement,9,0.8833333333333333,-0.03883333333333333,0.49203011990008183,-0.7,0.75,0.0,500
9N0NO4xp7jc,relativeRetentionPerformance,visual_processing,9,0.6833333333333333,-0.011733333333333356,0.47715138059110757,-0.7166666666666667,0.7,0.258,500
9N0NO4xp7jc,relativeRetentionPerformance,auditory_processing,9,0.7666666666666667,-0.03529999999999999,0.5952301319657801,-0.9333333333333332,0.8333333333333333,0.23,500
9N0NO4xp7jc,relativeRetentionPerformance,pattern_change,8,0.9285714285714287,-0.06333333333333334,0.3668648196793573,-0.8571428571428572,0.4285714285714286,0.0,500
9N0NO4xp7jc,relativeRetentionPerformance,amplitude_change,8,0.4523809523809524,0.060999999999999985,0.6981113799861833,-0.880952380952381,0.9761904761904763,0.712,500
9N0NO4xp7jc,exit_intensity,reward,9,0.2833333333333333,-0.08816666666666667,0.5878515260392428,-0.8166666666666667,0.8833333333333333,0.634,500
9N0NO4xp7jc,exit_intensity,aversion,9,0.6666666666666667,-0.0371,0.6056004651033,-0.8833333333333333,0.8166666666666667,0.34,500
9N0NO4xp7jc,exit_intensity,social_value,9,0.6833333333333333,-0.08783333333333337,0.5613122274337756,-0.7666666666666667,0.7999999999999999,0.348,500
9N0NO4xp7jc,exit_intensity,engagement,9,0.7833333333333333,-0.060499999999999984,0.48931048425309664,-0.8499999999999999,0.7,0.14,500
9N0NO4xp7jc,exit_intensity,visual_processing,9,0.45,-0.03793333333333331,0.49251278156003214,-0.8499999999999999,0.7666666666666667,0.372,500
9N0NO4xp7jc,exit_intensity,auditory_processing,9,0.09999999999999999,0.07876666666666671,0.6394300682812954,-0.8499999999999999,0.9500000000000001,0.87,500
9N0NO4xp7jc,exit_intensity,pattern_change,8,-0.09523809523809526,0.02000000000000001,0.393915169798946,-0.5714285714285715,0.4761904761904762,1.0,500
9N0NO4xp7jc,exit_intensity,amplitude_change,8,0.7142857142857144,-0.06885714285714284,0.6003062030455507,-1.0,0.8095238095238096,0.412,500
AF5G5EZb3xw,audienceWatchRatio,reward,8,0.2142857142857143,-0.03314285714285715,0.5146638468781801,-0.5952380952380953,0.6666666666666669,1.0,500
AF5G5EZb3xw,audienceWatchRatio,aversion,8,0.11904761904761905,0.02504761904761904,0.5140151934015367,-0.5714285714285715,0.7380952380952381,1.0,500
AF5G5EZb3xw,audienceWatchRatio,social_value,8,-0.023809523809523815,-0.0003333333333333126,0.5389425503357091,-0.5714285714285715,0.7619047619047621,1.0,500
AF5G5EZb3xw,audienceWatchRatio,engagement,8,-0.19047619047619052,0.07480952380952383,0.4462020606312399,-0.4285714285714286,0.7619047619047621,0.862,500
AF5G5EZb3xw,audienceWatchRatio,visual_processing,8,0.1666666666666667,0.01890476190476193,0.4761806927566415,-0.6190476190476191,0.8095238095238096,1.0,500
AF5G5EZb3xw,audienceWatchRatio,auditory_processing,8,0.11904761904761905,-0.04023809523809525,0.5211784026968518,-0.7380952380952381,0.6428571428571429,1.0,500
AF5G5EZb3xw,relativeRetentionPerformance,reward,8,0.7619047619047621,0.01538095238095237,0.38332644477691097,-0.5952380952380953,0.4285714285714286,0.0,500
AF5G5EZb3xw,relativeRetentionPerformance,aversion,8,0.7380952380952381,-0.03023809523809525,0.32175565368812425,-0.5952380952380953,0.30952380952380953,0.0,500
AF5G5EZb3xw,relativeRetentionPerformance,social_value,8,0.5714285714285715,0.014714285714285711,0.3302923153896291,-0.5952380952380953,0.30952380952380953,0.126,500
AF5G5EZb3xw,relativeRetentionPerformance,engagement,8,0.8095238095238096,-0.010333333333333325,0.43211343465363733,-0.6190476190476191,0.4761904761904762,0.0,500
AF5G5EZb3xw,relativeRetentionPerformance,visual_processing,8,0.9523809523809524,0.0031428571428571664,0.34042338584864157,-0.5476190476190477,0.4285714285714286,0.0,500
AF5G5EZb3xw,relativeRetentionPerformance,auditory_processing,8,0.5000000000000001,-0.09876190476190479,0.3890814929590784,-0.5952380952380953,0.4047619047619048,0.282,500
AF5G5EZb3xw,exit_intensity,reward,8,0.4285714285714286,0.02447619047619049,0.5918337006724953,-1.0,0.8333333333333335,0.568,500
AF5G5EZb3xw,exit_intensity,aversion,8,0.523809523809524,-0.075,0.5575677561705739,-0.9523809523809524,0.8333333333333335,0.392,500
AF5G5EZb3xw,exit_intensity,social_value,8,0.5952380952380953,0.013952380952380957,0.5628012441020469,-0.9761904761904763,0.8333333333333335,0.378,500
AF5G5EZb3xw,exit_intensity,engagement,8,0.8571428571428572,-0.04985714285714285,0.5248264825013064,-0.8095238095238096,0.7857142857142858,0.0,500
AF5G5EZb3xw,exit_intensity,visual_processing,8,0.5000000000000001,-0.07352380952380955,0.506909322487257,-0.8333333333333335,0.8333333333333335,0.416,500
AF5G5EZb3xw,exit_intensity,auditory_processing,8,0.523809523809524,-0.09842857142857142,0.6710958496785555,-1.0,0.9285714285714287,0.466,500
AP19XhakV1k,audienceWatchRatio,reward,11,0.22727272727272727,-0.09925454545454546,0.574367584377349,-0.7272727272727273,0.9,0.792,500
AP19XhakV1k,audienceWatchRatio,aversion,11,0.8000000000000002,-0.05765454545454546,0.5244640740400411,-0.8636363636363636,0.6363636363636364,0.104,500
AP19XhakV1k,audienceWatchRatio,social_value,11,0.5545454545454546,-0.012436363636363645,0.610218533947924,-0.7454545454545456,0.8636363636363636,0.594,500
AP19XhakV1k,audienceWatchRatio,engagement,11,-0.03636363636363637,0.05190909090909091,0.5300090362554177,-0.7181818181818183,0.8727272727272729,1.0,500
AP19XhakV1k,audienceWatchRatio,visual_processing,11,0.02727272727272728,-0.00289090909090908,0.4456293605028161,-0.5636363636363637,0.7181818181818183,0.892,500
AP19XhakV1k,audienceWatchRatio,auditory_processing,11,0.5454545454545455,0.04869090909090909,0.5402186016055549,-0.8181818181818182,0.8636363636363636,0.378,500
AP19XhakV1k,audienceWatchRatio,pattern_change,10,0.8909090909090909,-0.0805818181818182,0.572824695385691,-0.8060606060606059,0.7333333333333332,0.0,500
AP19XhakV1k,audienceWatchRatio,amplitude_change,10,0.8303030303030302,-0.057721212121212104,0.48643035222586056,-0.709090909090909,0.6363636363636362,0.0,500
AP19XhakV1k,relativeRetentionPerformance,reward,11,0.20000000000000004,0.004654545454545456,0.4332260166328926,-0.6636363636363638,0.6000000000000001,0.916,500
AP19XhakV1k,relativeRetentionPerformance,aversion,11,-0.2545454545454546,0.04614545454545456,0.39026185572389455,-0.6727272727272727,0.7454545454545456,0.522,500
AP19XhakV1k,relativeRetentionPerformance,social_value,11,0.46363636363636374,-0.00676363636363637,0.3910475932227295,-0.5727272727272729,0.6818181818181819,0.332,500
AP19XhakV1k,relativeRetentionPerformance,engagement,11,0.27272727272727276,-0.009381818181818203,0.48394991339774607,-0.8272727272727273,0.7000000000000001,0.722,500
AP19XhakV1k,relativeRetentionPerformance,visual_processing,11,-0.29090909090909095,-0.0443818181818182,0.43342724860662685,-0.6272727272727273,0.9,0.69,500
AP19XhakV1k,relativeRetentionPerformance,auditory_processing,11,-0.6000000000000001,0.029272727272727256,0.42455300752479325,-0.6818181818181819,0.9,0.18,500
AP19XhakV1k,relativeRetentionPerformance,pattern_change,10,-0.5757575757575757,0.04872727272727272,0.5482805713686307,-0.8424242424242423,0.8787878787878788,0.344,500
AP19XhakV1k,relativeRetentionPerformance,amplitude_change,10,-0.6484848484848483,0.08060606060606057,0.43054154721131704,-0.6848484848484848,0.7333333333333332,0.246,500
AP19XhakV1k,exit_intensity,reward,11,-0.45454545454545453,0.022945454545454585,0.4848035662526006,-0.7636363636363637,0.7090909090909092,0.578,500
AP19XhakV1k,exit_intensity,aversion,11,-0.7272727272727273,0.06378181818181818,0.42732840488298307,-0.5545454545454546,0.8272727272727273,0.112,500
AP19XhakV1k,exit_intensity,social_value,11,-0.7454545454545456,0.05378181818181818,0.5075490404185118,-0.7545454545454545,0.6727272727272727,0.096,500
AP19XhakV1k,exit_intensity,engagement,11,-0.13636363636363638,0.001218181818181832,0.4632665230781938,-0.8181818181818182,0.6636363636363638,0.89,500
AP19XhakV1k,exit_intensity,visual_processing,11,-0.03636363636363637,-0.03792727272727275,0.4184819492142784,-0.6000000000000001,0.6727272727272727,1.0,500
AP19XhakV1k,exit_intensity,auditory_processing,11,-0.24545454545454545,-0.03603636363636363,0.49495693977497174,-0.6181818181818182,0.6818181818181819,0.798,500
AP19XhakV1k,exit_intensity,pattern_change,10,0.8060606060606059,-0.05469090909090909,0.4704098372939886,-0.709090909090909,0.6484848484848483,0.0,500
AP19XhakV1k,exit_intensity,amplitude_change,10,0.7212121212121211,-0.00094545454545454,0.435275396564054,-0.6969696969696969,0.6484848484848483,0.0,500
BAeSdzWCr8Q,audienceWatchRatio,reward,10,0.5151515151515151,-0.034012121212121216,0.44839841329241875,-0.6,0.7212121212121211,0.214,500
BAeSdzWCr8Q,audienceWatchRatio,aversion,10,0.3939393939393939,0.01801212121212121,0.32480366131280575,-0.49090909090909085,0.43030303030303024,0.23,500
BAeSdzWCr8Q,audienceWatchRatio,social_value,10,0.5878787878787878,-0.018157575757575758,0.49731636039250665,-0.8060606060606059,0.6121212121212121,0.194,500
BAeSdzWCr8Q,audienceWatchRatio,engagement,10,0.709090909090909,-0.11823030303030303,0.4466243940360016,-0.709090909090909,0.7333333333333332,0.228,500
BAeSdzWCr8Q,audienceWatchRatio,visual_processing,10,0.9151515151515152,-0.09476363636363636,0.5330606570164126,-0.7212121212121211,0.8545454545454544,0.0,500
BAeSdzWCr8Q,audienceWatchRatio,auditory_processing,10,-0.49090909090909085,0.03381818181818183,0.5150881814900665,-0.709090909090909,0.9151515151515152,0.432,500
BAeSdzWCr8Q,audienceWatchRatio,pattern_change,9,-0.08333333333333334,-0.03379999999999999,0.46311722058243526,-0.6,0.7833333333333333,0.886,500
BAeSdzWCr8Q,audienceWatchRatio,amplitude_change,9,-0.18333333333333335,0.06973333333333331,0.4355003967340966,-0.8833333333333333,0.6333333333333333,0.594,500
BAeSdzWCr8Q,relativeRetentionPerformance,reward,10,0.18787878787878787,0.052533333333333335,0.45507015275692514,-0.6848484848484848,0.709090909090909,0.888,500
BAeSdzWCr8Q,relativeRetentionPerformance,aversion,10,0.18787878787878787,0.001284848484848485,0.563086700244868,-0.8181818181818182,0.7818181818181817,0.862,500
BAeSdzWCr8Q,relativeRetentionPerformance,social_value,10,0.28484848484848485,0.04647272727272727,0.527035327120543,-0.7696969696969697,0.6969696969696969,0.662,500
BAeSdzWCr8Q,relativeRetentionPerformance,engagement,10,0.43030303030303024,-0.08235151515151515,0.3973716334823344,-0.6606060606060605,0.38181818181818183,0.356,500
BAeSdzWCr8Q,relativeRetentionPerformance,visual_processing,10,0.7212121212121211,-0.07936969696969697,0.2773606937128912,-0.4424242424242424,0.3939393939393939,0.0,500
BAeSdzWCr8Q,relativeRetentionPerformance,auditory_processing,10,0.16363636363636364,-0.003636363636363635,0.3670930653675645,-0.5636363636363636,0.7696969696969697,0.772,500
BAeSdzWCr8Q,relativeRetentionPerformance,pattern_change,9,-0.4666666666666666,0.1514333333333333,0.5645328954100017,-0.7333333333333334,0.9666666666666667,0.604,500
BAeSdzWCr8Q,relativeRetentionPerformance,amplitude_change,9,-0.2333333333333333,0.032299999999999995,0.5843719696296948,-0.9,0.8166666666666667,0.732,500
BAeSdzWCr8Q,exit_intensity,reward,10,0.16363636363636364,-0.09968484848484849,0.4268016012528021,-0.6121212121212121,0.8303030303030302,0.672,500
BAeSdzWCr8Q,exit_intensity,aversion,10,0.04242424242424241,-0.050496969696969686,0.4049178753815265,-0.5151515151515151,0.6848484848484848,1.0,500
BAeSdzWCr8Q,exit_intensity,social_value,10,0.006060606060606061,-0.05738181818181817,0.3795327936435432,-0.5393939393939393,0.6363636363636362,1.0,500
BAeSdzWCr8Q,exit_intensity,engagement,10,0.06666666666666665,-0.04807272727272726,0.39181278563862487,-0.4787878787878787,0.9151515151515152,0.766,500
BAeSdzWCr8Q,exit_intensity,visual_processing,10,-0.29696969696969694,-0.058909090909090904,0.4584809669566713,-0.7454545454545454,0.8545454545454544,0.444,500
BAeSdzWCr8Q,exit_intensity,auditory_processing,10,-0.309090909090909,0.04288484848484846,0.40713932808088693,-0.6242424242424242,0.6363636363636362,0.352,500
BAeSdzWCr8Q,exit_intensity,pattern_change,9,0.5333333333333333,-0.03786666666666667,0.48467687288657696,-0.7999999999999999,0.6166666666666666,0.408,500
BAeSdzWCr8Q,exit_intensity,amplitude_change,9,0.6333333333333333,-0.02463333333333333,0.32188572678997607,-0.5499999999999999,0.6,0.0,500
BWm7ww7pja8,audienceWatchRatio,reward,11,-0.3545454545454546,0.017654545454545444,0.5786912161389385,-0.8636363636363636,0.7636363636363637,0.702,500
BWm7ww7pja8,audienceWatchRatio,aversion,11,-0.41818181818181827,-0.07001818181818183,0.5770687682640477,-0.9545454545454546,0.790909090909091,0.61,500
BWm7ww7pja8,audienceWatchRatio,social_value,11,-0.29090909090909095,0.024036363636363602,0.5479392848069126,-0.8727272727272729,0.7363636363636363,0.784,500
BWm7ww7pja8,audienceWatchRatio,engagement,11,-0.4090909090909091,0.0013272727272727262,0.571974446345925,-0.8545454545454546,0.7000000000000001,0.728,500
BWm7ww7pja8,audienceWatchRatio,visual_processing,11,-0.2545454545454546,0.010963636363636361,0.3753036857385305,-0.6545454545454547,0.5545454545454546,0.606,500
BWm7ww7pja8,audienceWatchRatio,auditory_processing,11,-0.4272727272727273,0.035527272727272755,0.45225929957225514,-0.9090909090909091,0.6272727272727273,0.394,500
BWm7ww7pja8,audienceWatchRatio,pattern_change,10,-0.6121212121212121,0.033866666666666656,0.634037371651023,-0.8666666666666665,0.8666666666666665,0.534,500
BWm7ww7pja8,audienceWatchRatio,amplitude_change,10,-0.8787878787878788,0.07032727272727271,0.5032622752461686,-0.9272727272727272,0.9515151515151514,0.194,500
BWm7ww7pja8,relativeRetentionPerformance,reward,11,-0.11818181818181818,-0.007472727272727272,0.5453134905494331,-0.8272727272727273,0.8545454545454546,1.0,500
BWm7ww7pja8,relativeRetentionPerformance,aversion,11,-0.29090909090909095,0.007363636363636381,0.542976636789442,-0.8090909090909091,0.8363636363636365,0.7,500
BWm7ww7pja8,relativeRetentionPerformance,social_value,11,-0.14545454545454548,0.04065454545454546,0.5184976084008058,-0.7454545454545456,0.8090909090909091,0.804,500
BWm7ww7pja8,relativeRetentionPerformance,engagement,11,-0.30000000000000004,0.016145454545454577,0.5038511048591326,-0.6727272727272727,0.790909090909091,0.732,500
BWm7ww7pja8,relativeRetentionPerformance,visual_processing,11,-0.6545454545454547,0.0898,0.37727022080218875,-0.4727272727272727,0.6272727272727273,0.0,500
BWm7ww7pja8,relativeRetentionPerformance,auditory_processing,11,-0.17272727272727276,-0.01185454545454548,0.46243727151111497,-0.8909090909090911,0.7727272727272727,0.572,500
BWm7ww7pja8,relativeRetentionPerformance,pattern_change,10,-0.01818181818181818,0.038400000000000004,0.1883754046477849,-0.309090909090909,0.34545454545454546,1.0,500
BWm7ww7pja8,relativeRetentionPerformance,amplitude_change,10,0.19999999999999998,-0.007539393939393943,0.23868113781020234,-0.43030303030303024,0.4787878787878787,0.318,500
BWm7ww7pja8,exit_intensity,reward,11,0.03636363636363637,0.016654545454545443,0.529047778310747,-0.8090909090909091,0.7636363636363637,1.0,500
BWm7ww7pja8,exit_intensity,aversion,11,0.15454545454545454,0.06161818181818178,0.5067048561437609,-0.7636363636363637,0.8090909090909091,0.912,500
BWm7ww7pja8,exit_intensity,social_value,11,-0.06363636363636364,-0.00034545454545454923,0.4771565708002471,-0.6818181818181819,0.8545454545454546,1.0,500
BWm7ww7pja8,exit_intensity,engagement,11,0.1272727272727273,0.001618181818181819,0.4992806656986588,-0.7727272727272727,0.6363636363636364,1.0,500
BWm7ww7pja8,exit_intensity,visual_processing,11,0.08181818181818183,-0.021145454545454526,0.39236175372368287,-0.7272727272727273,0.6545454545454547,0.918,500
BWm7ww7pja8,exit_intensity,auditory_processing,11,0.5363636363636364,-0.011000000000000013,0.3966077125900989,-0.7090909090909092,0.7818181818181819,0.192,500
BWm7ww7pja8,exit_intensity,pattern_change,10,-0.33333333333333326,0.04518787878787879,0.1137122274442804,-0.12727272727272726,0.19999999999999998,0.0,500
BWm7ww7pja8,exit_intensity,amplitude_change,10,-0.29696969696969694,0.010060606060606068,0.33605830531769737,-0.6,0.5272727272727272,0.336,500
CBxo5uxUQXo,audienceWatchRatio,reward,10,0.3696969696969697,0.0023272727272727256,0.19148643282948116,-0.3696969696969697,0.24848484848484845,0.108,500
CBxo5uxUQXo,audienceWatchRatio,aversion,10,0.4424242424242424,-0.05134545454545454,0.26207907988594953,-0.41818181818181815,0.309090909090909,0.0,500
CBxo5uxUQXo,audienceWatchRatio,social_value,10,0.41818181818181815,-0.03158787878787878,0.22709949405936639,-0.43030303030303024,0.29696969696969694,0.11,500
CBxo5uxUQXo,audienceWatchRatio,engagement,10,-0.35757575757575755,0.05522424242424242,0.2980371326727437,-0.5151515151515151,0.41818181818181815,0.346,500
CBxo5uxUQXo,audienceWatchRatio,visual_processing,10,-0.29696969696969694,0.05301818181818182,0.10030486055274215,-0.10303030303030303,0.2121212121212121,0.0,500
CBxo5uxUQXo,audienceWatchRatio,auditory_processing,10,0.28484848484848485,-0.02230303030303029,0.30675538302330424,-0.41818181818181815,0.406060606060606,0.532,500
CBxo5uxUQXo,audienceWatchRatio,pattern_change,9,0.03333333333333333,0.007600000000000004,0.43812734830564193,-0.5333333333333333,0.8166666666666667,0.858,500
CBxo5uxUQXo,audienceWatchRatio,amplitude_change,9,0.19999999999999998,-0.0006999999999999949,0.46559765534919384,-0.48333333333333334,0.8166666666666667,0.756,500
CBxo5uxUQXo,relativeRetentionPerformance,reward,10,-0.2121212121212121,0.0360969696969697,0.532715553496084,-0.5878787878787878,0.6848484848484848,0.894,500
CBxo5uxUQXo,relativeRetentionPerformance,aversion,10,-0.2606060606060606,0.0032969696969697006,0.5692821205216603,-0.8666666666666665,0.8666666666666665,0.788,500
CBxo5uxUQXo,relativeRetentionPerformance,social_value,10,-0.18787878787878787,0.06533333333333334,0.5832827400334563,-0.9030303030303028,0.8181818181818182,0.902,500
CBxo5uxUQXo,relativeRetentionPerformance,engagement,10,-0.22424242424242422,0.029139393939393934,0.3638001215109563,-0.5272727272727272,0.41818181818181815,0.888,500
CBxo5uxUQXo,relativeRetentionPerformance,visual_processing,10,-0.35757575757575755,0.03888484848484849,0.4448988058401781,-0.6121212121212121,0.8909090909090909,0.58,500
CBxo5uxUQXo,relativeRetentionPerformance,auditory_processing,10,-0.6606060606060605,0.05343030303030302,0.5723645522562718,-0.8424242424242423,0.9393939393939393,0.416,500
CBxo5uxUQXo,relativeRetentionPerformance,pattern_change,9,-0.5166666666666667,0.07816666666666666,0.3154458484959555,-0.39999999999999997,0.6166666666666666,0.114,500
CBxo5uxUQXo,relativeRetentionPerformance,amplitude_change,9,-0.39999999999999997,0.071,0.49912156167945027,-0.7,0.8166666666666667,0.476,500
CBxo5uxUQXo,exit_intensity,reward,10,-0.6242424242424242,-0.0002666666666666693,0.3819573610691789,-0.6363636363636362,0.406060606060606,0.116,500
CBxo5uxUQXo,exit_intensity,aversion,10,-0.6969696969696969,0.061769696969696954,0.31410473801947175,-0.41818181818181815,0.5878787878787878,0.0,500
CBxo5uxUQXo,exit_intensity,social_value,10,-0.6727272727272726,0.04727272727272726,0.32839045943444606,-0.41818181818181815,0.5757575757575757,0.0,500
CBxo5uxUQXo,exit_intensity,engagement,10,-0.35757575757575755,-0.02164848484848484,0.4612009243255204,-0.6727272727272726,0.5878787878787878,0.548,500
CBxo5uxUQXo,exit_intensity,visual_processing,10,-0.33333333333333326,-0.01745454545454544,0.4144987391718133,-0.5878787878787878,0.5515151515151515,0.546,500
CBxo5uxUQXo,exit_intensity,auditory_processing,10,-0.4666666666666666,0.04589090909090911,0.2871034417463961,-0.5151515151515151,0.5515151515151515,0.198,500
CBxo5uxUQXo,exit_intensity,pattern_change,9,-0.5499999999999999,0.10323333333333332,0.4520301010134416,-0.5666666666666667,0.8166666666666667,0.384,500
CBxo5uxUQXo,exit_intensity,amplitude_change,9,-0.6833333333333333,0.12936666666666666,0.4093033905986555,-0.33333333333333337,0.8333333333333333,0.124,500
CrgcxgTNoBc,audienceWatchRatio,reward,15,-0.3107142857142856,0.039071428571428576,0.3020713441205165,-0.5249999999999999,0.5428571428571428,0.45,500
CrgcxgTNoBc,audienceWatchRatio,aversion,15,0.23928571428571427,0.010907142857142848,0.33940657779574684,-0.3571428571428571,0.7071428571428571,0.726,500
CrgcxgTNoBc,audienceWatchRatio,social_value,15,-0.05357142857142857,0.0038214285714285685,0.35828419592694905,-0.6857142857142856,0.6499999999999999,0.91,500
CrgcxgTNoBc,audienceWatchRatio,engagement,15,-0.8214285714285712,0.037307142857142844,0.19971980002094974,-0.3571428571428571,0.33928571428571425,0.0,500
CrgcxgTNoBc,audienceWatchRatio,visual_processing,15,-0.7071428571428571,0.048635714285714296,0.26934434933818113,-0.4035714285714285,0.47857142857142854,0.0,500
CrgcxgTNoBc,audienceWatchRatio,auditory_processing,15,0.1357142857142857,-0.05735,0.36197373192269183,-0.5714285714285713,0.6928571428571427,0.75,500
CrgcxgTNoBc,audienceWatchRatio,pattern_change,14,0.14725274725274726,0.030698901098901117,0.32415434442527746,-0.367032967032967,0.6483516483516484,0.808,500
CrgcxgTNoBc,audienceWatchRatio,amplitude_change,14,0.21318681318681318,0.031454945054945053,0.28434259621148467,-0.3934065934065934,0.5692307692307692,0.524,500
CrgcxgTNoBc,relativeRetentionPerformance,reward,15,0.1857142857142857,-0.050435714285714285,0.3378663377637339,-0.6428571428571428,0.5678571428571427,0.596,500
CrgcxgTNoBc,relativeRetentionPerformance,aversion,15,0.7571428571428571,0.02125714285714286,0.2972963566434499,-0.3428571428571428,0.575,0.0,500
CrgcxgTNoBc,relativeRetentionPerformance,social_value,15,0.5,-0.01948571428571429,0.31117134003173047,-0.35,0.6071428571428571,0.076,500
CrgcxgTNoBc,relativeRetentionPerformance,engagement,15,-0.0857142857142857,0.005957142857142845,0.314756987894743,-0.5928571428571427,0.532142857142857,0.918,500
CrgcxgTNoBc,relativeRetentionPerformance,visual_processing,15,0.15714285714285714,-0.0091142857142857,0.29224612425634855,-0.6107142857142855,0.44999999999999996,0.572,500
CrgcxgTNoBc,relativeRetentionPerformance,auditory_processing,15,0.3857142857142856,-0.0036785714285714225,0.4243454308023796,-0.8392857142857142,0.5357142857142856,0.286,500
CrgcxgTNoBc,relativeRetentionPerformance,pattern_change,14,0.7582417582417583,-0.014751648351648348,0.3384929131740422,-0.5956043956043956,0.4945054945054946,0.0,500
CrgcxgTNoBc,relativeRetentionPerformance,amplitude_change,14,0.8505494505494505,-0.010628571428571425,0.4045789186998575,-0.6747252747252748,0.5428571428571429,0.0,500
CrgcxgTNoBc,exit_intensity,reward,15,0.3321428571428571,-0.018485714285714296,0.3566756412501763,-0.7535714285714286,0.6,0.276,500
CrgcxgTNoBc,exit_intensity,aversion,15,0.5142857142857142,0.010114285714285715,0.3162667228780163,-0.36785714285714277,0.6678571428571428,0.15,500
CrgcxgTNoBc,exit_intensity,social_value,15,0.37857142857142856,-0.029357142857142863,0.3196749704538875,-0.5107142857142856,0.5964285714285712,0.204,500
CrgcxgTNoBc,exit_intensity,engagement,15,-0.125,0.009078571428571432,0.30584385263378683,-0.7428571428571428,0.5607142857142856,1.0,500
CrgcxgTNoBc,exit_intensity,visual_processing,15,-0.007142857142857141,-0.0061357142857142895,0.30923058061872843,-0.7571428571428571,0.48214285714285704,1.0,500
CrgcxgTNoBc,exit_intensity,auditory_processing,15,0.03214285714285714,0.039450000000000006,0.4119369361161179,-0.6678571428571428,0.575,0.94,500
CrgcxgTNoBc,exit_intensity,pattern_change,14,0.5824175824175825,-0.042426373626373644,0.2810690133867434,-0.4461538461538462,0.46373626373626364,0.0,500
CrgcxgTNoBc,exit_intensity,amplitude_change,14,0.5252747252747253,-0.017054945054945064,0.29891272117029455,-0.45054945054945056,0.5692307692307692,0.08,500
CvYbSG6D7UI,audienceWatchRatio,reward,11,0.7272727272727273,-0.051436363636363634,0.4918664936782194,-0.6818181818181819,0.8000000000000002,0.084,500
CvYbSG6D7UI,audienceWatchRatio,aversion,11,0.9181818181818183,-0.012527272727272724,0.5197996368595681,-0.8090909090909091,0.7636363636363637,0.0,500
CvYbSG6D7UI,audienceWatchRatio,social_value,11,0.8363636363636365,-0.054963636363636346,0.49264372689895547,-0.7181818181818183,0.790909090909091,0.0,500
CvYbSG6D7UI,audienceWatchRatio,engagement,11,0.6454545454545455,-0.022309090909090903,0.4947359161985913,-0.6454545454545455,0.790909090909091,0.196,500
CvYbSG6D7UI,audienceWatchRatio,visual_processing,11,-0.33636363636363636,0.0036727272727272667,0.4055642721480471,-0.7000000000000001,0.5636363636363637,0.606,500
CvYbSG6D7UI,audienceWatchRatio,auditory_processing,11,-0.9363636363636365,0.11543636363636366,0.506057422998518,-0.7272727272727273,0.8000000000000002,0.0,500
CvYbSG6D7UI,audienceWatchRatio,pattern_change,10,0.5757575757575757,-0.0467878787878788,0.5998403705621241,-0.8787878787878788,0.7696969696969697,0.518,500
CvYbSG6D7UI,audienceWatchRatio,amplitude_change,10,0.1515151515151515,-0.06678787878787876,0.5475104554309846,-0.8545454545454544,0.6969696969696969,1.0,500
CvYbSG6D7UI,relativeRetentionPerformance,reward,11,0.7090909090909092,-0.016072727272727273,0.22194597213163064,-0.41818181818181827,0.3454545454545455,0.0,500
CvYbSG6D7UI,relativeRetentionPerformance,aversion,11,0.7000000000000001,-0.0011454545454545433,0.27649311022157497,-0.5545454545454546,0.45454545454545453,0.0,500
CvYbSG6D7UI,relativeRetentionPerformance,social_value,11,0.7818181818181819,-0.004836363636363631,0.34305927685753745,-0.6454545454545455,0.5181818181818182,0.0,500
CvYbSG6D7UI,relativeRetentionPerformance,engagement,11,0.5,-0.03307272727272727,0.2767860043994367,-0.45454545454545453,0.4000000000000001,0.0,500
CvYbSG6D7UI,relativeRetentionPerformance,visual_processing,11,-0.009090909090909092,-0.05187272727272728,0.29919666049756066,-0.3454545454545455,0.46363636363636374,1.0,500
CvYbSG6D7UI,relativeRetentionPerformance,auditory_processing,11,-0.4909090909090909,0.05452727272727273,0.19103069633477435,-0.21818181818181823,0.3545454545454546,0.0,500
CvYbSG6D7UI,relativeRetentionPerformance,pattern_change,10,0.11515151515151514,-0.01743030303030304,0.33501112868869126,-0.4666666666666666,0.5757575757575757,0.774,500
CvYbSG6D7UI,relativeRetentionPerformance,amplitude_change,10,0.24848484848484845,-0.08528484848484846,0.3133882383171372,-0.5393939393939393,0.4545454545454545,0.538,500
CvYbSG6D7UI,exit_intensity,reward,11,-0.30000000000000004,0.008854545454545462,0.3381844237436283,-0.48181818181818187,0.7181818181818183,0.296,500
CvYbSG6D7UI,exit_intensity,aversion,11,-0.24545454545454545,0.010054545454545438,0.36791738697208054,-0.5272727272727273,0.7636363636363637,0.606,500
CvYbSG6D7UI,exit_intensity,social_value,11,-0.22727272727272727,-0.055618181818181824,0.34134300579227606,-0.5363636363636364,0.7272727272727273,0.542,500
CvYbSG6D7UI,exit_intensity,engagement,11,-0.06363636363636364,0.02772727272727271,0.42684461143845964,-0.5636363636363637,0.8636363636363636,0.8,500
CvYbSG6D7UI,exit_intensity,visual_processing,11,0.38181818181818183,0.016836363636363625,0.35497527512548427,-0.6636363636363638,0.4909090909090909,0.386,500
CvYbSG6D7UI,exit_intensity,auditory_processing,11,0.4272727272727273,-0.020181818181818197,0.26198410146703105,-0.46363636363636374,0.36363636363636365,0.098,500
CvYbSG6D7UI,exit_intensity,pattern_change,10,0.006060606060606061,-0.014012121212121208,0.3951927221496326,-0.5636363636363636,0.7454545454545454,1.0,500
CvYbSG6D7UI,exit_intensity,amplitude_change,10,-0.4545454545454545,0.060096969696969676,0.4439343652212859,-0.6606060606060605,0.8424242424242423,0.316,500
D--gRcWLZEc,audienceWatchRatio,reward,11,0.7000000000000001,-0.03616363636363638,0.5722160428277256,-0.8272727272727273,0.9,0.3,500
D--gRcWLZEc,audienceWatchRatio,aversion,11,0.7636363636363637,-0.019109090909090902,0.5212686047970926,-0.7545454545454545,0.8000000000000002,0.13,500
D--gRcWLZEc,audienceWatchRatio,social_value,11,0.6363636363636364,-0.051709090909090934,0.6009935751365167,-0.8272727272727273,0.8000000000000002,0.61,500
D--gRcWLZEc,audienceWatchRatio,engagement,11,0.20000000000000004,-0.017927272727272722,0.5235343347569685,-0.7545454545454545,0.8545454545454546,0.712,500
D--gRcWLZEc,audienceWatchRatio,visual_processing,11,0.33636363636363636,-0.043618181818181834,0.39798928470977923,-0.6000000000000001,0.6545454545454547,0.604,500
D--gRcWLZEc,audienceWatchRatio,auditory_processing,11,-0.6818181818181819,0.08069090909090912,0.3320634988563592,-0.6090909090909091,0.5272727272727273,0.0,500
D--gRcWLZEc,audienceWatchRatio,pattern_change,10,0.41818181818181815,-0.07757575757575759,0.48130309803315047,-0.9272727272727272,0.5878787878787878,0.46,500
D--gRcWLZEc,audienceWatchRatio,amplitude_change,10,-0.22424242424242422,0.03585454545454546,0.4582126390146835,-0.9030303030303028,0.7212121212121211,0.586,500
D--gRcWLZEc,relativeRetentionPerformance,reward,11,-0.10909090909090911,0.018181818181818167,0.27926171853302156,-0.3727272727272728,0.4000000000000001,0.886,500
D--gRcWLZEc,relativeRetentionPerformance,aversion,11,0.05454545454545456,-0.056836363636363636,0.4070641202765591,-0.6272727272727273,0.6090909090909091,1.0,500
D--gRcWLZEc,relativeRetentionPerformance,social_value,11,-0.13636363636363638,-0.0038181818181818325,0.3745890971925601,-0.5727272727272729,0.5454545454545455,0.662,500
D--gRcWLZEc,relativeRetentionPerformance,engagement,11,-0.7636363636363637,0.05387272727272727,0.28744191278089654,-0.3727272727272728,0.6272727272727273,0.0,500
D--gRcWLZEc,relativeRetentionPerformance,visual_processing,11,-0.43636363636363645,0.019418181818181824,0.45767879169089365,-0.5909090909090909,0.6636363636363638,0.51,500
D--gRcWLZEc,relativeRetentionPerformance,auditory_processing,11,-0.20909090909090913,0.0054000000000000254,0.4721578006983795,-0.8181818181818182,0.8363636363636365,0.684,500
D--gRcWLZEc,relativeRetentionPerformance,pattern_change,10,0.41818181818181815,-0.06703030303030302,0.4458598197636855,-0.8303030303030302,0.4666666666666666,0.564,500
D--gRcWLZEc,relativeRetentionPerformance,amplitude_change,10,0.35757575757575755,-0.007684848484848459,0.40415546636379357,-0.7333333333333332,0.6363636363636362,0.42,500
D--gRcWLZEc,exit_intensity,reward,11,-0.6727272727272727,-0.03536363636363636,0.4987576217856287,-0.6363636363636364,0.6818181818181819,0.078,500
D--gRcWLZEc,exit_intensity,aversion,11,-0.7363636363636363,0.06816363636363636,0.44781434280272303,-0.5090909090909091,0.7272727272727273,0.0,500
D--gRcWLZEc,exit_intensity,social_value,11,-0.7545454545454545,-0.007454545454545443,0.47252579622616747,-0.6363636363636364,0.6272727272727273,0.0,500
D--gRcWLZEc,exit_intensity,engagement,11,0.39090909090909093,0.025363636363636373,0.48574981656972427,-0.6545454545454547,0.8000000000000002,0.506,500
D--gRcWLZEc,exit_intensity,visual_processing,11,0.15454545454545454,-0.0063818181818181795,0.5261427701161108,-0.8090909090909091,0.6545454545454547,0.702,500
D--gRcWLZEc,exit_intensity,auditory_processing,11,0.8363636363636365,-0.09014545454545456,0.3516037570667741,-0.8090909090909091,0.5272727272727273,0.0,500
D--gRcWLZEc,exit_intensity,pattern_change,10,0.2606060606060606,-0.01696969696969697,0.4047944075659818,-0.8424242424242423,0.709090909090909,0.43,500
D--gRcWLZEc,exit_intensity,amplitude_change,10,0.6848484848484848,-0.08540606060606058,0.399519249022824,-0.6242424242424242,0.5878787878787878,0.0,500
DXk857urbwo,audienceWatchRatio,reward,11,0.10909090909090911,0.03299999999999999,0.5080773270358893,-0.8000000000000002,0.6818181818181819,0.81,500
DXk857urbwo,audienceWatchRatio,aversion,11,0.3181818181818182,0.05710909090909091,0.3942427070550776,-0.5272727272727273,0.7636363636363637,0.554,500
DXk857urbwo,audienceWatchRatio,social_value,11,0.14545454545454548,0.03767272727272727,0.4450308991036744,-0.6090909090909091,0.7545454545454545,0.714,500
DXk857urbwo,audienceWatchRatio,engagement,11,-0.20000000000000004,0.026872727272727277,0.39814093438927334,-0.5636363636363637,0.44545454545454555,1.0,500
DXk857urbwo,audienceWatchRatio,visual_processing,11,-0.6000000000000001,0.04238181818181818,0.25948578457536786,-0.5,0.36363636363636365,0.0,500
DXk857urbwo,audienceWatchRatio,auditory_processing,11,0.7000000000000001,-0.009327272727272705,0.44879907006282466,-0.8454545454545455,0.4909090909090909,0.196,500
DXk857urbwo,audienceWatchRatio,pattern_change,10,-0.0303030303030303,0.02642424242424242,0.257074192590131,-0.406060606060606,0.4424242424242424,1.0,500
DXk857urbwo,audienceWatchRatio,amplitude_change,10,0.28484848484848485,0.0014303030303030315,0.3644387261080194,-0.5151515151515151,0.5151515151515151,0.546,500
DXk857urbwo,relativeRetentionPerformance,reward,11,0.41818181818181827,0.03205454545454545,0.39467753591428534,-0.6636363636363638,0.690909090909091,0.188,500
DXk857urbwo,relativeRetentionPerformance,aversion,11,0.3181818181818182,0.01809090909090908,0.4162594053736005,-0.6272727272727273,0.8181818181818182,0.294,500
DXk857urbwo,relativeRetentionPerformance,social_value,11,0.21818181818181823,-0.07125454545454546,0.4356027225590153,-0.6272727272727273,0.7545454545454545,0.74,500
DXk857urbwo,relativeRetentionPerformance,engagement,11,0.3454545454545455,-0.030181818181818195,0.42763520408006056,-0.6272727272727273,0.7454545454545456,0.512,500
DXk857urbwo,relativeRetentionPerformance,visual_processing,11,0.06363636363636364,-0.019163636363636376,0.4833560650491878,-0.6363636363636364,0.7727272727272727,1.0,500
DXk857urbwo,relativeRetentionPerformance,auditory_processing,11,-0.18181818181818182,0.03892727272727272,0.421758467168235,-0.5181818181818182,0.8272727272727273,0.708,500
DXk857urbwo,relativeRetentionPerformance,pattern_change,10,0.7818181818181817,-0.06118787878787877,0.3530523745994136,-0.7212121212121211,0.5515151515151515,0.0,500
DXk857urbwo,relativeRetentionPerformance,amplitude_change,10,0.7212121212121211,-0.11442424242424244,0.29416970670902004,-0.5757575757575757,0.3939393939393939,0.0,500
DXk857urbwo,exit_intensity,reward,11,-0.6272727272727273,-0.001636363636363627,0.35548774548510487,-0.4272727272727273,0.690909090909091,0.094,500
DXk857urbwo,exit_intensity,aversion,11,-0.7818181818181819,0.03330909090909091,0.33315510298452294,-0.3545454545454546,0.7272727272727273,0.0,500
DXk857urbwo,exit_intensity,social_value,11,-0.7000000000000001,0.04018181818181819,0.3307511611143828,-0.41818181818181827,0.7272727272727273,0.088,500
DXk857urbwo,exit_intensity,engagement,11,-0.20909090909090913,0.005963636363636361,0.28095140369763133,-0.3545454545454546,0.6000000000000001,0.476,500
DXk857urbwo,exit_intensity,visual_processing,11,0.13636363636363638,0.009400000000000007,0.33783863867995323,-0.43636363636363645,0.6090909090909091,1.0,500
DXk857urbwo,exit_intensity,auditory_processing,11,-0.38181818181818183,-0.07469090909090911,0.2693655453557366,-0.4272727272727273,0.48181818181818187,0.204,500
DXk857urbwo,exit_intensity,pattern_change,10,0.41818181818181815,-0.053818181818181814,0.3709535326910608,-0.5757575757575757,0.6242424242424242,0.344,500
DXk857urbwo,exit_intensity,amplitude_change,10,0.34545454545454546,-0.0220121212121212,0.3538098858121956,-0.6484848484848483,0.5878787878787878,0.316,500
D_-ILXEC-PQ,audienceWatchRatio,reward,10,0.4787878787878787,-0.09425454545454547,0.3851586102391095,-0.5393939393939393,0.5393939393939393,0.46,500
D_-ILXEC-PQ,audienceWatchRatio,aversion,10,0.24848484848484845,-0.039781818181818175,0.3480832417884517,-0.49090909090909085,0.4666666666666666,0.55,500
D_-ILXEC-PQ,audienceWatchRatio,social_value,10,0.22424242424242422,2.4242424242419958e-05,0.4086718385069044,-0.5878787878787878,0.5151515151515151,0.814,500
D_-ILXEC-PQ,audienceWatchRatio,engagement,10,0.28484848484848485,-0.02266666666666667,0.4461220478105735,-0.7212121212121211,0.9515151515151514,0.35,500
D_-ILXEC-PQ,audienceWatchRatio,visual_processing,10,0.309090909090909,0.01936969696969698,0.45754330946559685,-0.7333333333333332,0.9393939393939393,0.356,500
D_-ILXEC-PQ,audienceWatchRatio,auditory_processing,10,-0.0303030303030303,-0.021115151515151517,0.5425716997470391,-0.8666666666666665,0.8545454545454544,1.0,500
D_-ILXEC-PQ,audienceWatchRatio,pattern_change,9,-0.15,0.11080000000000001,0.37863060861184716,-0.3,0.7666666666666667,0.55,500
D_-ILXEC-PQ,audienceWatchRatio,amplitude_change,9,-0.33333333333333337,0.05913333333333332,0.40503075877710265,-0.43333333333333335,0.7,0.482,500
D_-ILXEC-PQ,relativeRetentionPerformance,reward,10,-0.38181818181818183,0.031103030303030306,0.40665133765084693,-0.5757575757575757,0.7454545454545454,0.438,500
D_-ILXEC-PQ,relativeRetentionPerformance,aversion,10,-0.18787878787878787,0.005381818181818177,0.37492711044293286,-0.4666666666666666,0.5757575757575757,0.896,500
D_-ILXEC-PQ,relativeRetentionPerformance,social_value,10,-0.22424242424242422,0.014884848484848476,0.42297542684791,-0.6848484848484848,0.8666666666666665,0.58,500
D_-ILXEC-PQ,relativeRetentionPerformance,engagement,10,-0.12727272727272726,0.0709090909090909,0.44224379881929726,-0.41818181818181815,0.6,1.0,500
D_-ILXEC-PQ,relativeRetentionPerformance,visual_processing,10,-0.17575757575757575,0.05054545454545453,0.47763622136859446,-0.5878787878787878,0.7454545454545454,1.0,500
D_-ILXEC-PQ,relativeRetentionPerformance,auditory_processing,10,-0.8060606060606059,0.09978181818181815,0.6092753739667425,-0.7454545454545454,0.8545454545454544,0.126,500
D_-ILXEC-PQ,relativeRetentionPerformance,pattern_change,9,0.5666666666666667,-0.037066666666666664,0.3667946079816938,-0.9333333333333332,0.26666666666666666,0.102,500
D_-ILXEC-PQ,relativeRetentionPerformance,amplitude_change,9,0.9166666666666666,-0.11696666666666666,0.3050617769858718,-0.7,0.25,0.0,500
D_-ILXEC-PQ,exit_intensity,reward,10,-0.06666666666666665,0.03599999999999999,0.34502367600851375,-0.6363636363636362,0.43030303030303024,1.0,500
D_-ILXEC-PQ,exit_intensity,aversion,10,-0.05454545454545454,-0.024484848484848484,0.29155322626675984,-0.4666666666666666,0.41818181818181815,1.0,500
D_-ILXEC-PQ,exit_intensity,social_value,10,0.006060606060606061,0.006133333333333317,0.34820045607737005,-0.4666666666666666,0.43030303030303024,1.0,500
D_-ILXEC-PQ,exit_intensity,engagement,10,-0.12727272727272726,0.06223030303030302,0.33427570240116805,-0.28484848484848485,0.6484848484848483,0.806,500
D_-ILXEC-PQ,exit_intensity,visual_processing,10,-0.12727272727272726,0.022715151515151504,0.33332983447199505,-0.33333333333333326,0.6363636363636362,0.77,500
D_-ILXEC-PQ,exit_intensity,auditory_processing,10,-0.6969696969696969,0.057260606060606054,0.4207904274993845,-0.5393939393939393,0.6727272727272726,0.0,500
D_-ILXEC-PQ,exit_intensity,pattern_change,9,0.6833333333333333,-0.07890000000000001,0.4536822321601076,-0.8166666666666667,0.5666666666666667,0.134,500
D_-ILXEC-PQ,exit_intensity,amplitude_change,9,0.7833333333333333,-0.12593333333333334,0.3895563231278487,-0.65,0.4666666666666666,0.0,500
E0I_q2uiFaE,audienceWatchRatio,reward,8,0.9047619047619048,-0.07995238095238098,0.5952903957975454,-0.7857142857142858,0.7857142857142858,0.0,500
E0I_q2uiFaE,audienceWatchRatio,aversion,8,0.9047619047619048,0.0031904761904761746,0.6395062774606397,-0.8333333333333335,0.8571428571428572,0.0,500
E0I_q2uiFaE,audienceWatchRatio,social_value,8,0.9047619047619048,-0.027380952380952374,0.6146508235743567,-0.7857142857142858,0.7619047619047621,0.0,500
E0I_q2uiFaE,audienceWatchRatio,engagement,8,0.7619047619047621,-0.049666666666666685,0.5236788819768957,-0.8333333333333335,0.6904761904761906,0.174,500
E0I_q2uiFaE,audienceWatchRatio,visual_processing,8,0.880952380952381,-0.17533333333333337,0.5131930102404332,-0.9523809523809524,0.7619047619047621,0.132,500
E0I_q2uiFaE,audienceWatchRatio,auditory_processing,8,0.8571428571428572,-0.12509523809523812,0.5688819663251573,-0.9761904761904763,0.9047619047619048,0.288,500
E0I_q2uiFaE,relativeRetentionPerformance,reward,8,0.6428571428571429,-0.035619047619047606,0.544576425300616,-0.9047619047619048,0.8333333333333335,0.266,500
E0I_q2uiFaE,relativeRetentionPerformance,aversion,8,0.4523809523809524,-0.03357142857142857,0.5342031066772952,-0.8333333333333335,0.7619047619047621,0.464,500
E0I_q2uiFaE,relativeRetentionPerformance,social_value,8,0.4523809523809524,-0.021761904761904743,0.5575469657774303,-0.9047619047619048,0.8333333333333335,0.556,500
E0I_q2uiFaE,relativeRetentionPerformance,engagement,8,0.04761904761904763,0.010761904761904754,0.505879096093074,-0.8333333333333335,0.7142857142857144,1.0,500
E0I_q2uiFaE,relativeRetentionPerformance,visual_processing,8,0.4047619047619048,-0.05971428571428572,0.590060306691511,-0.7619047619047621,0.6666666666666669,0.858,500
E0I_q2uiFaE,relativeRetentionPerformance,auditory_processing,8,0.523809523809524,-0.10409523809523807,0.6210889493407505,-0.7380952380952381,0.6666666666666669,0.864,500
E0I_q2uiFaE,exit_intensity,reward,8,-0.6190476190476191,0.06876190476190477,0.5189927100707447,-0.8095238095238096,0.9285714285714287,0.294,500
E0I_q2uiFaE,exit_intensity,aversion,8,-0.4523809523809524,-0.005952380952380959,0.5147900415199119,-0.7857142857142858,0.9047619047619048,0.302,500
E0I_q2uiFaE,exit_intensity,social_value,8,-0.4523809523809524,-0.05214285714285712,0.5377948487292603,-0.9047619047619048,0.9285714285714287,0.29,500
E0I_q2uiFaE,exit_intensity,engagement,8,-0.1666666666666667,-0.06285714285714288,0.49217366918082955,-0.7380952380952381,0.9047619047619048,0.59,500
E0I_q2uiFaE,exit_intensity,visual_processing,8,-0.4285714285714286,0.07490476190476193,0.5364897477427752,-0.6190476190476191,0.7857142857142858,0.724,500
E0I_q2uiFaE,exit_intensity,auditory_processing,8,-0.4761904761904762,0.08538095238095239,0.5711460631019228,-0.6904761904761906,0.7142857142857144,0.848,500
FFbzq_UyFdM,audienceWatchRatio,reward,8,-0.261904761904762,-0.013476190476190471,0.5911601472764307,-0.6428571428571429,0.8571428571428572,0.866,500
FFbzq_UyFdM,audienceWatchRatio,aversion,8,-0.6904761904761906,0.023666666666666666,0.5566817200294673,-0.7857142857142858,0.7142857142857144,0.392,500
FFbzq_UyFdM,audienceWatchRatio,social_value,8,-0.6666666666666669,0.07014285714285712,0.5838409278433154,-0.7619047619047621,0.8333333333333335,0.58,500
FFbzq_UyFdM,audienceWatchRatio,engagement,8,-0.14285714285714288,0.05933333333333335,0.5218197793167368,-0.6428571428571429,0.7857142857142858,0.878,500
FFbzq_UyFdM,audienceWatchRatio,visual_processing,8,-0.4761904761904762,0.028428571428571418,0.36469504236128925,-0.5714285714285715,0.5476190476190477,0.276,500
FFbzq_UyFdM,audienceWatchRatio,auditory_processing,8,-0.5952380952380953,0.01119047619047621,0.6242406271176346,-0.7619047619047621,0.7619047619047621,0.868,500
FFbzq_UyFdM,relativeRetentionPerformance,reward,8,0.9523809523809524,-0.052952380952380966,0.5542240515529149,-0.7380952380952381,0.7857142857142858,0.0,500
FFbzq_UyFdM,relativeRetentionPerformance,aversion,8,0.5714285714285715,0.015142857142857149,0.4848214857201289,-0.880952380952381,0.6428571428571429,0.252,500
FFbzq_UyFdM,relativeRetentionPerformance,social_value,8,0.8333333333333335,-0.004476190476190482,0.620398094708847,-0.9047619047619048,0.8333333333333335,0.3,500
FFbzq_UyFdM,relativeRetentionPerformance,engagement,8,0.261904761904762,0.07366666666666666,0.486055648018333,-0.6904761904761906,0.7380952380952381,0.758,500
FFbzq_UyFdM,relativeRetentionPerformance,visual_processing,8,0.261904761904762,0.006952380952380945,0.3762949945222423,-0.8095238095238096,0.4761904761904762,0.3,500
FFbzq_UyFdM,relativeRetentionPerformance,auditory_processing,8,-0.4523809523809524,0.11704761904761904,0.5941747378066651,-0.7619047619047621,0.7857142857142858,0.72,500
FFbzq_UyFdM,exit_intensity,reward,8,0.4761904761904762,0.04085714285714287,0.6329265360213617,-1.0,0.7857142857142858,0.7,500
FFbzq_UyFdM,exit_intensity,aversion,8,0.9285714285714287,0.04366666666666667,0.6004809315926272,-0.7380952380952381,0.8333333333333335,0.0,500
FFbzq_UyFdM,exit_intensity,social_value,8,0.7380952380952381,0.05147619047619045,0.6123464016765825,-0.9285714285714287,0.9047619047619048,0.436,500
FFbzq_UyFdM,exit_intensity,engagement,8,0.5000000000000001,-0.00995238095238094,0.5855455022006338,-0.8571428571428572,0.7857142857142858,0.71,500
FFbzq_UyFdM,exit_intensity,visual_processing,8,0.7380952380952381,-0.025333333333333343,0.41562720955715,-0.4523809523809524,0.7857142857142858,0.158,500
FFbzq_UyFdM,exit_intensity,auditory_processing,8,0.6190476190476191,-0.012476190476190481,0.6147070463517295,-0.8095238095238096,0.7142857142857144,0.408,500
FWkGHZKBb_Q,audienceWatchRatio,reward,11,-0.30000000000000004,0.03530909090909093,0.41143395119793785,-0.6363636363636364,0.6181818181818182,0.524,500
FWkGHZKBb_Q,audienceWatchRatio,aversion,11,0.7181818181818183,-0.03229090909090908,0.5188002128242107,-0.7727272727272727,0.8181818181818182,0.266,500
FWkGHZKBb_Q,audienceWatchRatio,social_value,11,0.6272727272727273,-0.021000000000000005,0.4853341611033416,-0.7000000000000001,0.7272727272727273,0.362,500
FWkGHZKBb_Q,audienceWatchRatio,engagement,11,0.0,0.014018181818181813,0.42646889919837194,-0.5090909090909091,0.6454545454545455,1.0,500
FWkGHZKBb_Q,audienceWatchRatio,visual_processing,11,0.6636363636363638,-0.029236363636363637,0.5873834221597501,-0.8000000000000002,0.9636363636363637,0.318,500
FWkGHZKBb_Q,audienceWatchRatio,auditory_processing,11,0.22727272727272727,-0.05612727272727274,0.5890979042794553,-0.9181818181818183,0.9636363636363637,0.794,500
FWkGHZKBb_Q,audienceWatchRatio,pattern_change,10,0.22424242424242422,0.0014545454545454636,0.3519486564107203,-0.6363636363636362,0.5393939393939393,0.59,500
FWkGHZKBb_Q,audienceWatchRatio,amplitude_change,10,0.5515151515151515,-0.06472727272727272,0.44225424712499006,-0.6969696969696969,0.7212121212121211,0.302,500
FWkGHZKBb_Q,relativeRetentionPerformance,reward,11,-0.4727272727272727,0.03290909090909091,0.43915128513949436,-0.6545454545454547,0.8181818181818182,0.332,500
FWkGHZKBb_Q,relativeRetentionPerformance,aversion,11,-0.3272727272727273,0.07536363636363635,0.3260215857580067,-0.46363636363636374,0.6181818181818182,0.344,500
FWkGHZKBb_Q,relativeRetentionPerformance,social_value,11,-0.045454545454545456,0.0914909090909091,0.36972134961838005,-0.6545454545454547,0.6272727272727273,0.884,500
FWkGHZKBb_Q,relativeRetentionPerformance,engagement,11,0.0,0.00705454545454544,0.47497419016438575,-0.6727272727272727,0.6727272727272727,1.0,500
FWkGHZKBb_Q,relativeRetentionPerformance,visual_processing,11,-0.4090909090909091,0.07754545454545454,0.25679736037880274,-0.46363636363636374,0.39090909090909093,0.088,500
FWkGHZKBb_Q,relativeRetentionPerformance,auditory_processing,11,0.13636363636363638,-0.0014181818181818247,0.4131123217881829,-0.8000000000000002,0.7181818181818183,0.688,500
FWkGHZKBb_Q,relativeRetentionPerformance,pattern_change,10,-0.49090909090909085,0.04300606060606059,0.29005675541011794,-0.4424242424242424,0.5393939393939393,0.092,500
FWkGHZKBb_Q,relativeRetentionPerformance,amplitude_change,10,-0.5878787878787878,0.05469090909090908,0.4106032393507012,-0.5878787878787878,0.6484848484848483,0.254,500
FWkGHZKBb_Q,exit_intensity,reward,11,-0.17272727272727276,0.0032545454545454505,0.2997329163722677,-0.5363636363636364,0.4090909090909091,0.8,500
FWkGHZKBb_Q,exit_intensity,aversion,11,-0.22727272727272727,0.03958181818181818,0.44641387275164734,-0.5545454545454546,0.8363636363636365,0.796,500
FWkGHZKBb_Q,exit_intensity,social_value,11,-0.27272727272727276,-0.001636363636363635,0.37843474933485194,-0.45454545454545453,0.6272727272727273,0.718,500
FWkGHZKBb_Q,exit_intensity,engagement,11,0.28181818181818186,-0.01665454545454547,0.24748249391298052,-0.41818181818181827,0.39090909090909093,0.378,500
FWkGHZKBb_Q,exit_intensity,visual_processing,11,-0.2545454545454546,0.04303636363636363,0.47180813126447146,-0.6727272727272727,0.8090909090909091,0.692,500
FWkGHZKBb_Q,exit_intensity,auditory_processing,11,-0.7000000000000001,0.11552727272727273,0.35985060444670813,-0.43636363636363645,0.790909090909091,0.11,500
FWkGHZKBb_Q,exit_intensity,pattern_change,10,0.2727272727272727,0.028048484848484864,0.3024487520280184,-0.4666666666666666,0.5151515151515151,0.446,500
FWkGHZKBb_Q,exit_intensity,amplitude_change,10,0.5151515151515151,-0.04884848484848484,0.3122423066064149,-0.5272727272727272,0.4787878787878787,0.11,500
Gbmi5k4Gd-k,audienceWatchRatio,reward,8,0.6904761904761906,-0.009333333333333336,0.5276817566310013,-0.9285714285714287,0.7619047619047621,0.29,500
Gbmi5k4Gd-k,audienceWatchRatio,aversion,8,0.7142857142857144,0.030238095238095234,0.5010924007648774,-0.8571428571428572,0.7857142857142858,0.28,500
Gbmi5k4Gd-k,audienceWatchRatio,social_value,8,0.6428571428571429,0.012142857142857136,0.5060707984671953,-0.8571428571428572,0.8095238095238096,0.27,500
Gbmi5k4Gd-k,audienceWatchRatio,engagement,8,0.04761904761904763,0.12833333333333338,0.49665428236397624,-0.8095238095238096,0.7857142857142858,0.856,500
Gbmi5k4Gd-k,audienceWatchRatio,visual_processing,8,0.6428571428571429,0.09257142857142858,0.49544378512368803,-0.9285714285714287,0.7380952380952381,0.288,500
Gbmi5k4Gd-k,audienceWatchRatio,auditory_processing,8,-0.4523809523809524,0.11138095238095243,0.4352093847986048,-0.6190476190476191,0.7619047619047621,0.382,500
Gbmi5k4Gd-k,relativeRetentionPerformance,reward,8,0.9047619047619048,-0.00919047619047618,0.525842916889284,-0.9761904761904763,0.5000000000000001,0.148,500
Gbmi5k4Gd-k,relativeRetentionPerformance,aversion,8,0.9047619047619048,-0.007095238095238088,0.5134545731020962,-1.0,0.5476190476190477,0.134,500
Gbmi5k4Gd-k,relativeRetentionPerformance,social_value,8,0.8095238095238096,0.06152380952380955,0.5201511554248399,-1.0,0.6428571428571429,0.128,500
Gbmi5k4Gd-k,relativeRetentionPerformance,engagement,8,0.30952380952380953,0.06380952380952386,0.5488338492698026,-0.9047619047619048,0.8333333333333335,0.586,500
Gbmi5k4Gd-k,relativeRetentionPerformance,visual_processing,8,0.8095238095238096,0.03595238095238095,0.5297615837345201,-0.9761904761904763,0.6190476190476191,0.158,500
Gbmi5k4Gd-k,relativeRetentionPerformance,auditory_processing,8,-0.09523809523809526,0.09876190476190477,0.40834693577232656,-0.8571428571428572,0.523809523809524,0.832,500
Gbmi5k4Gd-k,exit_intensity,reward,8,0.4047619047619048,-0.038999999999999986,0.5428503320374753,-0.9523809523809524,0.5714285714285715,0.85,500
Gbmi5k4Gd-k,exit_intensity,aversion,8,0.38095238095238104,-0.0779047619047619,0.46251433513360607,-0.9047619047619048,0.5952380952380953,0.296,500
Gbmi5k4Gd-k,exit_intensity,social_value,8,0.5000000000000001,-0.053380952380952376,0.48461092933864697,-0.9047619047619048,0.6190476190476191,0.302,500
Gbmi5k4Gd-k,exit_intensity,engagement,8,0.8333333333333335,-0.037333333333333336,0.48665255780499156,-0.9047619047619048,0.7857142857142858,0.128,500
Gbmi5k4Gd-k,exit_intensity,visual_processing,8,0.5000000000000001,-0.06357142857142856,0.5003315793975068,-0.9047619047619048,0.5952380952380953,0.43,500
Gbmi5k4Gd-k,exit_intensity,auditory_processing,8,0.7142857142857144,-0.08038095238095239,0.44301752344246786,-0.8333333333333335,0.4285714285714286,0.15,500
H8ALzUVqAPQ,audienceWatchRatio,reward,11,0.02727272727272728,-0.012018181818181827,0.28147696586763477,-0.3272727272727273,0.44545454545454555,1.0,500
H8ALzUVqAPQ,audienceWatchRatio,aversion,11,0.43636363636363645,-0.0414909090909091,0.35735736957110165,-0.5727272727272729,0.5727272727272729,0.206,500
H8ALzUVqAPQ,audienceWatchRatio,social_value,11,0.7090909090909092,-0.011036363636363638,0.314500811860887,-0.6636363636363638,0.3272727272727273,0.0,500
H8ALzUVqAPQ,audienceWatchRatio,engagement,11,-0.21818181818181823,-0.04232727272727273,0.3000476083436215,-0.5,0.44545454545454555,0.516,500
H8ALzUVqAPQ,audienceWatchRatio,visual_processing,11,0.27272727272727276,-0.03163636363636365,0.23466339529400213,-0.3545454545454546,0.4090909090909091,0.386,500
H8ALzUVqAPQ,audienceWatchRatio,auditory_processing,11,0.6000000000000001,-0.07238181818181819,0.32788182662569904,-0.6090909090909091,0.33636363636363636,0.096,500
H8ALzUVqAPQ,audienceWatchRatio,pattern_change,10,-0.10303030303030303,0.01893333333333334,0.358910330455424,-0.5030303030303029,0.6,0.762,500
H8ALzUVqAPQ,audienceWatchRatio,amplitude_change,10,0.06666666666666665,-0.03532121212121213,0.3064722354053955,-0.4787878787878787,0.406060606060606,0.884,500
H8ALzUVqAPQ,relativeRetentionPerformance,reward,11,0.23636363636363636,0.01418181818181818,0.39906899919149635,-0.7000000000000001,0.48181818181818187,0.642,500
H8ALzUVqAPQ,relativeRetentionPerformance,aversion,11,0.5727272727272729,0.00585454545454545,0.3796772513683321,-0.8000000000000002,0.6181818181818182,0.188,500
H8ALzUVqAPQ,relativeRetentionPerformance,social_value,11,0.7090909090909092,0.047945454545454555,0.3894041776274608,-0.8363636363636365,0.5090909090909091,0.11,500
H8ALzUVqAPQ,relativeRetentionPerformance,engagement,11,-0.30000000000000004,-0.013199999999999996,0.31561139616374717,-0.5272727272727273,0.5272727272727273,0.37,500
H8ALzUVqAPQ,relativeRetentionPerformance,visual_processing,11,0.15454545454545454,-0.019781818181818192,0.32151102753474303,-0.690909090909091,0.4909090909090909,0.572,500
H8ALzUVqAPQ,relativeRetentionPerformance,auditory_processing,11,0.6727272727272727,-0.1106909090909091,0.41308805056629416,-0.7545454545454545,0.5272727272727273,0.106,500
H8ALzUVqAPQ,relativeRetentionPerformance,pattern_change,10,0.10303030303030303,0.009624242424242426,0.3957109934068427,-0.5757575757575757,0.49090909090909085,1.0,500
H8ALzUVqAPQ,relativeRetentionPerformance,amplitude_change,10,0.3696969696969697,-0.0528,0.32847171258538943,-0.38181818181818183,0.5515151515151515,0.302,500
H8ALzUVqAPQ,exit_intensity,reward,11,-0.03636363636363637,-0.01723636363636362,0.36799402438554774,-0.4272727272727273,0.5727272727272729,0.906,500
H8ALzUVqAPQ,exit_intensity,aversion,11,-0.5181818181818182,-0.017290909090909093,0.34445122194226674,-0.5727272727272729,0.6818181818181819,0.188,500
H8ALzUVqAPQ,exit_intensity,social_value,11,-0.4000000000000001,-0.06125454545454547,0.4151101970591416,-0.5363636363636364,0.7818181818181819,0.424,500
H8ALzUVqAPQ,exit_intensity,engagement,11,0.3181818181818182,-0.008872727272727275,0.28906452481086686,-0.5090909090909091,0.48181818181818187,0.3,500
H8ALzUVqAPQ,exit_intensity,visual_processing,11,-0.3090909090909091,0.04361818181818183,0.29381576225376393,-0.45454545454545453,0.4272727272727273,0.434,500
H8ALzUVqAPQ,exit_intensity,auditory_processing,11,-0.8181818181818182,0.08994545454545454,0.36809569857006635,-0.43636363636363645,0.6090909090909091,0.0,500
H8ALzUVqAPQ,exit_intensity,pattern_change,10,-0.33333333333333326,-0.02763636363636363,0.5164654331298447,-0.7696969696969697,0.7696969696969697,0.786,500
H8ALzUVqAPQ,exit_intensity,amplitude_change,10,-0.4545454545454545,-0.004048484848484853,0.591723068774047,-0.9272727272727272,0.7939393939393938,0.784,500
HSPkdCGz6OQ,audienceWatchRatio,reward,8,-0.14285714285714288,0.003619047619047608,0.17856332680033865,-0.3333333333333334,0.28571428571428575,0.288,500
HSPkdCGz6OQ,audienceWatchRatio,aversion,8,-0.04761904761904763,-0.01514285714285714,0.18058782826874262,-0.28571428571428575,0.2380952380952381,0.86,500
HSPkdCGz6OQ,audienceWatchRatio,social_value,8,-0.14285714285714288,0.00504761904761905,0.17381124591449545,-0.28571428571428575,0.2380952380952381,0.518,500
HSPkdCGz6OQ,audienceWatchRatio,engagement,8,0.09523809523809526,0.00680952380952381,0.08165036627551142,-0.09523809523809526,0.11904761904761905,0.45,500
HSPkdCGz6OQ,audienceWatchRatio,visual_processing,8,-0.04761904761904763,-0.05100000000000002,0.3460383467405976,-0.523809523809524,0.5476190476190477,0.852,500
HSPkdCGz6OQ,audienceWatchRatio,auditory_processing,8,-0.11904761904761905,0.016380952380952378,0.07984770083601773,-0.09523809523809526,0.11904761904761905,0.296,500
HSPkdCGz6OQ,relativeRetentionPerformance,reward,8,0.9761904761904763,-0.13914285714285718,0.6252961493375898,-0.880952380952381,0.7142857142857144,0.0,500
HSPkdCGz6OQ,relativeRetentionPerformance,aversion,8,1.0,-0.15704761904761905,0.5510558737221833,-0.9523809523809524,0.7857142857142858,0.0,500
HSPkdCGz6OQ,relativeRetentionPerformance,social_value,8,0.9761904761904763,-0.1628571428571429,0.5629220009364726,-0.9523809523809524,0.7857142857142858,0.0,500
HSPkdCGz6OQ,relativeRetentionPerformance,engagement,8,0.8571428571428572,-0.0008095238095238208,0.5874175987950563,-1.0,0.7380952380952381,0.114,500
HSPkdCGz6OQ,relativeRetentionPerformance,visual_processing,8,1.0,-0.12457142857142858,0.5181830807884598,-0.7380952380952381,1.0,0.122,500
HSPkdCGz6OQ,relativeRetentionPerformance,auditory_processing,8,0.6666666666666669,-0.07480952380952383,0.6843711365974677,-0.7619047619047621,0.7380952380952381,0.838,500
HSPkdCGz6OQ,exit_intensity,reward,8,0.28571428571428575,-0.00800000000000001,0.35663384679566257,-0.523809523809524,0.5476190476190477,0.576,500
HSPkdCGz6OQ,exit_intensity,aversion,8,0.2142857142857143,0.021571428571428554,0.32216068651607377,-0.6666666666666669,0.4523809523809524,0.554,500
HSPkdCGz6OQ,exit_intensity,social_value,8,0.28571428571428575,0.02399999999999998,0.3526767870157792,-0.6666666666666669,0.4523809523809524,0.46,500
HSPkdCGz6OQ,exit_intensity,engagement,8,0.2380952380952381,0.003571428571428565,0.3057753795949568,-0.38095238095238104,0.4761904761904762,0.71,500
HSPkdCGz6OQ,exit_intensity,visual_processing,8,0.2142857142857143,0.03380952380952379,0.41447149638448333,-0.523809523809524,0.6190476190476191,0.826,500
HSPkdCGz6OQ,exit_intensity,auditory_processing,8,0.3571428571428572,-0.013190476190476183,0.3010291154434588,-0.4523809523809524,0.3571428571428572,0.444,500
HZ2gG0rpwKU,audienceWatchRatio,reward,8,-0.5476190476190477,-0.0017619047619047432,0.5672188805949617,-0.8571428571428572,0.5952380952380953,0.568,500
HZ2gG0rpwKU,audienceWatchRatio,aversion,8,0.0,-0.11433333333333334,0.5715727972752326,-0.9047619047619048,0.5952380952380953,1.0,500
HZ2gG0rpwKU,audienceWatchRatio,social_value,8,0.2142857142857143,-0.10295238095238096,0.5876791587684506,-0.9523809523809524,0.6428571428571429,0.878,500
HZ2gG0rpwKU,audienceWatchRatio,engagement,8,-0.4047619047619048,0.11676190476190476,0.5968068774566794,-0.880952380952381,0.7857142857142858,0.71,500
HZ2gG0rpwKU,audienceWatchRatio,visual_processing,8,-0.5952380952380953,0.07133333333333333,0.6358346524179219,-0.8333333333333335,0.7619047619047621,0.598,500
HZ2gG0rpwKU,audienceWatchRatio,auditory_processing,8,-0.8333333333333335,0.014761904761904759,0.5846407118091949,-0.9285714285714287,0.7619047619047621,0.166,500
HZ2gG0rpwKU,relativeRetentionPerformance,reward,8,-0.023809523809523815,-0.06838095238095238,0.4934787981899918,-0.7142857142857144,0.5714285714285715,1.0,500
HZ2gG0rpwKU,relativeRetentionPerformance,aversion,8,0.5476190476190477,-0.044523809523809535,0.4918618314369289,-0.5952380952380953,0.5714285714285715,0.61,500
HZ2gG0rpwKU,relativeRetentionPerformance,social_value,8,0.30952380952380953,-0.019523809523809527,0.45864559554510625,-0.5952380952380953,0.5476190476190477,0.868,500
HZ2gG0rpwKU,relativeRetentionPerformance,engagement,8,0.6666666666666669,0.030714285714285725,0.493569705737466,-0.7857142857142858,0.8333333333333335,0.274,500
HZ2gG0rpwKU,relativeRetentionPerformance,visual_processing,8,0.5714285714285715,-0.03652380952380956,0.5299664367073459,-0.7619047619047621,0.7857142857142858,0.298,500
HZ2gG0rpwKU,relativeRetentionPerformance,auditory_processing,8,-0.11904761904761905,0.05428571428571428,0.5013709097221799,-0.7142857142857144,0.8571428571428572,0.864,500
HZ2gG0rpwKU,exit_intensity,reward,8,0.14285714285714288,-0.06814285714285717,0.452560713657831,-0.7619047619047621,0.5952380952380953,0.848,500
HZ2gG0rpwKU,exit_intensity,aversion,8,0.5714285714285715,-0.10223809523809527,0.44640130964380104,-0.7142857142857144,0.5952380952380953,0.308,500
HZ2gG0rpwKU,exit_intensity,social_value,8,0.4761904761904762,-0.0661904761904762,0.4384571486494594,-0.7142857142857144,0.5952380952380953,0.428,500
HZ2gG0rpwKU,exit_intensity,engagement,8,0.7857142857142858,-0.06600000000000003,0.35329355442875976,-0.5952380952380953,0.7380952380952381,0.0,500
HZ2gG0rpwKU,exit_intensity,visual_processing,8,0.6190476190476191,-0.06280952380952383,0.4210497059437086,-0.6666666666666669,0.5952380952380953,0.134,500
HZ2gG0rpwKU,exit_intensity,auditory_processing,8,0.0,0.03099999999999999,0.449460999950152,-0.4047619047619048,0.8095238095238096,1.0,500
HnwCYlOsj5k,audienceWatchRatio,reward,10,-0.0303030303030303,-0.007854545454545449,0.29849259390042954,-0.49090909090909085,0.4424242424242424,0.878,500
HnwCYlOsj5k,audienceWatchRatio,aversion,10,-0.01818181818181818,0.06989090909090907,0.33791957769820846,-0.6,0.5393939393939393,0.844,500
HnwCYlOsj5k,audienceWatchRatio,social_value,10,0.04242424242424241,0.0438060606060606,0.3416911442417843,-0.6,0.49090909090909085,0.776,500
HnwCYlOsj5k,audienceWatchRatio,engagement,10,-0.1515151515151515,0.0374060606060606,0.19997377385439424,-0.41818181818181815,0.2727272727272727,0.554,500
HnwCYlOsj5k,audienceWatchRatio,visual_processing,10,-0.01818181818181818,0.04705454545454545,0.2411603647838917,-0.33333333333333326,0.35757575757575755,1.0,500
HnwCYlOsj5k,audienceWatchRatio,auditory_processing,10,0.18787878787878787,0.03745454545454547,0.3401363956955616,-0.41818181818181815,0.6848484848484848,0.654,500
HnwCYlOsj5k,audienceWatchRatio,pattern_change,9,-0.7333333333333334,0.0133,0.4594420517202239,-0.5833333333333334,0.8166666666666667,0.128,500
HnwCYlOsj5k,audienceWatchRatio,amplitude_change,9,-0.6666666666666667,0.04949999999999999,0.42784898036573604,-0.6166666666666666,0.7,0.114,500
HnwCYlOsj5k,relativeRetentionPerformance,reward,10,0.9393939393939393,0.016993939393939384,0.43457958464505236,-0.6,0.7696969696969697,0.0,500
HnwCYlOsj5k,relativeRetentionPerformance,aversion,10,0.9878787878787878,-0.05129696969696969,0.507504624739747,-0.709090909090909,0.7575757575757575,0.0,500
HnwCYlOsj5k,relativeRetentionPerformance,social_value,10,0.9636363636363635,0.011151515151515136,0.5332357486481599,-0.709090909090909,0.8424242424242423,0.0,500
HnwCYlOsj5k,relativeRetentionPerformance,engagement,10,0.9151515151515152,-0.062351515151515144,0.2520003393237472,-0.49090909090909085,0.32121212121212117,0.0,500
HnwCYlOsj5k,relativeRetentionPerformance,visual_processing,10,0.8545454545454544,-0.06126060606060605,0.2966422645116204,-0.6484848484848483,0.28484848484848485,0.0,500
HnwCYlOsj5k,relativeRetentionPerformance,auditory_processing,10,0.2606060606060606,-0.03866666666666668,0.5956267805496903,-0.6969696969696969,0.9030303030303028,0.77,500
HnwCYlOsj5k,relativeRetentionPerformance,pattern_change,9,0.9333333333333332,-0.03883333333333333,0.5824128690199076,-0.8666666666666667,0.7333333333333334,0.0,500
HnwCYlOsj5k,relativeRetentionPerformance,amplitude_change,9,0.8833333333333333,-0.06919999999999998,0.5418089290105467,-0.75,0.7166666666666667,0.0,500
HnwCYlOsj5k,exit_intensity,reward,10,0.8666666666666665,0.013430303030303034,0.39592679773459505,-0.4787878787878787,0.5878787878787878,0.0,500
HnwCYlOsj5k,exit_intensity,aversion,10,0.9030303030303028,-0.05459393939393939,0.5035519725087443,-0.6969696969696969,0.6969696969696969,0.0,500
HnwCYlOsj5k,exit_intensity,social_value,10,0.8909090909090909,-0.04882424242424239,0.5251897855925278,-0.7333333333333332,0.7818181818181817,0.0,500
HnwCYlOsj5k,exit_intensity,engagement,10,0.8909090909090909,-0.07020606060606059,0.16297091900327293,-0.3696969696969697,0.17575757575757575,0.0,500
HnwCYlOsj5k,exit_intensity,visual_processing,10,0.8060606060606059,-0.0512,0.29413459909964934,-0.5151515151515151,0.4787878787878787,0.0,500
HnwCYlOsj5k,exit_intensity,auditory_processing,10,-0.09090909090909088,-0.07713939393939394,0.5286340495532872,-0.5272727272727272,0.7818181818181817,1.0,500
HnwCYlOsj5k,exit_intensity,pattern_change,9,0.8666666666666667,-0.061166666666666654,0.5568694989751988,-0.8666666666666667,0.7833333333333333,0.142,500
HnwCYlOsj5k,exit_intensity,amplitude_change,9,0.8333333333333333,-0.11410000000000001,0.513300400458748,-0.7666666666666667,0.6833333333333333,0.0,500
Hoq6-PsFCYs,audienceWatchRatio,reward,9,-0.6,0.035766666666666655,0.6265976655274454,-0.8666666666666667,0.9333333333333332,0.6,500
Hoq6-PsFCYs,audienceWatchRatio,aversion,9,-0.5,0.1075,0.5995423022791821,-0.9166666666666666,0.8833333333333333,0.494,500
Hoq6-PsFCYs,audienceWatchRatio,social_value,9,-0.5,0.044966666666666655,0.5052839674656002,-0.5833333333333334,0.8333333333333333,0.482,500
Hoq6-PsFCYs,audienceWatchRatio,engagement,9,-0.6833333333333333,-0.018,0.6277830481588011,-0.8666666666666667,0.7999999999999999,0.518,500
Hoq6-PsFCYs,audienceWatchRatio,visual_processing,9,-0.5833333333333334,0.05960000000000001,0.5364523961483753,-0.8833333333333333,0.7166666666666667,0.504,500
Hoq6-PsFCYs,audienceWatchRatio,auditory_processing,9,-0.16666666666666669,-0.03413333333333334,0.30031543416880857,-0.6833333333333333,0.41666666666666663,0.458,500
Hoq6-PsFCYs,audienceWatchRatio,pattern_change,8,-0.2142857142857143,0.009571428571428566,0.6778034066378589,-0.9523809523809524,0.9523809523809524,0.724,500
Hoq6-PsFCYs,audienceWatchRatio,amplitude_change,8,-0.38095238095238104,-0.009761904761904727,0.6128434064394644,-0.9047619047619048,0.8333333333333335,0.55,500
Hoq6-PsFCYs,relativeRetentionPerformance,reward,9,-0.5499999999999999,-0.00746666666666668,0.5685848163056532,-0.8166666666666667,0.9333333333333332,0.474,500
Hoq6-PsFCYs,relativeRetentionPerformance,aversion,9,-0.5666666666666667,0.023200000000000005,0.5850912407479708,-0.9166666666666666,0.8333333333333333,0.478,500
Hoq6-PsFCYs,relativeRetentionPerformance,social_value,9,-0.5666666666666667,0.004766666666666665,0.4829102182485776,-0.6833333333333333,0.9166666666666666,0.364,500
Hoq6-PsFCYs,relativeRetentionPerformance,engagement,9,-0.26666666666666666,-0.019333333333333348,0.45948352648502105,-0.6166666666666666,0.7999999999999999,0.664,500
Hoq6-PsFCYs,relativeRetentionPerformance,visual_processing,9,-0.3666666666666667,-0.016000000000000004,0.4523133132391013,-0.5833333333333334,0.9,0.494,500
Hoq6-PsFCYs,relativeRetentionPerformance,auditory_processing,9,-0.45,0.04560000000000001,0.4366292299473828,-0.8166666666666667,0.7999999999999999,0.242,500
Hoq6-PsFCYs,relativeRetentionPerformance,pattern_change,8,-0.07142857142857144,0.025857142857142846,0.6563515784682956,-0.8571428571428572,0.7380952380952381,1.0,500
Hoq6-PsFCYs,relativeRetentionPerformance,amplitude_change,8,0.11904761904761905,0.04995238095238098,0.6431605968092122,-0.880952380952381,0.7619047619047621,1.0,500
Hoq6-PsFCYs,exit_intensity,reward,9,0.9166666666666666,-0.020366666666666682,0.6033592802892079,-0.7833333333333333,0.9166666666666666,0.12,500
Hoq6-PsFCYs,exit_intensity,aversion,9,0.8333333333333333,-0.13456666666666664,0.5904782722505545,-0.8166666666666667,0.9,0.11,500
Hoq6-PsFCYs,exit_intensity,social_value,9,0.8333333333333333,-0.055333333333333345,0.4974238076775623,-0.5833333333333334,0.7166666666666667,0.0,500
Hoq6-PsFCYs,exit_intensity,engagement,9,0.5833333333333334,-0.029033333333333314,0.5207525099955512,-0.6833333333333333,0.6666666666666667,0.474,500
Hoq6-PsFCYs,exit_intensity,visual_processing,9,0.5,-0.037233333333333354,0.5195230836492681,-0.7333333333333334,0.6,0.748,500
Hoq6-PsFCYs,exit_intensity,auditory_processing,9,0.26666666666666666,-0.06523333333333335,0.4072736603862867,-0.5666666666666667,0.7999999999999999,0.484,500
Hoq6-PsFCYs,exit_intensity,pattern_change,8,0.6904761904761906,-0.026190476190476212,0.5514904562691989,-0.8333333333333335,0.7857142857142858,0.384,500
Hoq6-PsFCYs,exit_intensity,amplitude_change,8,0.4523809523809524,0.0009523809523809526,0.5463455170826254,-0.7380952380952381,0.7380952380952381,0.584,500
IEKLweoMFF4,audienceWatchRatio,reward,10,0.7333333333333332,-0.011418181818181803,0.4995531720252017,-0.709090909090909,0.6969696969696969,0.0,500
IEKLweoMFF4,audienceWatchRatio,aversion,10,0.6242424242424242,0.07199999999999998,0.5192796309984443,-0.7454545454545454,0.7818181818181817,0.336,500
IEKLweoMFF4,audienceWatchRatio,social_value,10,0.6,-0.012775757575757577,0.4679583986281775,-0.7454545454545454,0.709090909090909,0.316,500
IEKLweoMFF4,audienceWatchRatio,engagement,10,0.3939393939393939,0.09738181818181817,0.43248730193623963,-0.6121212121212121,0.6606060606060605,0.45,500
IEKLweoMFF4,audienceWatchRatio,visual_processing,10,0.4545454545454545,0.08305454545454544,0.46131048144806713,-0.5878787878787878,0.8666666666666665,0.55,500
IEKLweoMFF4,audienceWatchRatio,auditory_processing,10,-0.7696969696969697,0.02191515151515155,0.5236050967096055,-0.7212121212121211,0.8181818181818182,0.108,500
IEKLweoMFF4,audienceWatchRatio,pattern_change,9,-0.16666666666666669,0.025666666666666654,0.37176919363138916,-0.43333333333333335,0.8333333333333333,0.484,500
IEKLweoMFF4,audienceWatchRatio,amplitude_change,9,-0.39999999999999997,0.04606666666666665,0.357503808837519,-0.38333333333333336,0.7999999999999999,0.12,500
IEKLweoMFF4,relativeRetentionPerformance,reward,10,-0.6484848484848483,0.03796363636363635,0.4455762482273817,-0.5393939393939393,0.8424242424242423,0.108,500
IEKLweoMFF4,relativeRetentionPerformance,aversion,10,-0.2121212121212121,-0.003612121212121192,0.45593697242961423,-0.6484848484848483,0.8181818181818182,0.898,500
IEKLweoMFF4,relativeRetentionPerformance,social_value,10,-0.18787878787878787,0.03723636363636366,0.4107665464743682,-0.5030303030303029,0.6848484848484848,0.804,500
IEKLweoMFF4,relativeRetentionPerformance,engagement,10,-0.09090909090909088,0.016751515151515135,0.40848737990403466,-0.7818181818181817,0.5636363636363636,0.884,500
IEKLweoMFF4,relativeRetentionPerformance,visual_processing,10,-0.01818181818181818,0.04429090909090911,0.399243045758817,-0.6727272727272726,0.6848484848484848,1.0,500
IEKLweoMFF4,relativeRetentionPerformance,auditory_processing,10,0.2606060606060606,0.01745454545454546,0.5000790240582285,-0.8545454545454544,0.6969696969696969,0.632,500
IEKLweoMFF4,relativeRetentionPerformance,pattern_change,9,0.3666666666666667,0.019166666666666658,0.4111743006992966,-0.9,0.45,0.486,500
IEKLweoMFF4,relativeRetentionPerformance,amplitude_change,9,0.6,-0.08163333333333331,0.37850275061381283,-0.7999999999999999,0.35,0.15,500
IEKLweoMFF4,exit_intensity,reward,10,0.16363636363636364,0.027151515151515173,0.4333248399252402,-0.6363636363636362,0.5515151515151515,0.774,500
IEKLweoMFF4,exit_intensity,aversion,10,0.34545454545454546,-0.007345454545454543,0.37317957557859116,-0.4424242424242424,0.6606060606060605,0.562,500
IEKLweoMFF4,exit_intensity,social_value,10,0.3939393939393939,-0.05287272727272726,0.3219990260581065,-0.5515151515151515,0.406060606060606,0.434,500
IEKLweoMFF4,exit_intensity,engagement,10,0.5030303030303029,-0.039927272727272714,0.33861112405432475,-0.6363636363636362,0.4545454545454545,0.124,500
IEKLweoMFF4,exit_intensity,visual_processing,10,0.12727272727272726,0.023757575757575745,0.34947798405719277,-0.6121212121212121,0.7212121212121211,0.65,500
IEKLweoMFF4,exit_intensity,auditory_processing,10,0.12727272727272726,-0.03192727272727272,0.43970639573882386,-0.7818181818181817,0.5151515151515151,0.706,500
IEKLweoMFF4,exit_intensity,pattern_change,9,0.39999999999999997,-0.04726666666666665,0.4988946404023822,-0.8333333333333333,0.7166666666666667,0.53,500
IEKLweoMFF4,exit_intensity,amplitude_change,9,0.43333333333333335,0.015066666666666662,0.5276095947236407,-0.7833333333333333,0.5666666666666667,0.752,500
IMVPu2P7jTg,audienceWatchRatio,reward,11,0.44545454545454555,-0.03134545454545455,0.4796399558759959,-0.6727272727272727,0.8454545454545455,0.4,500
IMVPu2P7jTg,audienceWatchRatio,aversion,11,0.7636363636363637,0.012363636363636365,0.4586821222330323,-0.6090909090909091,0.6090909090909091,0.0,500
IMVPu2P7jTg,audienceWatchRatio,social_value,11,0.5545454545454546,-0.009545454545454518,0.42720188000638737,-0.6727272727272727,0.7000000000000001,0.38,500
IMVPu2P7jTg,audienceWatchRatio,engagement,11,0.5090909090909091,-0.05107272727272728,0.4758915144796333,-0.7454545454545456,0.7636363636363637,0.414,500
IMVPu2P7jTg,audienceWatchRatio,visual_processing,11,0.5090909090909091,-0.0707636363636364,0.46759038937023184,-0.8727272727272729,0.6363636363636364,0.312,500
IMVPu2P7jTg,audienceWatchRatio,auditory_processing,11,0.8090909090909091,-0.050254545454545455,0.32618217492632773,-0.5818181818181819,0.5454545454545455,0.0,500
IMVPu2P7jTg,audienceWatchRatio,pattern_change,10,0.34545454545454546,-0.046278787878787864,0.4602685966333483,-0.7333333333333332,0.7818181818181817,0.442,500
IMVPu2P7jTg,audienceWatchRatio,amplitude_change,10,-0.17575757575757575,0.049381818181818186,0.37939287907684144,-0.6848484848484848,0.5272727272727272,0.524,500
IMVPu2P7jTg,relativeRetentionPerformance,reward,11,0.14545454545454548,-0.026381818181818166,0.29447254933872796,-0.5181818181818182,0.41818181818181827,0.734,500
IMVPu2P7jTg,relativeRetentionPerformance,aversion,11,0.46363636363636374,0.006927272727272708,0.43679044997582384,-0.8727272727272729,0.7818181818181819,0.258,500
IMVPu2P7jTg,relativeRetentionPerformance,social_value,11,0.41818181818181827,0.004854545454545448,0.35927300837309584,-0.5727272727272729,0.6272727272727273,0.228,500
IMVPu2P7jTg,relativeRetentionPerformance,engagement,11,0.03636363636363637,0.04090909090909092,0.39019744948779056,-0.5545454545454546,0.5909090909090909,1.0,500
IMVPu2P7jTg,relativeRetentionPerformance,visual_processing,11,0.08181818181818183,0.011963636363636355,0.4649358032643053,-0.7090909090909092,0.8636363636363636,0.896,500
IMVPu2P7jTg,relativeRetentionPerformance,auditory_processing,11,0.6181818181818182,-0.06521818181818184,0.4651372963575486,-0.5727272727272729,0.8454545454545455,0.086,500
IMVPu2P7jTg,relativeRetentionPerformance,pattern_change,10,-0.309090909090909,-0.007127272727272721,0.4592177252188641,-0.7575757575757575,0.7818181818181817,0.434,500
IMVPu2P7jTg,relativeRetentionPerformance,amplitude_change,10,-0.4424242424242424,0.08489696969696968,0.3674998765515181,-0.5393939393939393,0.7212121212121211,0.314,500
IMVPu2P7jTg,exit_intensity,reward,11,-0.045454545454545456,0.017290909090909103,0.4283383612700796,-0.5818181818181819,0.8909090909090911,0.892,500
IMVPu2P7jTg,exit_intensity,aversion,11,0.3545454545454546,-0.0337272727272727,0.40561532686577534,-0.7363636363636363,0.5545454545454546,0.516,500
IMVPu2P7jTg,exit_intensity,social_value,11,0.27272727272727276,-0.0505818181818182,0.45982766301019945,-0.6000000000000001,0.8909090909090911,0.598,500
IMVPu2P7jTg,exit_intensity,engagement,11,0.05454545454545456,-0.028327272727272743,0.4699613615206191,-0.7545454545454545,0.6818181818181819,0.908,500
IMVPu2P7jTg,exit_intensity,visual_processing,11,-0.22727272727272727,0.022563636363636376,0.3993806854378745,-0.881818181818182,0.5727272727272729,0.506,500
IMVPu2P7jTg,exit_intensity,auditory_processing,11,-0.11818181818181818,0.05149090909090908,0.37140998976315626,-0.44545454545454555,0.7636363636363637,0.756,500
IMVPu2P7jTg,exit_intensity,pattern_change,10,-0.16363636363636364,0.02368484848484848,0.5165081436718484,-0.9636363636363635,0.7818181818181817,0.666,500
IMVPu2P7jTg,exit_intensity,amplitude_change,10,-0.5151515151515151,0.14610909090909086,0.32820855740420857,-0.3939393939393939,0.6727272727272726,0.218,500
IYZfIQUAhwA,audienceWatchRatio,reward,11,0.8272727272727273,-0.04856363636363638,0.5638528203132505,-0.8727272727272729,0.6545454545454547,0.134,500
IYZfIQUAhwA,audienceWatchRatio,aversion,11,0.3272727272727273,0.029854545454545474,0.48940234626422224,-0.7818181818181819,0.7090909090909092,0.584,500
IYZfIQUAhwA,audienceWatchRatio,social_value,11,0.6545454545454547,-0.004200000000000015,0.5170683855854087,-0.8363636363636365,0.690909090909091,0.286,500
IYZfIQUAhwA,audienceWatchRatio,engagement,11,0.6636363636363638,-0.01947272727272729,0.5374892530926388,-0.8909090909090911,0.8272727272727273,0.296,500
IYZfIQUAhwA,audienceWatchRatio,visual_processing,11,0.6090909090909091,-0.04114545454545457,0.47917123045856336,-0.8727272727272729,0.9272727272727275,0.256,500
IYZfIQUAhwA,audienceWatchRatio,auditory_processing,11,-0.3545454545454546,-0.02763636363636364,0.5361785813275091,-0.790909090909091,0.8909090909090911,0.688,500
IYZfIQUAhwA,audienceWatchRatio,pattern_change,10,0.29696969696969694,-0.018181818181818164,0.49529236526426745,-0.8303030303030302,0.6727272727272726,0.77,500
IYZfIQUAhwA,audienceWatchRatio,amplitude_change,10,0.006060606060606061,-0.03202424242424243,0.5490486084448823,-0.709090909090909,0.7212121212121211,1.0,500
IYZfIQUAhwA,relativeRetentionPerformance,reward,11,0.7000000000000001,0.023436363636363616,0.49791332479485273,-0.5727272727272729,0.8090909090909091,0.124,500
IYZfIQUAhwA,relativeRetentionPerformance,aversion,11,0.8909090909090911,-0.0010545454545454725,0.4770237050782819,-0.7454545454545456,0.8181818181818182,0.0,500
IYZfIQUAhwA,relativeRetentionPerformance,social_value,11,0.8090909090909091,0.03009090909090911,0.4901740203722898,-0.7090909090909092,0.8000000000000002,0.0,500
IYZfIQUAhwA,relativeRetentionPerformance,engagement,11,0.6454545454545455,0.005672727272727294,0.5078408861246155,-0.8181818181818182,0.6636363636363638,0.192,500
IYZfIQUAhwA,relativeRetentionPerformance,visual_processing,11,0.7727272727272727,-0.049690909090909105,0.456700784915188,-0.9272727272727275,0.6000000000000001,0.088,500
IYZfIQUAhwA,relativeRetentionPerformance,auditory_processing,11,-0.9090909090909091,0.051218181818181836,0.4671000781151794,-0.9636363636363637,0.6818181818181819,0.12,500
IYZfIQUAhwA,relativeRetentionPerformance,pattern_change,10,-0.07878787878787878,-0.018909090909090903,0.547555871584706,-0.6363636363636362,0.6363636363636362,1.0,500
IYZfIQUAhwA,relativeRetentionPerformance,amplitude_change,10,0.09090909090909088,0.022424242424242416,0.6385345366177362,-0.9272727272727272,0.9151515151515152,1.0,500
IYZfIQUAhwA,exit_intensity,reward,11,0.018181818181818184,-0.027600000000000024,0.3675672428502422,-0.6636363636363638,0.4272727272727273,1.0,500
IYZfIQUAhwA,exit_intensity,aversion,11,0.009090909090909092,0.00478181818181821,0.36255627366003196,-0.6818181818181819,0.4000000000000001,1.0,500
IYZfIQUAhwA,exit_intensity,social_value,11,-0.08181818181818183,-0.024127272727272723,0.3443621824870913,-0.6363636363636364,0.46363636363636374,1.0,500
IYZfIQUAhwA,exit_intensity,engagement,11,-0.21818181818181823,0.013272727272727257,0.3888878399566072,-0.7090909090909092,0.6818181818181819,0.394,500
IYZfIQUAhwA,exit_intensity,visual_processing,11,-0.15454545454545454,-0.008854545454545474,0.4381498785039862,-0.6818181818181819,0.7727272727272727,0.544,500
IYZfIQUAhwA,exit_intensity,auditory_processing,11,-0.08181818181818183,0.004145454545454541,0.3978379652717552,-0.6090909090909091,0.6090909090909091,0.804,500
IYZfIQUAhwA,exit_intensity,pattern_change,10,0.7818181818181817,-0.07427878787878789,0.4552856383104903,-0.7454545454545454,0.5757575757575757,0.0,500
IYZfIQUAhwA,exit_intensity,amplitude_change,10,0.8909090909090909,0.0013090909090909052,0.501743565818457,-0.7454545454545454,0.7212121212121211,0.0,500
J9u57AavaXE,audienceWatchRatio,reward,18,-0.43859649122807015,-0.008218782249742006,0.2523942246523278,-0.46955624355005166,0.40144478844169246,0.062,500
J9u57AavaXE,audienceWatchRatio,aversion,18,-0.20123839009287925,0.007830753353973168,0.33643120517107394,-0.6800825593395253,0.500515995872033,0.62,500
J9u57AavaXE,audienceWatchRatio,social_value,18,-0.19091847265221878,0.01817543859649123,0.2940099117512662,-0.5830753353973168,0.4324045407636739,0.566,500
J9u57AavaXE,audienceWatchRatio,engagement,18,-0.48813209494324045,0.03910010319917441,0.2420802130908911,-0.3973168214654283,0.3746130030959752,0.0,500
J9u57AavaXE,audienceWatchRatio,visual_processing,18,-0.009287925696594427,0.023785345717234264,0.3698320661270638,-0.5624355005159958,0.6243550051599587,0.946,500
J9u57AavaXE,audienceWatchRatio,auditory_processing,18,-0.21775025799793604,-0.031574819401444805,0.30671126033152873,-0.6449948400412797,0.48813209494324045,0.504,500
J9u57AavaXE,audienceWatchRatio,pattern_change,17,-0.29901960784313725,0.031210784313725478,0.3904713413196475,-0.5931372549019609,0.5710784313725491,0.608,500
J9u57AavaXE,audienceWatchRatio,amplitude_change,17,-0.31127450980392163,0.015852941176470584,0.36409649053702287,-0.6813725490196079,0.5147058823529412,0.538,500
J9u57AavaXE,relativeRetentionPerformance,reward,18,-0.3168214654282766,0.007958720330237347,0.40628132361854696,-0.8679050567595459,0.6656346749226005,0.424,500
J9u57AavaXE,relativeRetentionPerformance,aversion,18,-0.26109391124871,0.04653044375644995,0.37443824621128313,-0.7110423116615068,0.5727554179566564,0.702,500
J9u57AavaXE,relativeRetentionPerformance,social_value,18,-0.11661506707946334,0.013593395252837986,0.37199285320787057,-0.7007223942208461,0.564499484004128,0.854,500
J9u57AavaXE,relativeRetentionPerformance,engagement,18,-0.5830753353973168,0.07483178534571723,0.3605994079519852,-0.6862745098039216,0.8328173374613003,0.116,500
J9u57AavaXE,relativeRetentionPerformance,visual_processing,18,-0.45098039215686275,0.03710216718266254,0.34816016826964935,-0.44685242518059853,0.7089783281733747,0.116,500
J9u57AavaXE,relativeRetentionPerformance,auditory_processing,18,-0.2693498452012384,0.017027863777089782,0.3549148341902122,-0.6408668730650156,0.8018575851393188,0.506,500
J9u57AavaXE,relativeRetentionPerformance,pattern_change,17,-0.2303921568627451,0.0012696078431372682,0.2989310548321475,-0.6127450980392157,0.46813725490196084,0.454,500
J9u57AavaXE,relativeRetentionPerformance,amplitude_change,17,-0.22549019607843138,-0.011656862745098036,0.30184955918828293,-0.6127450980392157,0.556372549019608,0.378,500
J9u57AavaXE,exit_intensity,reward,18,0.479876160990712,-0.012144478844169254,0.3119436973412149,-0.5995872033023736,0.6016511867905057,0.144,500
J9u57AavaXE,exit_intensity,aversion,18,0.5190918472652218,-0.00891640866873065,0.32839644008117663,-0.5727554179566564,0.46955624355005166,0.052,500
J9u57AavaXE,exit_intensity,social_value,18,0.4262125902992776,-0.05463777089783282,0.32494431541884383,-0.6160990712074303,0.4282765737874097,0.184,500
J9u57AavaXE,exit_intensity,engagement,18,0.6408668730650156,-0.036400412796697625,0.31879656837436604,-0.6656346749226005,0.5768833849329206,0.05,500
J9u57AavaXE,exit_intensity,visual_processing,18,0.5273477812177503,-0.05957894736842105,0.271926672123629,-0.5356037151702786,0.40144478844169246,0.082,500
J9u57AavaXE,exit_intensity,auditory_processing,18,0.027863777089783277,-0.009927760577915364,0.37775319855962225,-0.7337461300309597,0.7481940144478844,0.942,500
J9u57AavaXE,exit_intensity,pattern_change,17,-0.15686274509803924,0.032186274509803936,0.3428479047535882,-0.5661764705882354,0.5465686274509804,0.642,500
J9u57AavaXE,exit_intensity,amplitude_change,17,-0.16911764705882354,0.002735294117647057,0.3437629322302623,-0.6470588235294119,0.5416666666666667,0.574,500
JnW53LsT6V4,audienceWatchRatio,reward,9,0.6666666666666667,-0.0458,0.5122609187600484,-0.6666666666666667,0.7666666666666667,0.258,500
JnW53LsT6V4,audienceWatchRatio,aversion,9,0.16666666666666669,0.018600000000000002,0.6381410815799278,-0.7833333333333333,0.9,1.0,500
JnW53LsT6V4,audienceWatchRatio,social_value,9,0.7666666666666667,-0.03596666666666667,0.4562799567029971,-0.6666666666666667,0.7833333333333333,0.114,500
JnW53LsT6V4,audienceWatchRatio,engagement,9,0.65,-0.11823333333333334,0.38814414704963524,-0.6666666666666667,0.75,0.222,500
JnW53LsT6V4,audienceWatchRatio,visual_processing,9,0.6666666666666667,-0.10683333333333335,0.5510207447193899,-0.7833333333333333,0.7833333333333333,0.484,500
JnW53LsT6V4,audienceWatchRatio,auditory_processing,9,0.75,-0.04316666666666665,0.4965844171269708,-0.7999999999999999,0.6333333333333333,0.134,500
JnW53LsT6V4,audienceWatchRatio,pattern_change,8,0.9047619047619048,-0.09114285714285718,0.655995554710894,-0.9047619047619048,0.9047619047619048,0.272,500
JnW53LsT6V4,audienceWatchRatio,amplitude_change,8,0.07142857142857144,-0.13461904761904764,0.6840896279345413,-0.9761904761904763,0.8571428571428572,1.0,500
JnW53LsT6V4,relativeRetentionPerformance,reward,9,-0.2833333333333333,0.0541666666666667,0.5320514542786252,-0.7833333333333333,0.7333333333333334,0.762,500
JnW53LsT6V4,relativeRetentionPerformance,aversion,9,0.31666666666666665,-0.009399999999999976,0.5061823079572111,-0.8499999999999999,0.7,0.498,500
JnW53LsT6V4,relativeRetentionPerformance,social_value,9,-0.3666666666666667,0.006599999999999997,0.4656772797645263,-0.6833333333333333,0.6333333333333333,0.634,500
JnW53LsT6V4,relativeRetentionPerformance,engagement,9,-0.6333333333333333,0.06613333333333332,0.38004055923896685,-0.43333333333333335,0.6,0.0,500
JnW53LsT6V4,relativeRetentionPerformance,visual_processing,9,-0.41666666666666663,0.0823,0.49083663156786583,-0.6,0.7166666666666667,0.764,500
JnW53LsT6V4,relativeRetentionPerformance,auditory_processing,9,-0.5,-0.05209999999999999,0.5020696399239186,-0.6833333333333333,0.6666666666666667,0.53,500
JnW53LsT6V4,relativeRetentionPerformance,pattern_change,8,-0.6904761904761906,0.10733333333333334,0.6989309685986259,-0.8095238095238096,0.9285714285714287,0.598,500
JnW53LsT6V4,relativeRetentionPerformance,amplitude_change,8,-0.523809523809524,0.17061904761904764,0.7656805414857932,-0.9761904761904763,0.9761904761904763,0.86,500
JnW53LsT6V4,exit_intensity,reward,9,0.3,-0.07836666666666664,0.35061422136334147,-0.75,0.35,0.376,500
JnW53LsT6V4,exit_intensity,aversion,9,0.03333333333333333,0.038499999999999986,0.32956111387385767,-0.6333333333333333,0.4666666666666666,0.73,500
JnW53LsT6V4,exit_intensity,social_value,9,0.3666666666666667,-0.01993333333333335,0.3634256702240195,-0.8666666666666667,0.39999999999999997,0.248,500
JnW53LsT6V4,exit_intensity,engagement,9,0.5,-0.08556666666666667,0.27361166926057,-0.65,0.38333333333333336,0.11,500
JnW53LsT6V4,exit_intensity,visual_processing,9,0.5,-0.1329666666666667,0.36496937314428635,-0.8666666666666667,0.39999999999999997,0.128,500
JnW53LsT6V4,exit_intensity,auditory_processing,9,0.26666666666666666,-0.036666666666666674,0.2876610659941468,-0.6666666666666667,0.48333333333333334,0.204,500
JnW53LsT6V4,exit_intensity,pattern_change,8,0.04761904761904763,0.057857142857142836,0.5351823284793261,-0.6666666666666669,0.880952380952381,1.0,500
JnW53LsT6V4,exit_intensity,amplitude_change,8,0.3571428571428572,-0.12861904761904766,0.5386598365398462,-0.6904761904761906,0.6428571428571429,0.736,500
JosAi5CWpsw,audienceWatchRatio,reward,11,0.4272727272727273,-0.027999999999999997,0.5314668303248447,-0.8181818181818182,0.8363636363636365,0.454,500
JosAi5CWpsw,audienceWatchRatio,aversion,11,0.9272727272727275,-0.011763636363636355,0.55459728252591,-0.6636363636363638,0.9272727272727275,0.138,500
JosAi5CWpsw,audienceWatchRatio,social_value,11,0.9363636363636365,-0.06745454545454549,0.545426029557637,-0.6272727272727273,0.9454545454545454,0.108,500
JosAi5CWpsw,audienceWatchRatio,engagement,11,0.48181818181818187,-0.00916363636363636,0.567589359185985,-0.8181818181818182,0.8545454545454546,0.41,500
JosAi5CWpsw,audienceWatchRatio,visual_processing,11,-0.10909090909090911,0.011072727272727253,0.5396958491472552,-0.8727272727272729,0.8090909090909091,1.0,500
JosAi5CWpsw,audienceWatchRatio,auditory_processing,11,0.02727272727272728,0.043072727272727276,0.6113292221473139,-0.8636363636363636,0.9,1.0,500
JosAi5CWpsw,audienceWatchRatio,pattern_change,10,0.7696969696969697,0.011757575757575753,0.5268349419075127,-0.7333333333333332,0.7333333333333332,0.0,500
JosAi5CWpsw,audienceWatchRatio,amplitude_change,10,0.8181818181818182,0.0018909090909090826,0.6083923223145076,-0.8060606060606059,0.9393939393939393,0.124,500
JosAi5CWpsw,relativeRetentionPerformance,reward,11,0.3545454545454546,0.004854545454545465,0.5628000279006379,-0.8181818181818182,0.790909090909091,0.718,500
JosAi5CWpsw,relativeRetentionPerformance,aversion,11,0.9090909090909091,-0.047672727272727276,0.5169833400452064,-0.6727272727272727,0.881818181818182,0.0,500
JosAi5CWpsw,relativeRetentionPerformance,social_value,11,0.9,-0.08412727272727273,0.5365024076259396,-0.6181818181818182,0.9090909090909091,0.084,500
JosAi5CWpsw,relativeRetentionPerformance,engagement,11,0.38181818181818183,-0.009890909090909103,0.5767598477559539,-0.8090909090909091,0.8090909090909091,0.806,500
JosAi5CWpsw,relativeRetentionPerformance,visual_processing,11,-0.20000000000000004,0.04550909090909092,0.5528503125613421,-0.8636363636363636,0.7636363636363637,0.91,500
JosAi5CWpsw,relativeRetentionPerformance,auditory_processing,11,-0.009090909090909092,0.05381818181818182,0.6436367231637414,-0.8909090909090911,0.9272727272727275,1.0,500
JosAi5CWpsw,relativeRetentionPerformance,pattern_change,10,0.7696969696969697,-0.02870303030303029,0.6170602512577497,-0.7333333333333332,0.8303030303030302,0.124,500
JosAi5CWpsw,relativeRetentionPerformance,amplitude_change,10,0.8545454545454544,-0.035733333333333304,0.6469043664126456,-0.8303030303030302,0.8787878787878788,0.126,500
JosAi5CWpsw,exit_intensity,reward,11,-0.5545454545454546,0.05565454545454544,0.3368594767962422,-0.3727272727272728,0.6363636363636364,0.098,500
JosAi5CWpsw,exit_intensity,aversion,11,-0.10000000000000002,0.018218181818181814,0.2623101413364224,-0.36363636363636365,0.4090909090909091,1.0,500
JosAi5CWpsw,exit_intensity,social_value,11,-0.17272727272727276,0.004290909090909096,0.30778725291644426,-0.39090909090909093,0.5,0.838,500
JosAi5CWpsw,exit_intensity,engagement,11,-0.21818181818181823,0.05065454545454548,0.3487077461591655,-0.36363636363636365,0.6272727272727273,0.724,500
JosAi5CWpsw,exit_intensity,visual_processing,11,-0.44545454545454555,0.025709090909090918,0.30706265223353724,-0.39090909090909093,0.5272727272727273,0.2,500
JosAi5CWpsw,exit_intensity,auditory_processing,11,-0.29090909090909095,0.025490909090909092,0.3124556939170049,-0.5181818181818182,0.38181818181818183,0.51,500
JosAi5CWpsw,exit_intensity,pattern_change,10,0.6969696969696969,-0.021793939393939386,0.3219301742016804,-0.7212121212121211,0.4424242424242424,0.102,500
JosAi5CWpsw,exit_intensity,amplitude_change,10,0.6242424242424242,-0.011587878787878793,0.26134976729122456,-0.5515151515151515,0.3696969696969697,0.0,500
KdbWaBQGCnA,audienceWatchRatio,reward,21,0.37272727272727274,-0.014103896103896105,0.2696152703309195,-0.4896103896103896,0.5181818181818182,0.212,500
KdbWaBQGCnA,audienceWatchRatio,aversion,21,0.20129870129870128,0.01297662337662337,0.26879561825292403,-0.4896103896103896,0.5064935064935064,0.374,500
KdbWaBQGCnA,audienceWatchRatio,social_value,21,0.5584415584415584,-0.03412987012987013,0.294513413589739,-0.45194805194805193,0.7571428571428571,0.038,500
KdbWaBQGCnA,audienceWatchRatio,engagement,21,0.42727272727272725,-0.015327272727272728,0.3301618170345557,-0.5961038961038961,0.42337662337662335,0.15,500
KdbWaBQGCnA,audienceWatchRatio,visual_processing,21,0.24545454545454545,-0.0305038961038961,0.21684742631913165,-0.34415584415584416,0.3571428571428571,0.35,500
KdbWaBQGCnA,audienceWatchRatio,auditory_processing,21,-0.0025974025974025974,-0.018584415584415582,0.24376415770345253,-0.45714285714285713,0.37142857142857144,1.0,500
KdbWaBQGCnA,audienceWatchRatio,pattern_change,20,-0.09774436090225563,-0.013927819548872178,0.2092563703144006,-0.35037593984962395,0.38646616541353385,0.59,500
KdbWaBQGCnA,audienceWatchRatio,amplitude_change,20,-0.05864661654135337,0.016520300751879692,0.22384064437767795,-0.3804511278195489,0.3578947368421052,0.784,500
KdbWaBQGCnA,relativeRetentionPerformance,reward,21,0.2025974025974026,-0.03194285714285714,0.28379486551741245,-0.5818181818181818,0.4285714285714285,0.516,500
KdbWaBQGCnA,relativeRetentionPerformance,aversion,21,0.2922077922077922,-0.008446753246753242,0.2651309117734181,-0.43506493506493504,0.5701298701298702,0.256,500
KdbWaBQGCnA,relativeRetentionPerformance,social_value,21,0.5610389610389611,-0.0404025974025974,0.2658080787478252,-0.5181818181818182,0.45714285714285713,0.0,500
KdbWaBQGCnA,relativeRetentionPerformance,engagement,21,0.11428571428571428,-0.02738181818181818,0.3553648325071435,-0.648051948051948,0.6779220779220779,0.784,500
KdbWaBQGCnA,relativeRetentionPerformance,visual_processing,21,0.06493506493506493,-0.019989610389610384,0.3138771260993908,-0.45194805194805193,0.5389610389610389,0.94,500
KdbWaBQGCnA,relativeRetentionPerformance,auditory_processing,21,-0.07792207792207792,-0.005470129870129878,0.25882928253396753,-0.44935064935064933,0.509090909090909,0.82,500
KdbWaBQGCnA,relativeRetentionPerformance,pattern_change,20,-0.2902255639097744,0.02022857142857143,0.25415811481331163,-0.5819548872180451,0.4947368421052631,0.22,500
KdbWaBQGCnA,relativeRetentionPerformance,amplitude_change,20,-0.037593984962406006,0.02663458646616541,0.20205690577943247,-0.4060150375939849,0.3037593984962406,0.86,500
KdbWaBQGCnA,exit_intensity,reward,21,-0.14415584415584418,0.01613246753246753,0.19989484466150342,-0.37792207792207794,0.29740259740259745,0.448,500
KdbWaBQGCnA,exit_intensity,aversion,21,-0.17922077922077922,0.016516883116883107,0.17363011031100442,-0.43376623376623374,0.32857142857142857,0.35,500
KdbWaBQGCnA,exit_intensity,social_value,21,-0.04935064935064935,0.023545454545454553,0.31867540062430755,-0.6805194805194805,0.5948051948051949,0.796,500
KdbWaBQGCnA,exit_intensity,engagement,21,0.05324675324675325,-0.025870129870129866,0.2885716436577921,-0.47922077922077916,0.4051948051948052,1.0,500
KdbWaBQGCnA,exit_intensity,visual_processing,21,-0.0025974025974025974,-0.010051948051948048,0.20933295822901554,-0.5779220779220778,0.41038961038961036,0.944,500
KdbWaBQGCnA,exit_intensity,auditory_processing,21,-0.1935064935064935,-0.006106493506493514,0.23271189795863367,-0.4948051948051948,0.348051948051948,0.418,500
KdbWaBQGCnA,exit_intensity,pattern_change,20,0.09924812030075188,-0.004189473684210522,0.200149507146903,-0.4526315789473684,0.47218045112781953,0.616,500
KdbWaBQGCnA,exit_intensity,amplitude_change,20,0.13684210526315788,-0.025422556390977447,0.24794121203289865,-0.49624060150375937,0.4661654135338345,0.614,500
KnZ6uWT3aVU,audienceWatchRatio,reward,8,0.9761904761904763,-0.05952380952380955,0.6054448712009146,-0.9761904761904763,0.9523809523809524,0.126,500
KnZ6uWT3aVU,audienceWatchRatio,aversion,8,0.7619047619047621,-0.10261904761904762,0.5485364468839704,-0.8571428571428572,0.9285714285714287,0.432,500
KnZ6uWT3aVU,audienceWatchRatio,social_value,8,0.6666666666666669,-0.023809523809523787,0.5609980578056203,-0.8571428571428572,0.9285714285714287,0.412,500
KnZ6uWT3aVU,audienceWatchRatio,engagement,8,0.7619047619047621,-0.04709523809523813,0.5419549290528841,-0.8095238095238096,0.9285714285714287,0.258,500
KnZ6uWT3aVU,audienceWatchRatio,visual_processing,8,0.7857142857142858,-0.07719047619047623,0.5445813449521029,-0.8333333333333335,0.9047619047619048,0.418,500
KnZ6uWT3aVU,audienceWatchRatio,auditory_processing,8,0.880952380952381,-0.15514285714285714,0.5312447113248825,-0.7380952380952381,0.6904761904761906,0.0,500
KnZ6uWT3aVU,relativeRetentionPerformance,reward,8,0.7380952380952381,-0.10599999999999998,0.6358808841805306,-0.7380952380952381,0.7857142857142858,0.444,500
KnZ6uWT3aVU,relativeRetentionPerformance,aversion,8,0.9523809523809524,-0.0800952380952381,0.6670405006283039,-0.9047619047619048,0.7619047619047621,0.0,500
KnZ6uWT3aVU,relativeRetentionPerformance,social_value,8,0.9761904761904763,-0.018333333333333306,0.6337400681059251,-0.9047619047619048,0.7619047619047621,0.0,500
KnZ6uWT3aVU,relativeRetentionPerformance,engagement,8,0.9523809523809524,-0.04419047619047621,0.6296164041116867,-0.8333333333333335,0.8571428571428572,0.0,500
KnZ6uWT3aVU,relativeRetentionPerformance,visual_processing,8,0.9761904761904763,-0.107,0.6573403619692945,-0.9523809523809524,0.7142857142857144,0.0,500
KnZ6uWT3aVU,relativeRetentionPerformance,auditory_processing,8,0.523809523809524,-0.19552380952380952,0.6497422548460476,-0.9761904761904763,0.8333333333333335,0.586,500
KnZ6uWT3aVU,exit_intensity,reward,8,-0.6190476190476191,0.1090952380952381,0.6328279741746246,-0.7380952380952381,0.8095238095238096,0.544,500
KnZ6uWT3aVU,exit_intensity,aversion,8,-0.04761904761904763,0.04161904761904762,0.5732097715294732,-0.7619047619047621,0.6904761904761906,1.0,500
KnZ6uWT3aVU,exit_intensity,social_value,8,0.09523809523809526,0.058285714285714336,0.6016696798311495,-0.9047619047619048,0.6904761904761906,1.0,500
KnZ6uWT3aVU,exit_intensity,engagement,8,-0.04761904761904763,-0.043428571428571434,0.5537734009428738,-0.8333333333333335,0.5476190476190477,1.0,500
KnZ6uWT3aVU,exit_intensity,visual_processing,8,-0.09523809523809526,-0.002904761904761891,0.5475129897298352,-0.7380952380952381,0.6904761904761906,1.0,500
KnZ6uWT3aVU,exit_intensity,auditory_processing,8,-0.6904761904761906,0.03371428571428571,0.5817612168052154,-0.7619047619047621,0.880952380952381,0.418,500
L1n_yQPph8E,audienceWatchRatio,reward,12,-0.2517482517482518,-0.016041958041958036,0.41956337750937955,-0.5384615384615385,0.5384615384615385,0.744,500
L1n_yQPph8E,audienceWatchRatio,aversion,12,0.1958041958041958,0.05597202797202797,0.5009068984018349,-0.6853146853146854,0.9020979020979022,0.768,500
L1n_yQPph8E,audienceWatchRatio,social_value,12,-0.5594405594405596,0.0069090909090909185,0.37918556641142964,-0.4895104895104896,0.5594405594405596,0.07,500
L1n_yQPph8E,audienceWatchRatio,engagement,12,-0.2447552447552448,-0.012041958041958066,0.3473767137430443,-0.6433566433566434,0.6573426573426573,0.512,500
L1n_yQPph8E,audienceWatchRatio,visual_processing,12,-0.6433566433566434,0.07682517482517484,0.2575760764904312,-0.3216783216783217,0.5314685314685316,0.0,500
L1n_yQPph8E,audienceWatchRatio,auditory_processing,12,-0.3216783216783217,0.02155244755244755,0.5348634336536644,-0.6923076923076924,0.7762237762237763,0.816,500
L1n_yQPph8E,audienceWatchRatio,pattern_change,11,0.3545454545454546,-0.011872727272727276,0.43176519904623867,-0.7363636363636363,0.38181818181818183,0.604,500
L1n_yQPph8E,audienceWatchRatio,amplitude_change,11,-0.02727272727272728,0.049636363636363645,0.42096783411012756,-0.9,0.5181818181818182,1.0,500
L1n_yQPph8E,relativeRetentionPerformance,reward,12,-0.11188811188811189,-0.046041958041958056,0.4221243940580528,-0.5734265734265735,0.6783216783216784,0.918,500
L1n_yQPph8E,relativeRetentionPerformance,aversion,12,0.49650349650349657,-0.006643356643356644,0.41157606877024683,-0.7202797202797203,0.7202797202797203,0.328,500
L1n_yQPph8E,relativeRetentionPerformance,social_value,12,-0.18881118881118883,-0.03233566433566433,0.39688642379197836,-0.5804195804195805,0.8391608391608393,0.536,500
L1n_yQPph8E,relativeRetentionPerformance,engagement,12,-0.1258741258741259,0.05441958041958044,0.5141985420463328,-0.8391608391608393,0.7622377622377624,0.936,500
L1n_yQPph8E,relativeRetentionPerformance,visual_processing,12,-0.3216783216783217,0.061972027972027985,0.4097808392923728,-0.4895104895104896,0.6783216783216784,0.618,500
L1n_yQPph8E,relativeRetentionPerformance,auditory_processing,12,-0.2027972027972028,-0.03440559440559439,0.3937857550635842,-0.6713286713286714,0.5034965034965035,0.646,500
L1n_yQPph8E,relativeRetentionPerformance,pattern_change,11,0.7000000000000001,-0.06903636363636366,0.394470998839737,-0.6363636363636364,0.6454545454545455,0.0,500
L1n_yQPph8E,relativeRetentionPerformance,amplitude_change,11,0.07272727272727274,0.06380000000000001,0.3985085496350504,-0.4090909090909091,0.7545454545454545,1.0,500
L1n_yQPph8E,exit_intensity,reward,12,-0.8531468531468532,0.07120279720279721,0.4298505823030422,-0.5944055944055945,0.6013986013986015,0.0,500
L1n_yQPph8E,exit_intensity,aversion,12,-0.7482517482517484,0.01661538461538462,0.39220176224637165,-0.46153846153846156,0.9230769230769231,0.074,500
L1n_yQPph8E,exit_intensity,social_value,12,-0.7272727272727274,0.08226573426573429,0.4245291094160119,-0.4895104895104896,0.7412587412587414,0.08,500
L1n_yQPph8E,exit_intensity,engagement,12,-0.2377622377622378,0.03511888111888112,0.4559201115596928,-0.6013986013986015,0.7972027972027973,0.724,500
L1n_yQPph8E,exit_intensity,visual_processing,12,-0.09090909090909093,0.024097902097902107,0.34566958313847207,-0.5174825174825175,0.7272727272727274,0.898,500
L1n_yQPph8E,exit_intensity,auditory_processing,12,0.7972027972027973,0.01843356643356645,0.4922874034280834,-0.8111888111888113,0.7482517482517484,0.112,500
L1n_yQPph8E,exit_intensity,pattern_change,11,0.39090909090909093,-0.00852727272727272,0.4280609900933154,-0.7090909090909092,0.4000000000000001,0.508,500
L1n_yQPph8E,exit_intensity,amplitude_change,11,0.018181818181818184,0.041709090909090925,0.4310884030447461,-0.9090909090909091,0.5727272727272729,0.792,500
LXn7KUXY_OQ,audienceWatchRatio,reward,11,0.7363636363636363,-0.08994545454545456,0.6669480733625247,-0.9636363636363637,0.9636363636363637,0.41,500
LXn7KUXY_OQ,audienceWatchRatio,aversion,11,0.48181818181818187,-0.03627272727272728,0.6095836473696583,-0.8727272727272729,0.8727272727272729,0.61,500
LXn7KUXY_OQ,audienceWatchRatio,social_value,11,0.881818181818182,0.003945454545454554,0.6056790222688326,-0.9272727272727275,0.8363636363636365,0.096,500
LXn7KUXY_OQ,audienceWatchRatio,engagement,11,0.5545454545454546,-0.01359999999999997,0.5735940039107053,-0.8636363636363636,0.8000000000000002,0.486,500
LXn7KUXY_OQ,audienceWatchRatio,visual_processing,11,0.18181818181818182,-0.056472727272727265,0.6076764482725359,-0.7727272727272727,0.8636363636363636,1.0,500
LXn7KUXY_OQ,audienceWatchRatio,auditory_processing,11,-0.7000000000000001,0.020454545454545475,0.5907806503766895,-0.8363636363636365,0.8727272727272729,0.302,500
LXn7KUXY_OQ,audienceWatchRatio,pattern_change,10,0.33333333333333326,-0.009018181818181809,0.41881769204936137,-0.49090909090909085,0.9393939393939393,0.314,500
LXn7KUXY_OQ,audienceWatchRatio,amplitude_change,10,0.04242424242424241,-0.051369696969696975,0.3039417459046737,-0.4424242424242424,0.7818181818181817,0.902,500
LXn7KUXY_OQ,relativeRetentionPerformance,reward,11,0.10000000000000002,-0.003781818181818183,0.4017086382972672,-0.5909090909090909,0.6181818181818182,0.918,500
LXn7KUXY_OQ,relativeRetentionPerformance,aversion,11,-0.045454545454545456,-0.003963636363636364,0.40042847959745237,-0.7000000000000001,0.5272727272727273,1.0,500
LXn7KUXY_OQ,relativeRetentionPerformance,social_value,11,0.43636363636363645,0.030618181818181836,0.4158317937112999,-0.6545454545454547,0.8000000000000002,0.294,500
LXn7KUXY_OQ,relativeRetentionPerformance,engagement,11,0.10000000000000002,0.01416363636363638,0.4663909823632444,-0.8000000000000002,0.8727272727272729,0.706,500
LXn7KUXY_OQ,relativeRetentionPerformance,visual_processing,11,-0.43636363636363645,0.02000000000000001,0.4324483440226519,-0.6363636363636364,0.7545454545454545,0.286,500
LXn7KUXY_OQ,relativeRetentionPerformance,auditory_processing,11,-0.3090909090909091,0.022145454545454538,0.3596736243221872,-0.6000000000000001,0.6181818181818182,0.39,500
LXn7KUXY_OQ,relativeRetentionPerformance,pattern_change,10,0.10303030303030303,0.10409696969696969,0.41362652997523885,-0.5515151515151515,0.7818181818181817,0.764,500
LXn7KUXY_OQ,relativeRetentionPerformance,amplitude_change,10,0.2727272727272727,-0.008678787878787873,0.29429477897673617,-0.43030303030303024,0.406060606060606,0.444,500
LXn7KUXY_OQ,exit_intensity,reward,11,-0.23636363636363636,0.03263636363636366,0.3407616529661626,-0.39090909090909093,0.7090909090909092,0.598,500
LXn7KUXY_OQ,exit_intensity,aversion,11,-0.4000000000000001,0.04458181818181821,0.33062610077305865,-0.4090909090909091,0.6636363636363638,0.302,500
LXn7KUXY_OQ,exit_intensity,social_value,11,0.02727272727272728,-0.03432727272727273,0.30348142808099915,-0.41818181818181827,0.6818181818181819,1.0,500
LXn7KUXY_OQ,exit_intensity,engagement,11,-0.20909090909090913,0.031218181818181815,0.3537461437455906,-0.4727272727272727,0.7727272727272727,0.566,500
LXn7KUXY_OQ,exit_intensity,visual_processing,11,-0.4272727272727273,0.018818181818181828,0.33435334157862606,-0.3545454545454546,0.7090909090909092,0.108,500
LXn7KUXY_OQ,exit_intensity,auditory_processing,11,0.43636363636363645,-0.06309090909090907,0.3523184603745043,-0.7363636363636363,0.4090909090909091,0.21,500
LXn7KUXY_OQ,exit_intensity,pattern_change,10,0.3696969696969697,-0.023030303030303026,0.39802192260271285,-0.6363636363636362,0.8060606060606059,0.322,500
LXn7KUXY_OQ,exit_intensity,amplitude_change,10,-0.0303030303030303,-0.027975757575757577,0.3177938497030597,-0.6606060606060605,0.43030303030303024,1.0,500
M1sO0amCuOA,audienceWatchRatio,reward,11,0.9090909090909091,-0.09343636363636364,0.5005947467721449,-0.8454545454545455,0.6272727272727273,0.0,500
M1sO0amCuOA,audienceWatchRatio,aversion,11,0.6818181818181819,-0.004309090909090929,0.46621256847951287,-0.7272727272727273,0.7363636363636363,0.21,500
M1sO0amCuOA,audienceWatchRatio,social_value,11,0.7272727272727273,-0.04547272727272726,0.4250228964177564,-0.7272727272727273,0.690909090909091,0.118,500
M1sO0amCuOA,audienceWatchRatio,engagement,11,0.6272727272727273,0.0009090909090908994,0.4267480337359748,-0.7000000000000001,0.7000000000000001,0.202,500
M1sO0amCuOA,audienceWatchRatio,visual_processing,11,0.20909090909090913,-0.025436363636363646,0.3337001667999494,-0.5272727272727273,0.6363636363636364,0.704,500
M1sO0amCuOA,audienceWatchRatio,auditory_processing,11,0.5272727272727273,-0.04723636363636365,0.42390954750136256,-0.6727272727272727,0.8454545454545455,0.176,500
M1sO0amCuOA,audienceWatchRatio,pattern_change,10,0.5030303030303029,-0.0437090909090909,0.3020383191349987,-0.406060606060606,0.5272727272727272,0.094,500
M1sO0amCuOA,audienceWatchRatio,amplitude_change,10,-0.5878787878787878,0.1010181818181818,0.4332750024737118,-0.6727272727272726,0.7939393939393938,0.342,500
M1sO0amCuOA,relativeRetentionPerformance,reward,11,0.26363636363636367,0.00047272727272726334,0.34667646288341436,-0.43636363636363645,0.4727272727272727,0.712,500
M1sO0amCuOA,relativeRetentionPerformance,aversion,11,0.9272727272727275,0.007509090909090906,0.38003433120254015,-0.6000000000000001,0.6727272727272727,0.0,500
M1sO0amCuOA,relativeRetentionPerformance,social_value,11,0.8454545454545455,-0.003163636363636364,0.3695732289685604,-0.5545454545454546,0.6818181818181819,0.0,500
M1sO0amCuOA,relativeRetentionPerformance,engagement,11,0.7000000000000001,-0.02070909090909091,0.4041659830047326,-0.6363636363636364,0.6181818181818182,0.0,500
M1sO0amCuOA,relativeRetentionPerformance,visual_processing,11,0.3727272727272728,-0.012181818181818198,0.37525312669038363,-0.6000000000000001,0.5363636363636364,0.512,500
M1sO0amCuOA,relativeRetentionPerformance,auditory_processing,11,0.6727272727272727,-0.0728909090909091,0.3827483988986814,-0.7818181818181819,0.6181818181818182,0.108,500
M1sO0amCuOA,relativeRetentionPerformance,pattern_change,10,0.18787878787878787,0.015903030303030318,0.4977467179080602,-0.5636363636363636,0.7696969696969697,0.906,500
M1sO0amCuOA,relativeRetentionPerformance,amplitude_change,10,0.32121212121212117,-0.039951515151515155,0.2777610560550015,-0.4545454545454545,0.49090909090909085,0.326,500
M1sO0amCuOA,exit_intensity,reward,11,-0.20909090909090913,-0.004545454545454547,0.40898564302227913,-0.6090909090909091,0.4727272727272727,0.89,500
M1sO0amCuOA,exit_intensity,aversion,11,-0.30000000000000004,-0.007800000000000014,0.3891828519236234,-0.5727272727272729,0.7000000000000001,0.392,500
M1sO0amCuOA,exit_intensity,social_value,11,-0.17272727272727276,0.009763636363636351,0.35476176664683046,-0.5,0.6181818181818182,0.716,500
M1sO0amCuOA,exit_intensity,engagement,11,-0.6181818181818182,0.04801818181818183,0.3179586848778568,-0.3545454545454546,0.690909090909091,0.106,500
M1sO0amCuOA,exit_intensity,visual_processing,11,-0.36363636363636365,0.022363636363636374,0.31744439221501514,-0.39090909090909093,0.5636363636363637,0.394,500
M1sO0amCuOA,exit_intensity,auditory_processing,11,-0.26363636363636367,0.07696363636363636,0.3896861254441019,-0.5454545454545455,0.8636363636363636,0.518,500
M1sO0amCuOA,exit_intensity,pattern_change,10,0.4787878787878787,-0.016581818181818177,0.33825839819371323,-0.5757575757575757,0.5151515151515151,0.226,500
M1sO0amCuOA,exit_intensity,amplitude_change,10,-0.05454545454545454,-0.016387878787878785,0.504511305933285,-0.6727272727272726,0.7575757575757575,0.912,500
NrNjdxvza1M,audienceWatchRatio,reward,8,0.11904761904761905,-0.011857142857142882,0.35263343271516495,-0.6666666666666669,0.4285714285714286,0.564,500
NrNjdxvza1M,audienceWatchRatio,aversion,8,-0.19047619047619052,-0.04252380952380953,0.3448291535307254,-0.5000000000000001,0.38095238095238104,0.838,500
NrNjdxvza1M,audienceWatchRatio,social_value,8,-0.19047619047619052,-0.004047619047619064,0.4143685604083342,-0.5714285714285715,0.5476190476190477,0.858,500
NrNjdxvza1M,audienceWatchRatio,engagement,8,-0.2380952380952381,0.001190476190476172,0.4500740050006491,-0.5714285714285715,0.6428571428571429,0.856,500
NrNjdxvza1M,audienceWatchRatio,visual_processing,8,-0.023809523809523815,-0.12400000000000003,0.4657259322723288,-0.8095238095238096,0.6428571428571429,0.832,500
NrNjdxvza1M,audienceWatchRatio,auditory_processing,8,-0.023809523809523815,-0.10071428571428576,0.2730124007715707,-0.6666666666666669,0.2142857142857143,0.73,500
NrNjdxvza1M,relativeRetentionPerformance,reward,8,0.523809523809524,-0.0947619047619048,0.641607073829621,-0.7619047619047621,0.9285714285714287,0.544,500
NrNjdxvza1M,relativeRetentionPerformance,aversion,8,0.880952380952381,0.01985714285714288,0.6353505486956719,-0.8095238095238096,0.8333333333333335,0.0,500
NrNjdxvza1M,relativeRetentionPerformance,social_value,8,0.880952380952381,0.0020476190476190316,0.60353014980476,-0.6190476190476191,0.9761904761904763,0.144,500
NrNjdxvza1M,relativeRetentionPerformance,engagement,8,0.38095238095238104,-0.04847619047619052,0.4669209122774386,-0.5714285714285715,0.6428571428571429,0.558,500
NrNjdxvza1M,relativeRetentionPerformance,visual_processing,8,0.7857142857142858,-0.028190476190476182,0.626456644499555,-0.9047619047619048,0.9047619047619048,0.258,500
NrNjdxvza1M,relativeRetentionPerformance,auditory_processing,8,0.6666666666666669,-0.14895238095238095,0.6290809911482276,-0.880952380952381,0.8095238095238096,0.292,500
NrNjdxvza1M,exit_intensity,reward,8,-0.4285714285714286,0.03204761904761904,0.3864442563492258,-0.5952380952380953,0.6190476190476191,0.442,500
NrNjdxvza1M,exit_intensity,aversion,8,0.4285714285714286,0.0851904761904762,0.4482694843643106,-0.8571428571428572,0.6428571428571429,0.302,500
NrNjdxvza1M,exit_intensity,social_value,8,0.4285714285714286,0.05185714285714286,0.3946627453151394,-0.8333333333333335,0.4761904761904762,0.28,500
NrNjdxvza1M,exit_intensity,engagement,8,0.4047619047619048,0.012809523809523814,0.4295521556479128,-0.8333333333333335,0.6666666666666669,0.274,500
NrNjdxvza1M,exit_intensity,visual_processing,8,-0.023809523809523815,0.16404761904761908,0.503514800373347,-0.8333333333333335,0.7142857142857144,1.0,500
NrNjdxvza1M,exit_intensity,auditory_processing,8,-0.19047619047619052,0.03252380952380953,0.4256141647473215,-0.5000000000000001,0.8333333333333335,0.706,500
NtyzYOgHYxg,audienceWatchRatio,reward,9,-0.7166666666666667,0.06406666666666667,0.5382955776233805,-0.9,0.7333333333333334,0.262,500
NtyzYOgHYxg,audienceWatchRatio,aversion,9,-0.7,0.1428,0.5084774047203191,-0.5333333333333333,0.7666666666666667,0.13,500
NtyzYOgHYxg,audienceWatchRatio,social_value,9,-0.7166666666666667,0.06343333333333331,0.5403384649149703,-0.6666666666666667,0.7,0.0,500
NtyzYOgHYxg,audienceWatchRatio,engagement,9,-0.7333333333333334,0.011533333333333342,0.5833745547340158,-0.9333333333333332,0.7333333333333334,0.4,500
NtyzYOgHYxg,audienceWatchRatio,visual_processing,9,-0.7166666666666667,0.10213333333333333,0.6023674626006952,-0.7666666666666667,0.9833333333333333,0.25,500
NtyzYOgHYxg,audienceWatchRatio,auditory_processing,9,-0.41666666666666663,0.08086666666666664,0.4789659278069788,-0.5166666666666667,0.9166666666666666,0.584,500
NtyzYOgHYxg,audienceWatchRatio,pattern_change,8,-0.7380952380952381,0.1395714285714286,0.5897936512208386,-0.6904761904761906,0.8095238095238096,0.304,500
NtyzYOgHYxg,audienceWatchRatio,amplitude_change,8,-0.07142857142857144,0.0031904761904761967,0.7124961884768959,-0.9047619047619048,0.9523809523809524,1.0,500
NtyzYOgHYxg,relativeRetentionPerformance,reward,9,0.33333333333333337,-0.06649999999999999,0.37491402718193645,-0.6166666666666666,0.6333333333333333,0.394,500
NtyzYOgHYxg,relativeRetentionPerformance,aversion,9,0.31666666666666665,-0.08516666666666667,0.42928166743992224,-0.7833333333333333,0.7333333333333334,0.486,500
NtyzYOgHYxg,relativeRetentionPerformance,social_value,9,0.33333333333333337,-0.08623333333333333,0.39367348427627463,-0.7333333333333334,0.6833333333333333,0.372,500
NtyzYOgHYxg,relativeRetentionPerformance,engagement,9,0.3666666666666667,0.05129999999999999,0.3851536187029794,-0.6666666666666667,0.6833333333333333,0.244,500
NtyzYOgHYxg,relativeRetentionPerformance,visual_processing,9,0.33333333333333337,-0.11876666666666667,0.5432172994708879,-0.8833333333333333,0.8333333333333333,0.404,500
NtyzYOgHYxg,relativeRetentionPerformance,auditory_processing,9,0.049999999999999996,0.03236666666666667,0.5454943313688562,-0.75,0.7,1.0,500
NtyzYOgHYxg,relativeRetentionPerformance,pattern_change,8,0.07142857142857144,-0.035714285714285754,0.5832497510576782,-0.7619047619047621,1.0,0.848,500
NtyzYOgHYxg,relativeRetentionPerformance,amplitude_change,8,-0.6666666666666669,0.08366666666666671,0.6180659817714685,-0.9047619047619048,0.9285714285714287,0.548,500
NtyzYOgHYxg,exit_intensity,reward,9,0.31666666666666665,-0.023233333333333363,0.5907111448641092,-0.8666666666666667,0.8333333333333333,0.738,500
NtyzYOgHYxg,exit_intensity,aversion,9,0.41666666666666663,-0.12459999999999997,0.6181400021210585,-0.8166666666666667,0.7,0.856,500
NtyzYOgHYxg,exit_intensity,social_value,9,0.5333333333333333,-0.09656666666666666,0.6092143310125847,-0.65,0.7999999999999999,0.736,500
NtyzYOgHYxg,exit_intensity,engagement,9,0.5499999999999999,0.04556666666666668,0.6133920361400202,-0.9333333333333332,0.8499999999999999,0.49,500
NtyzYOgHYxg,exit_intensity,visual_processing,9,0.26666666666666666,-0.06556666666666663,0.6176833160195351,-0.7999999999999999,0.7333333333333334,0.806,500
NtyzYOgHYxg,exit_intensity,auditory_processing,9,-0.016666666666666666,-0.011599999999999987,0.43967904455662,-0.9333333333333332,0.5166666666666667,1.0,500
NtyzYOgHYxg,exit_intensity,pattern_change,8,0.6666666666666669,-0.10223809523809527,0.6187323208037999,-0.7619047619047621,0.7380952380952381,0.438,500
NtyzYOgHYxg,exit_intensity,amplitude_change,8,0.09523809523809526,-0.039428571428571424,0.7372413124849063,-0.9761904761904763,0.9523809523809524,1.0,500
OLWn0A5yDHo,audienceWatchRatio,reward,9,-0.049999999999999996,-0.027966666666666657,0.4747743077856397,-0.6,0.7166666666666667,0.856,500
OLWn0A5yDHo,audienceWatchRatio,aversion,9,-0.2833333333333333,-0.01536666666666667,0.42101857837075707,-0.6333333333333333,0.7166666666666667,0.612,500
OLWn0A5yDHo,audienceWatchRatio,social_value,9,-0.06666666666666667,-0.01840000000000002,0.46817885471259796,-0.6333333333333333,0.7,1.0,500
OLWn0A5yDHo,audienceWatchRatio,engagement,9,-0.3666666666666667,-0.027766666666666658,0.4615344106588611,-0.45,0.7666666666666667,0.46,500
OLWn0A5yDHo,audienceWatchRatio,visual_processing,9,-0.65,0.055033333333333344,0.5272714871023382,-0.5666666666666667,0.9500000000000001,0.15,500
OLWn0A5yDHo,audienceWatchRatio,auditory_processing,9,-0.7999999999999999,0.10796666666666667,0.47828324824893825,-0.6166666666666666,0.8499999999999999,0.13,500
OLWn0A5yDHo,audienceWatchRatio,pattern_change,8,-0.880952380952381,0.10414285714285713,0.452890767866875,-0.5476190476190477,0.7142857142857144,0.0,500
OLWn0A5yDHo,audienceWatchRatio,amplitude_change,8,-0.6190476190476191,0.006761904761904777,0.5436352735590255,-0.7380952380952381,0.7142857142857144,0.562,500
OLWn0A5yDHo,relativeRetentionPerformance,reward,9,-0.21666666666666667,0.011633333333333341,0.556979651533359,-0.8333333333333333,0.8333333333333333,0.874,500
OLWn0A5yDHo,relativeRetentionPerformance,aversion,9,-0.35,0.05113333333333335,0.5193680390628596,-0.6666666666666667,0.6833333333333333,0.866,500
OLWn0A5yDHo,relativeRetentionPerformance,social_value,9,-0.2333333333333333,0.04656666666666669,0.5833808466364165,-0.7,0.6833333333333333,1.0,500
OLWn0A5yDHo,relativeRetentionPerformance,engagement,9,-0.41666666666666663,0.04186666666666667,0.5385097378671789,-0.8333333333333333,0.7,0.51,500
OLWn0A5yDHo,relativeRetentionPerformance,visual_processing,9,-0.5333333333333333,0.05993333333333335,0.5790885520463266,-0.8499999999999999,0.8333333333333333,0.494,500
OLWn0A5yDHo,relativeRetentionPerformance,auditory_processing,9,-0.33333333333333337,0.1514,0.34357311368098126,-0.6,0.65,0.362,500
OLWn0A5yDHo,relativeRetentionPerformance,pattern_change,8,-0.7857142857142858,0.09680952380952379,0.5641267829228501,-0.8333333333333335,0.9761904761904763,0.392,500
OLWn0A5yDHo,relativeRetentionPerformance,amplitude_change,8,-0.6666666666666669,0.04738095238095236,0.6674629173457849,-0.8333333333333335,0.9047619047619048,0.576,500
OLWn0A5yDHo,exit_intensity,reward,9,0.0,0.017566666666666675,0.2346789082981255,-0.41666666666666663,0.26666666666666666,1.0,500
OLWn0A5yDHo,exit_intensity,aversion,9,0.09999999999999999,-0.03896666666666667,0.30500444259059567,-0.4666666666666666,0.45,0.744,500
OLWn0A5yDHo,exit_intensity,social_value,9,0.16666666666666669,0.0158,0.28182012387730976,-0.4666666666666666,0.45,0.766,500
OLWn0A5yDHo,exit_intensity,engagement,9,0.15,0.0016666666666666848,0.292488366340346,-0.5499999999999999,0.3666666666666667,0.64,500
OLWn0A5yDHo,exit_intensity,visual_processing,9,0.6166666666666666,-0.0817,0.24366894435779962,-0.4666666666666666,0.21666666666666667,0.0,500
OLWn0A5yDHo,exit_intensity,auditory_processing,9,0.5666666666666667,-0.14226666666666665,0.40190128141124404,-0.6166666666666666,0.3666666666666667,0.374,500
OLWn0A5yDHo,exit_intensity,pattern_change,8,0.3333333333333334,-0.10552380952380955,0.30439838438670064,-0.5000000000000001,0.4523809523809524,0.404,500
OLWn0A5yDHo,exit_intensity,amplitude_change,8,0.1666666666666667,-0.0818095238095238,0.3418320522236581,-0.5000000000000001,0.523809523809524,0.706,500
OVpDk70gOE0,audienceWatchRatio,reward,9,0.5666666666666667,-0.08019999999999997,0.4595821338757391,-0.8333333333333333,0.7166666666666667,0.392,500
OVpDk70gOE0,audienceWatchRatio,aversion,9,0.75,-0.019966666666666674,0.44469927291747774,-0.9500000000000001,0.41666666666666663,0.14,500
OVpDk70gOE0,audienceWatchRatio,social_value,9,0.65,0.10640000000000001,0.5024032643206052,-0.9333333333333332,0.7333333333333334,0.236,500
OVpDk70gOE0,audienceWatchRatio,engagement,9,0.016666666666666666,-0.03139999999999998,0.4566589245085804,-0.7833333333333333,0.6666666666666667,1.0,500
OVpDk70gOE0,audienceWatchRatio,visual_processing,9,0.7666666666666667,-0.033733333333333324,0.45773579958554933,-0.5333333333333333,0.75,0.0,500
OVpDk70gOE0,audienceWatchRatio,auditory_processing,9,0.7833333333333333,0.008266666666666665,0.2756819745850481,-0.33333333333333337,0.48333333333333334,0.0,500
OVpDk70gOE0,audienceWatchRatio,pattern_change,8,0.8333333333333335,0.01976190476190476,0.5352818889895978,-0.8333333333333335,0.8333333333333335,0.326,500
OVpDk70gOE0,audienceWatchRatio,amplitude_change,8,0.880952380952381,0.05742857142857144,0.4928733928768074,-0.6904761904761906,0.8333333333333335,0.0,500
OVpDk70gOE0,relativeRetentionPerformance,reward,9,-0.75,0.10923333333333334,0.36663601538552887,-0.3,0.6,0.0,500
OVpDk70gOE0,relativeRetentionPerformance,aversion,9,-0.5833333333333334,-0.005900000000000018,0.47105103639509055,-0.5833333333333334,0.8333333333333333,0.256,500
OVpDk70gOE0,relativeRetentionPerformance,social_value,9,-0.6666666666666667,0.04789999999999999,0.4344888836322513,-0.6666666666666667,0.7333333333333334,0.258,500
OVpDk70gOE0,relativeRetentionPerformance,engagement,9,-0.31666666666666665,0.09766666666666665,0.3909022327328862,-0.6666666666666667,0.8666666666666667,0.36,500
OVpDk70gOE0,relativeRetentionPerformance,visual_processing,9,-0.4666666666666666,0.005966666666666659,0.4835315214360096,-0.75,0.6333333333333333,0.612,500
OVpDk70gOE0,relativeRetentionPerformance,auditory_processing,9,-0.09999999999999999,0.0016666666666666535,0.4069213683256263,-0.9,0.39999999999999997,0.744,500
OVpDk70gOE0,relativeRetentionPerformance,pattern_change,8,-0.7142857142857144,0.016095238095238083,0.5758593223901767,-0.6904761904761906,0.8571428571428572,0.12,500
OVpDk70gOE0,relativeRetentionPerformance,amplitude_change,8,-0.7619047619047621,-0.04804761904761907,0.49886814975402305,-0.7619047619047621,0.6666666666666669,0.182,500
OVpDk70gOE0,exit_intensity,reward,9,0.11666666666666665,-0.02870000000000001,0.24099833793802164,-0.3666666666666667,0.41666666666666663,0.86,500
OVpDk70gOE0,exit_intensity,aversion,9,0.049999999999999996,0.026933333333333337,0.29507463462656364,-0.38333333333333336,0.48333333333333334,0.742,500
OVpDk70gOE0,exit_intensity,social_value,9,0.2333333333333333,-0.039400000000000004,0.2881297470083766,-0.41666666666666663,0.31666666666666665,0.742,500
OVpDk70gOE0,exit_intensity,engagement,9,0.33333333333333337,-0.06683333333333334,0.27353341254365576,-0.5166666666666667,0.48333333333333334,0.226,500
OVpDk70gOE0,exit_intensity,visual_processing,9,0.016666666666666666,0.005000000000000007,0.41532918671017255,-0.7166666666666667,0.7666666666666667,0.852,500
OVpDk70gOE0,exit_intensity,auditory_processing,9,-0.6333333333333333,0.060966666666666655,0.39497434375187235,-0.5833333333333334,0.65,0.136,500
OVpDk70gOE0,exit_intensity,pattern_change,8,0.7380952380952381,0.03847619047619049,0.43053554163124536,-0.7857142857142858,0.5952380952380953,0.164,500
OVpDk70gOE0,exit_intensity,amplitude_change,8,0.8095238095238096,0.04776190476190476,0.4460140704287346,-0.880952380952381,0.5476190476190477,0.148,500
OlHZMW16lpQ,audienceWatchRatio,reward,11,0.8181818181818182,-0.04678181818181817,0.5387718421105911,-0.9090909090909091,0.7818181818181819,0.112,500
OlHZMW16lpQ,audienceWatchRatio,aversion,11,0.9454545454545454,-0.0024545454545454462,0.5795533404098068,-0.9090909090909091,0.8727272727272729,0.0,500
OlHZMW16lpQ,audienceWatchRatio,social_value,11,0.8363636363636365,-0.08916363636363639,0.531936671804001,-0.9363636363636365,0.7181818181818183,0.098,500
OlHZMW16lpQ,audienceWatchRatio,engagement,11,0.6363636363636364,0.009200000000000009,0.5271021554822648,-0.8636363636363636,0.7363636363636363,0.416,500
OlHZMW16lpQ,audienceWatchRatio,visual_processing,11,0.5818181818181819,-0.04187272727272728,0.5856486665750696,-0.881818181818182,0.8727272727272729,0.406,500
OlHZMW16lpQ,audienceWatchRatio,auditory_processing,11,-0.4909090909090909,0.05965454545454547,0.5555063326550246,-0.8090909090909091,0.790909090909091,0.5,500
OlHZMW16lpQ,audienceWatchRatio,pattern_change,10,-0.19999999999999998,0.08596363636363637,0.39293326733727824,-0.9515151515151514,0.5393939393939393,0.532,500
OlHZMW16lpQ,audienceWatchRatio,amplitude_change,10,-0.49090909090909085,0.023345454545454537,0.39988768377219436,-0.7696969696969697,0.5030303030303029,0.21,500
OlHZMW16lpQ,relativeRetentionPerformance,reward,11,0.7818181818181819,-0.03683636363636366,0.4629586219305509,-0.5454545454545455,0.9,0.082,500
OlHZMW16lpQ,relativeRetentionPerformance,aversion,11,0.6181818181818182,-0.028036363636363647,0.5224232273068954,-0.6545454545454547,0.8000000000000002,0.454,500
OlHZMW16lpQ,relativeRetentionPerformance,social_value,11,0.790909090909091,0.021381818181818203,0.5035103301442618,-0.5909090909090909,0.8636363636363636,0.108,500
OlHZMW16lpQ,relativeRetentionPerformance,engagement,11,0.7363636363636363,-0.01147272727272728,0.48379195685817394,-0.5,0.790909090909091,0.132,500
OlHZMW16lpQ,relativeRetentionPerformance,visual_processing,11,0.11818181818181818,-0.02992727272727272,0.5139600537585622,-0.6363636363636364,0.6727272727272727,0.918,500
OlHZMW16lpQ,relativeRetentionPerformance,auditory_processing,11,-0.9,0.09121818181818182,0.5020596293319736,-0.7181818181818183,0.8272727272727273,0.0,500
OlHZMW16lpQ,relativeRetentionPerformance,pattern_change,10,0.5272727272727272,-0.16603636363636362,0.49524294189497137,-0.9272727272727272,0.4666666666666666,0.444,500
OlHZMW16lpQ,relativeRetentionPerformance,amplitude_change,10,0.1515151515151515,-0.07064242424242423,0.3850259511604821,-0.6727272727272726,0.5636363636363636,0.542,500
OlHZMW16lpQ,exit_intensity,reward,11,-0.08181818181818183,0.050927272727272745,0.4401824937098192,-0.7363636363636363,0.8181818181818182,0.906,500
OlHZMW16lpQ,exit_intensity,aversion,11,-0.30000000000000004,0.023672727272727255,0.4837265110789993,-0.7727272727272727,0.7636363636363637,0.614,500
OlHZMW16lpQ,exit_intensity,social_value,11,-0.07272727272727274,0.024290909090909082,0.4688530418756319,-0.8000000000000002,0.8454545454545455,1.0,500
OlHZMW16lpQ,exit_intensity,engagement,11,0.23636363636363636,0.005618181818181814,0.4931078768198884,-0.790909090909091,0.9636363636363637,0.732,500
OlHZMW16lpQ,exit_intensity,visual_processing,11,-0.3181818181818182,0.08627272727272726,0.48496382245576747,-0.6545454545454547,0.8272727272727273,0.446,500
OlHZMW16lpQ,exit_intensity,auditory_processing,11,-0.29090909090909095,-0.019218181818181825,0.42596948286300806,-0.7818181818181819,0.5363636363636364,0.592,500
OlHZMW16lpQ,exit_intensity,pattern_change,10,0.41818181818181815,-0.07292121212121211,0.5008384146366546,-0.8181818181818182,0.5393939393939393,0.504,500
OlHZMW16lpQ,exit_intensity,amplitude_change,10,-0.1515151515151515,-0.0645818181818182,0.35089148770417705,-0.6121212121212121,0.4666666666666666,0.908,500
P9n3oy1kfGw,audienceWatchRatio,reward,12,-0.6363636363636365,0.05125874125874125,0.45128475973970034,-0.7412587412587414,0.7062937062937064,0.266,500
P9n3oy1kfGw,audienceWatchRatio,aversion,12,-0.6083916083916086,0.02377622377622378,0.35435768327389466,-0.5944055944055945,0.6363636363636365,0.098,500
P9n3oy1kfGw,audienceWatchRatio,social_value,12,-0.6713286713286714,0.04230769230769231,0.45767975322949467,-0.7272727272727274,0.6853146853146854,0.212,500
P9n3oy1kfGw,audienceWatchRatio,engagement,12,-0.17482517482517487,-0.03618181818181819,0.45571574596114744,-0.6153846153846154,0.8741258741258742,0.808,500
P9n3oy1kfGw,audienceWatchRatio,visual_processing,12,0.07692307692307693,-0.015902097902097918,0.4387953873398246,-0.5594405594405596,0.8461538461538463,0.812,500
P9n3oy1kfGw,audienceWatchRatio,auditory_processing,12,0.14685314685314685,-0.029524475524475534,0.3637913007740177,-0.5454545454545455,0.5874125874125874,0.65,500
P9n3oy1kfGw,audienceWatchRatio,pattern_change,11,-0.06363636363636364,-0.004381818181818161,0.3815516034767807,-0.4090909090909091,0.5727272727272729,0.824,500
P9n3oy1kfGw,audienceWatchRatio,amplitude_change,11,-0.10000000000000002,0.006399999999999981,0.41343275548241837,-0.43636363636363645,0.7545454545454545,0.89,500
P9n3oy1kfGw,relativeRetentionPerformance,reward,12,0.6783216783216784,-0.03587412587412588,0.5367604179665845,-0.8531468531468532,0.7622377622377624,0.266,500
P9n3oy1kfGw,relativeRetentionPerformance,aversion,12,0.4265734265734266,-0.02991608391608392,0.1963773723604053,-0.3636363636363637,0.35664335664335667,0.0,500
P9n3oy1kfGw,relativeRetentionPerformance,social_value,12,0.7132867132867133,-0.08706293706293705,0.520118757528137,-0.8111888111888113,0.7622377622377624,0.302,500
P9n3oy1kfGw,relativeRetentionPerformance,engagement,12,0.2027972027972028,-0.02769230769230771,0.49382486343390336,-0.7902097902097903,0.7342657342657343,0.828,500
P9n3oy1kfGw,relativeRetentionPerformance,visual_processing,12,-0.1328671328671329,0.0013146853146853044,0.5014693387208714,-0.9440559440559443,0.6013986013986015,0.838,500
P9n3oy1kfGw,relativeRetentionPerformance,auditory_processing,12,0.1328671328671329,-0.016517482517482526,0.3291265227595074,-0.5454545454545455,0.44755244755244755,0.712,500
P9n3oy1kfGw,relativeRetentionPerformance,pattern_change,11,0.3090909090909091,-0.01656363636363635,0.5392258236820822,-0.8000000000000002,0.6636363636363638,0.802,500
P9n3oy1kfGw,relativeRetentionPerformance,amplitude_change,11,-0.045454545454545456,0.02423636363636365,0.5875255889626855,-0.7818181818181819,0.7818181818181819,1.0,500
P9n3oy1kfGw,exit_intensity,reward,12,0.32867132867132864,-0.01604195804195804,0.30093953357055936,-0.6643356643356644,0.35664335664335667,0.27,500
P9n3oy1kfGw,exit_intensity,aversion,12,0.2447552447552448,0.030125874125874145,0.36145047258137225,-0.5034965034965035,0.6293706293706295,0.604,500
P9n3oy1kfGw,exit_intensity,social_value,12,0.3426573426573427,-0.0032167832167832072,0.34448778970183463,-0.7202797202797203,0.41958041958041964,0.382,500
P9n3oy1kfGw,exit_intensity,engagement,12,-0.1328671328671329,-0.00236363636363637,0.24253536322723346,-0.5244755244755246,0.3216783216783217,0.652,500
P9n3oy1kfGw,exit_intensity,visual_processing,12,-0.2797202797202798,0.007496503496503503,0.28237367523226947,-0.4825174825174825,0.3636363636363637,0.378,500
P9n3oy1kfGw,exit_intensity,auditory_processing,12,-0.4265734265734266,0.008363636363636379,0.3762186798729355,-0.44755244755244755,0.7692307692307694,0.264,500
P9n3oy1kfGw,exit_intensity,pattern_change,11,-0.21818181818181823,-0.014399999999999998,0.22485384490874943,-0.39090909090909093,0.38181818181818183,0.414,500
P9n3oy1kfGw,exit_intensity,amplitude_change,11,0.08181818181818183,-0.002709090909090917,0.276687190383498,-0.41818181818181827,0.4090909090909091,0.906,500
PHRqJHT8yOg,audienceWatchRatio,reward,17,-0.3651960784313726,0.021901960784313723,0.33085813186585106,-0.5686274509803922,0.7647058823529413,0.29,500
PHRqJHT8yOg,audienceWatchRatio,aversion,17,0.09558823529411767,-0.003691176470588232,0.23835350144742817,-0.4093137254901961,0.35294117647058826,0.736,500
PHRqJHT8yOg,audienceWatchRatio,social_value,17,0.2303921568627451,-0.032362745098039214,0.2718481164261762,-0.42156862745098045,0.4730392156862746,0.464,500
PHRqJHT8yOg,audienceWatchRatio,engagement,17,-0.05147058823529412,0.013995098039215679,0.4182610922462249,-0.6740196078431374,0.8284313725490197,0.822,500
PHRqJHT8yOg,audienceWatchRatio,visual_processing,17,-0.02696078431372549,-0.03276470588235296,0.4282372452462196,-0.6887254901960785,0.8529411764705884,0.926,500
PHRqJHT8yOg,audienceWatchRatio,auditory_processing,17,-0.627450980392157,0.040862745098039215,0.41387659005488986,-0.7377450980392158,0.6813725490196079,0.2,500
PHRqJHT8yOg,audienceWatchRatio,pattern_change,16,-0.15588235294117647,0.05306470588235295,0.5022452033181157,-0.7970588235294117,0.8058823529411765,0.844,500
PHRqJHT8yOg,audienceWatchRatio,amplitude_change,16,-0.3,-0.021541176470588213,0.44736238749356727,-0.7176470588235294,0.6794117647058824,0.592,500
PHRqJHT8yOg,relativeRetentionPerformance,reward,17,0.09068627450980393,-0.03987254901960785,0.45716594132180505,-0.6764705882352942,0.6102941176470589,0.946,500
PHRqJHT8yOg,relativeRetentionPerformance,aversion,17,-0.12500000000000003,-0.016490196078431375,0.19708275291252308,-0.34068627450980393,0.40441176470588236,0.504,500
PHRqJHT8yOg,relativeRetentionPerformance,social_value,17,-0.07598039215686275,-0.017485294117647068,0.22196211648902173,-0.29901960784313725,0.5220588235294118,0.814,500
PHRqJHT8yOg,relativeRetentionPerformance,engagement,17,0.4730392156862746,-0.0011666666666666661,0.44796206902212565,-0.7965686274509804,0.5857843137254902,0.392,500
PHRqJHT8yOg,relativeRetentionPerformance,visual_processing,17,0.5661764705882354,-0.025583333333333343,0.4911403537218437,-0.8186274509803922,0.6960784313725491,0.38,500
PHRqJHT8yOg,relativeRetentionPerformance,auditory_processing,17,-0.590686274509804,0.013441176470588232,0.4885436225223562,-0.7132352941176472,0.7696078431372549,0.368,500
PHRqJHT8yOg,relativeRetentionPerformance,pattern_change,16,-0.6176470588235293,0.04862941176470588,0.5194396172333768,-0.85,0.8441176470588234,0.316,500
PHRqJHT8yOg,relativeRetentionPerformance,amplitude_change,16,-0.6470588235294118,0.032411764705882355,0.4566434216463344,-0.7647058823529411,0.788235294117647,0.204,500
PHRqJHT8yOg,exit_intensity,reward,17,-0.15441176470588236,0.01681862745098039,0.35935835326605603,-0.6127450980392157,0.7671568627450981,0.716,500
PHRqJHT8yOg,exit_intensity,aversion,17,0.23529411764705882,-0.01830392156862745,0.18823256508438396,-0.46323529411764713,0.3872549019607844,0.11,500
PHRqJHT8yOg,exit_intensity,social_value,17,0.11029411764705883,0.0053970588235294145,0.2200598409470814,-0.46813725490196084,0.4803921568627451,0.552,500
PHRqJHT8yOg,exit_intensity,engagement,17,-0.30147058823529416,0.020897058823529414,0.3580492399685026,-0.5392156862745099,0.6225490196078433,0.504,500
PHRqJHT8yOg,exit_intensity,visual_processing,17,-0.33333333333333337,0.03855882352941177,0.38611087045926695,-0.556372549019608,0.6813725490196079,0.612,500
PHRqJHT8yOg,exit_intensity,auditory_processing,17,0.14705882352941177,-0.03364705882352942,0.40481104781004407,-0.7205882352941178,0.627450980392157,0.822,500
PHRqJHT8yOg,exit_intensity,pattern_change,16,0.7676470588235293,-0.04751764705882354,0.37710437992206,-0.7000000000000001,0.5147058823529412,0.0,500
PHRqJHT8yOg,exit_intensity,amplitude_change,16,0.7529411764705882,-0.05126470588235294,0.327179213718221,-0.5176470588235293,0.4852941176470588,0.0,500
Pr6dTZOdyoo,audienceWatchRatio,reward,8,0.04761904761904763,-0.022047619047619045,0.5765900444553994,-0.7857142857142858,0.9285714285714287,1.0,500
Pr6dTZOdyoo,audienceWatchRatio,aversion,8,-0.3571428571428572,-0.0492857142857143,0.5529456780756085,-0.8333333333333335,0.9285714285714287,0.546,500
Pr6dTZOdyoo,audienceWatchRatio,social_value,8,-0.4761904761904762,-0.004571428571428552,0.5529241663979321,-0.7142857142857144,0.9761904761904763,0.436,500
Pr6dTZOdyoo,audienceWatchRatio,engagement,8,-0.523809523809524,0.016904761904761912,0.48028354012142105,-0.4761904761904762,0.9047619047619048,0.134,500
Pr6dTZOdyoo,audienceWatchRatio,visual_processing,8,-0.07142857142857144,0.041904761904761896,0.5222457176168714,-0.7857142857142858,0.9047619047619048,1.0,500
Pr6dTZOdyoo,audienceWatchRatio,auditory_processing,8,0.3571428571428572,-0.03738095238095236,0.4914467396973794,-0.7380952380952381,0.6666666666666669,0.876,500
Pr6dTZOdyoo,relativeRetentionPerformance,reward,8,0.7619047619047621,-0.07638095238095241,0.6272644854396571,-0.8333333333333335,0.8095238095238096,0.298,500
Pr6dTZOdyoo,relativeRetentionPerformance,aversion,8,0.880952380952381,0.031095238095238113,0.590919746998093,-0.9047619047619048,0.7857142857142858,0.116,500
Pr6dTZOdyoo,relativeRetentionPerformance,social_value,8,0.9761904761904763,0.00990476190476191,0.6594881131821645,-0.9047619047619048,0.8571428571428572,0.0,500
Pr6dTZOdyoo,relativeRetentionPerformance,engagement,8,0.7142857142857144,0.06957142857142859,0.6241819662439207,-0.9047619047619048,0.9761904761904763,0.306,500
Pr6dTZOdyoo,relativeRetentionPerformance,visual_processing,8,0.7619047619047621,-0.0003333333333333339,0.5692985121343348,-0.9047619047619048,0.7857142857142858,0.288,500
Pr6dTZOdyoo,relativeRetentionPerformance,auditory_processing,8,0.38095238095238104,-0.14057142857142854,0.6300932083804472,-0.9761904761904763,0.7619047619047621,0.866,500
Pr6dTZOdyoo,exit_intensity,reward,8,-0.6190476190476191,0.038857142857142854,0.5188513040717557,-0.6666666666666669,0.6904761904761906,0.276,500
Pr6dTZOdyoo,exit_intensity,aversion,8,-0.14285714285714288,0.02138095238095239,0.5318003030821595,-0.8095238095238096,0.5952380952380953,1.0,500
Pr6dTZOdyoo,exit_intensity,social_value,8,-0.19047619047619052,-0.0027619047619047697,0.4668601056811816,-0.7142857142857144,0.5714285714285715,1.0,500
Pr6dTZOdyoo,exit_intensity,engagement,8,0.28571428571428575,-0.007857142857142868,0.41255048478256706,-0.8333333333333335,0.5714285714285715,0.528,500
Pr6dTZOdyoo,exit_intensity,visual_processing,8,-0.2380952380952381,-0.013857142857142872,0.4530466755748608,-0.7142857142857144,0.5714285714285715,0.848,500
Pr6dTZOdyoo,exit_intensity,auditory_processing,8,-0.7142857142857144,0.09619047619047617,0.4067084845232762,-0.5952380952380953,0.6190476190476191,0.0,500
QqOwER4ZwZo,audienceWatchRatio,reward,9,0.7833333333333333,-0.07713333333333333,0.6297666269694231,-0.8166666666666667,0.7166666666666667,0.128,500
QqOwER4ZwZo,audienceWatchRatio,aversion,9,0.7666666666666667,-0.17260000000000003,0.47412177994922594,-0.6666666666666667,0.6166666666666666,0.0,500
QqOwER4ZwZo,audienceWatchRatio,social_value,9,0.9333333333333332,-0.13026666666666667,0.6184771045793763,-0.8166666666666667,0.8666666666666667,0.0,500
QqOwER4ZwZo,audienceWatchRatio,engagement,9,1.0,-0.05126666666666668,0.5849250246351616,-0.7333333333333334,0.8166666666666667,0.0,500
QqOwER4ZwZo,audienceWatchRatio,visual_processing,9,0.9666666666666667,-0.05563333333333333,0.5562622672804618,-0.7166666666666667,0.9333333333333332,0.0,500
QqOwER4ZwZo,audienceWatchRatio,auditory_processing,9,0.6833333333333333,-0.056866666666666676,0.5435189498894117,-0.8166666666666667,0.9,0.384,500
QqOwER4ZwZo,audienceWatchRatio,pattern_change,8,0.9285714285714287,-0.059428571428571476,0.6723035433654717,-0.8095238095238096,0.8571428571428572,0.0,500
QqOwER4ZwZo,audienceWatchRatio,amplitude_change,8,0.1666666666666667,0.01014285714285716,0.5133835362852984,-0.6428571428571429,0.7619047619047621,0.842,500
QqOwER4ZwZo,relativeRetentionPerformance,reward,9,0.8166666666666667,-0.14170000000000002,0.5768106746970313,-0.8833333333333333,0.7833333333333333,0.278,500
QqOwER4ZwZo,relativeRetentionPerformance,aversion,9,0.65,-0.1114,0.40767775400567435,-0.9666666666666667,0.41666666666666663,0.12,500
QqOwER4ZwZo,relativeRetentionPerformance,social_value,9,0.7333333333333334,-0.13820000000000005,0.5055620458679847,-0.9500000000000001,0.5833333333333334,0.158,500
QqOwER4ZwZo,relativeRetentionPerformance,engagement,9,0.5333333333333333,0.03153333333333335,0.5390424473081874,-0.8666666666666667,0.7166666666666667,0.376,500
QqOwER4ZwZo,relativeRetentionPerformance,visual_processing,9,0.5833333333333334,0.08783333333333333,0.5482023906470229,-0.8666666666666667,0.7833333333333333,0.35,500
QqOwER4ZwZo,relativeRetentionPerformance,auditory_processing,9,0.049999999999999996,-0.02003333333333332,0.49347103821354654,-0.6166666666666666,0.7,0.884,500
QqOwER4ZwZo,relativeRetentionPerformance,pattern_change,8,-0.8571428571428572,0.016285714285714258,0.6018358836418799,-0.8333333333333335,1.0,0.162,500
QqOwER4ZwZo,relativeRetentionPerformance,amplitude_change,8,-0.2380952380952381,0.02090476190476188,0.5078047971594406,-0.6666666666666669,0.9523809523809524,0.666,500
QqOwER4ZwZo,exit_intensity,reward,9,-0.9500000000000001,0.08316666666666667,0.5280345895656626,-0.6666666666666667,0.7333333333333334,0.0,500
QqOwER4ZwZo,exit_intensity,aversion,9,-0.8833333333333333,0.1765,0.393004770963407,-0.45,0.7666666666666667,0.0,500
QqOwER4ZwZo,exit_intensity,social_value,9,-0.9833333333333333,0.11553333333333331,0.5196888428024343,-0.7166666666666667,0.8499999999999999,0.0,500
QqOwER4ZwZo,exit_intensity,engagement,9,-0.9,-0.029033333333333324,0.5524559902029401,-0.8833333333333333,0.7999999999999999,0.0,500
QqOwER4ZwZo,exit_intensity,visual_processing,9,-0.9166666666666666,-0.03173333333333335,0.5423515628978843,-0.9500000000000001,0.6666666666666667,0.142,500
QqOwER4ZwZo,exit_intensity,auditory_processing,9,-0.45,0.04246666666666666,0.5427132699071705,-0.7666666666666667,0.9166666666666666,0.654,500
QqOwER4ZwZo,exit_intensity,pattern_change,8,-0.4523809523809524,0.06566666666666668,0.2933034114299774,-0.30952380952380953,0.4761904761904762,0.142,500
QqOwER4ZwZo,exit_intensity,amplitude_change,8,-0.2142857142857143,0.054904761904761915,0.3629405322252846,-0.5714285714285715,0.5000000000000001,0.704,500
RYL4yXCtf8Q,audienceWatchRatio,reward,9,0.8333333333333333,-0.10419999999999999,0.47897126334584117,-0.9,0.5166666666666667,0.144,500
RYL4yXCtf8Q,audienceWatchRatio,aversion,9,0.9333333333333332,-0.07643333333333333,0.4520529111115693,-0.7999999999999999,0.5333333333333333,0.0,500
RYL4yXCtf8Q,audienceWatchRatio,social_value,9,0.7666666666666667,-0.013199999999999984,0.47232308151659635,-0.7999999999999999,0.5666666666666667,0.124,500
RYL4yXCtf8Q,audienceWatchRatio,engagement,9,0.16666666666666669,0.033999999999999996,0.2800210309562083,-0.35,0.5,0.72,500
RYL4yXCtf8Q,audienceWatchRatio,visual_processing,9,0.38333333333333336,-0.0017666666666666683,0.3419757804939473,-0.6333333333333333,0.5499999999999999,0.25,500
RYL4yXCtf8Q,audienceWatchRatio,auditory_processing,9,-0.19999999999999998,0.02703333333333334,0.4651209866499492,-0.7,0.7833333333333333,0.76,500
RYL4yXCtf8Q,audienceWatchRatio,pattern_change,8,-0.30952380952380953,0.06276190476190477,0.1968854772614339,-0.3333333333333334,0.38095238095238104,0.282,500
RYL4yXCtf8Q,audienceWatchRatio,amplitude_change,8,-0.38095238095238104,0.0005238095238095309,0.19402865230123154,-0.4285714285714286,0.2380952380952381,0.134,500
RYL4yXCtf8Q,relativeRetentionPerformance,reward,9,-0.8166666666666667,0.06440000000000004,0.5569314500008058,-0.75,0.7333333333333334,0.0,500
RYL4yXCtf8Q,relativeRetentionPerformance,aversion,9,-0.6666666666666667,0.008499999999999985,0.5728471533586522,-0.7333333333333334,0.75,0.346,500
RYL4yXCtf8Q,relativeRetentionPerformance,social_value,9,-0.18333333333333335,0.0385333333333333,0.5787646460829787,-0.7666666666666667,0.9500000000000001,0.73,500
RYL4yXCtf8Q,relativeRetentionPerformance,engagement,9,-0.4666666666666666,0.0030000000000000044,0.21099473400485086,-0.2833333333333333,0.3666666666666667,0.0,500
RYL4yXCtf8Q,relativeRetentionPerformance,visual_processing,9,-0.5499999999999999,0.0372,0.2890915733427348,-0.3666666666666667,0.5166666666666667,0.0,500
RYL4yXCtf8Q,relativeRetentionPerformance,auditory_processing,9,-0.31666666666666665,0.021300000000000003,0.3961764183346157,-0.6333333333333333,0.45,0.664,500
RYL4yXCtf8Q,relativeRetentionPerformance,pattern_change,8,0.2142857142857143,-0.040666666666666684,0.16559987840542384,-0.261904761904762,0.2380952380952381,0.332,500
RYL4yXCtf8Q,relativeRetentionPerformance,amplitude_change,8,0.2380952380952381,0.012523809523809526,0.13434422062192508,-0.1666666666666667,0.261904761904762,0.144,500
RYL4yXCtf8Q,exit_intensity,reward,9,0.03333333333333333,0.020533333333333324,0.4714817588082161,-0.7,0.7,1.0,500
RYL4yXCtf8Q,exit_intensity,aversion,9,-0.18333333333333335,-0.010933333333333333,0.3617924758139057,-0.5833333333333334,0.48333333333333334,0.594,500
RYL4yXCtf8Q,exit_intensity,social_value,9,-0.7166666666666667,0.011133333333333348,0.3939422461901406,-0.6333333333333333,0.6666666666666667,0.0,500
RYL4yXCtf8Q,exit_intensity,engagement,9,0.21666666666666667,-0.03806666666666665,0.3714354078735928,-0.5499999999999999,0.6833333333333333,0.748,500
RYL4yXCtf8Q,exit_intensity,visual_processing,9,0.049999999999999996,0.03483333333333334,0.44985735393443205,-0.65,0.6833333333333333,1.0,500
RYL4yXCtf8Q,exit_intensity,auditory_processing,9,0.7,-0.08826666666666665,0.4491474590822039,-0.7,0.6,0.128,500
RYL4yXCtf8Q,exit_intensity,pattern_change,8,-0.38095238095238104,0.11009523809523811,0.33621764358057615,-0.5000000000000001,0.5714285714285715,0.288,500
RYL4yXCtf8Q,exit_intensity,amplitude_change,8,-0.30952380952380953,0.08990476190476192,0.28939477074289605,-0.3571428571428572,0.5714285714285715,0.428,500
RaCivbG0tZQ,audienceWatchRatio,reward,9,0.8833333333333333,-0.042833333333333355,0.634235563493565,-0.7999999999999999,0.7999999999999999,0.0,500
RaCivbG0tZQ,audienceWatchRatio,aversion,9,0.6833333333333333,0.007199999999999996,0.5686498082690651,-0.7333333333333334,0.7666666666666667,0.516,500
RaCivbG0tZQ,audienceWatchRatio,social_value,9,0.6666666666666667,-0.006233333333333323,0.6106440416114413,-0.7833333333333333,0.9,0.402,500
RaCivbG0tZQ,audienceWatchRatio,engagement,9,0.7,0.005600000000000012,0.5922600554936432,-0.7999999999999999,0.7666666666666667,0.41,500
RaCivbG0tZQ,audienceWatchRatio,visual_processing,9,0.8166666666666667,-0.06579999999999998,0.6056633865256986,-0.8333333333333333,0.7333333333333334,0.112,500
RaCivbG0tZQ,audienceWatchRatio,auditory_processing,9,0.43333333333333335,-0.05373333333333331,0.5832280438311511,-0.7999999999999999,0.75,0.762,500
RaCivbG0tZQ,audienceWatchRatio,pattern_change,8,0.28571428571428575,-0.1102857142857143,0.38948522337699154,-0.5952380952380953,0.5714285714285715,0.592,500
RaCivbG0tZQ,audienceWatchRatio,amplitude_change,8,0.8095238095238096,-0.12033333333333338,0.2904128385248238,-0.6666666666666669,0.19047619047619052,0.0,500
RaCivbG0tZQ,relativeRetentionPerformance,reward,9,0.9333333333333332,-0.05426666666666665,0.6335540106766308,-0.75,0.9500000000000001,0.096,500
RaCivbG0tZQ,relativeRetentionPerformance,aversion,9,0.8666666666666667,-0.023533333333333323,0.6088956889320206,-0.7666666666666667,0.8666666666666667,0.164,500
RaCivbG0tZQ,relativeRetentionPerformance,social_value,9,0.8333333333333333,-0.01286666666666665,0.6183742160788329,-0.7333333333333334,0.9666666666666667,0.154,500
RaCivbG0tZQ,relativeRetentionPerformance,engagement,9,0.8666666666666667,-0.019199999999999988,0.583693435517881,-0.7666666666666667,0.8666666666666667,0.124,500
RaCivbG0tZQ,relativeRetentionPerformance,visual_processing,9,0.8666666666666667,-0.03676666666666668,0.6153507500243707,-0.9,0.8166666666666667,0.116,500
RaCivbG0tZQ,relativeRetentionPerformance,auditory_processing,9,0.5499999999999999,-0.0855,0.5457301683677261,-0.75,0.75,0.496,500
RaCivbG0tZQ,relativeRetentionPerformance,pattern_change,8,0.28571428571428575,-0.09971428571428576,0.48256486880802857,-0.6666666666666669,0.5714285714285715,0.874,500
RaCivbG0tZQ,relativeRetentionPerformance,amplitude_change,8,0.6904761904761906,-0.08409523809523808,0.533737610380507,-0.9761904761904763,0.6666666666666669,0.174,500
RaCivbG0tZQ,exit_intensity,reward,9,-0.4666666666666666,-0.01699999999999998,0.5128513971469275,-0.6,0.7833333333333333,0.612,500
RaCivbG0tZQ,exit_intensity,aversion,9,0.16666666666666669,-0.03346666666666669,0.44193386131612244,-0.6833333333333333,0.6166666666666666,0.756,500
RaCivbG0tZQ,exit_intensity,social_value,9,0.2333333333333333,-0.03839999999999999,0.45784992203899205,-0.6166666666666666,0.6,0.768,500
RaCivbG0tZQ,exit_intensity,engagement,9,0.13333333333333333,-0.034633333333333356,0.47641132904712125,-0.6833333333333333,0.6166666666666666,0.766,500
RaCivbG0tZQ,exit_intensity,visual_processing,9,0.03333333333333333,0.007366666666666674,0.5349877039085416,-0.8166666666666667,0.6666666666666667,1.0,500
RaCivbG0tZQ,exit_intensity,auditory_processing,9,-0.13333333333333333,0.008600000000000024,0.4592099931161971,-0.6166666666666666,0.5833333333333334,1.0,500
RaCivbG0tZQ,exit_intensity,pattern_change,8,-0.7142857142857144,0.039857142857142834,0.5670645481901148,-0.6666666666666669,0.7619047619047621,0.264,500
RaCivbG0tZQ,exit_intensity,amplitude_change,8,0.023809523809523815,-0.007523809523809504,0.5802396799321816,-0.9761904761904763,0.7380952380952381,1.0,500
SDShEq_nhP8,audienceWatchRatio,reward,11,0.5909090909090909,-0.004981818181818181,0.5476866221052491,-0.7636363636363637,0.9363636363636365,0.296,500
SDShEq_nhP8,audienceWatchRatio,aversion,11,0.6181818181818182,-0.041672727272727264,0.49355306044140224,-0.6272727272727273,0.9272727272727275,0.274,500
SDShEq_nhP8,audienceWatchRatio,social_value,11,0.5363636363636364,0.03267272727272726,0.5471390023877701,-0.790909090909091,0.881818181818182,0.428,500
SDShEq_nhP8,audienceWatchRatio,engagement,11,0.21818181818181823,-0.014927272727272707,0.5654985247439672,-0.6363636363636364,0.9090909090909091,0.796,500
SDShEq_nhP8,audienceWatchRatio,visual_processing,11,0.5545454545454546,-0.0161090909090909,0.5743647598481055,-0.6454545454545455,0.8909090909090911,0.312,500
SDShEq_nhP8,audienceWatchRatio,auditory_processing,11,0.24545454545454545,-0.021545454545454562,0.32331203104970846,-0.6727272727272727,0.4727272727272727,0.492,500
SDShEq_nhP8,audienceWatchRatio,pattern_change,10,-0.17575757575757575,-0.06880000000000001,0.5264733786263117,-0.8545454545454544,0.8060606060606059,0.898,500
SDShEq_nhP8,audienceWatchRatio,amplitude_change,10,-0.2727272727272727,-0.004460606060606059,0.5206342922461277,-0.8424242424242423,0.8303030303030302,0.668,500
SDShEq_nhP8,relativeRetentionPerformance,reward,11,0.5454545454545455,0.01903636363636363,0.3432408936510628,-0.6636363636363638,0.4727272727272727,0.088,500
SDShEq_nhP8,relativeRetentionPerformance,aversion,11,0.4272727272727273,-0.019145454545454552,0.31559765734604883,-0.6000000000000001,0.4909090909090909,0.206,500
SDShEq_nhP8,relativeRetentionPerformance,social_value,11,0.20000000000000004,0.034927272727272723,0.2991957589083782,-0.44545454545454555,0.5363636363636364,0.788,500
SDShEq_nhP8,relativeRetentionPerformance,engagement,11,0.5181818181818182,-0.014309090909090908,0.3269564790206087,-0.5636363636363637,0.5,0.084,500
SDShEq_nhP8,relativeRetentionPerformance,visual_processing,11,0.23636363636363636,-0.013690909090909083,0.33491061642136033,-0.4727272727272727,0.5636363636363637,0.584,500
SDShEq_nhP8,relativeRetentionPerformance,auditory_processing,11,0.8181818181818182,-0.04865454545454547,0.3476642362352285,-0.6090909090909091,0.48181818181818187,0.0,500
SDShEq_nhP8,relativeRetentionPerformance,pattern_change,10,-0.3696969696969697,0.033890909090909103,0.5886927678135965,-0.7575757575757575,0.8060606060606059,0.802,500
SDShEq_nhP8,relativeRetentionPerformance,amplitude_change,10,-0.19999999999999998,0.05052121212121213,0.5494990490637328,-0.709090909090909,0.7939393939393938,0.768,500
SDShEq_nhP8,exit_intensity,reward,11,0.13636363636363638,-0.0387818181818182,0.5071230834996391,-0.7818181818181819,0.7363636363636363,0.794,500
SDShEq_nhP8,exit_intensity,aversion,11,0.39090909090909093,-0.023400000000000008,0.4895817513344114,-0.6181818181818182,0.6727272727272727,0.816,500
SDShEq_nhP8,exit_intensity,social_value,11,0.6727272727272727,-0.054945454545454554,0.44664350270926,-0.5636363636363637,0.6454545454545455,0.0,500
SDShEq_nhP8,exit_intensity,engagement,11,0.16363636363636366,0.008618181818181818,0.5256021573096852,-0.8090909090909091,0.7636363636363637,0.896,500
SDShEq_nhP8,exit_intensity,visual_processing,11,0.08181818181818183,-0.027,0.4882132290554952,-0.6727272727272727,0.6000000000000001,1.0,500
SDShEq_nhP8,exit_intensity,auditory_processing,11,0.018181818181818184,-0.056618181818181824,0.4130007119838579,-0.5636363636363637,0.5545454545454546,1.0,500
SDShEq_nhP8,exit_intensity,pattern_change,10,0.8181818181818182,-0.026739393939393927,0.585139957389427,-0.7333333333333332,0.7939393939393938,0.0,500
SDShEq_nhP8,exit_intensity,amplitude_change,10,0.6969696969696969,-0.08673939393939395,0.5543980150412935,-0.8181818181818182,0.8545454545454544,0.33,500
Sx_a2vKi-dg,audienceWatchRatio,reward,9,-0.5,0.02663333333333333,0.5639258215600897,-0.9,0.7,0.516,500
Sx_a2vKi-dg,audienceWatchRatio,aversion,9,-0.2333333333333333,0.08936666666666666,0.3676770004591893,-0.65,0.5333333333333333,0.67,500
Sx_a2vKi-dg,audienceWatchRatio,social_value,9,-0.15,0.0445,0.37507225229873303,-0.7666666666666667,0.48333333333333334,1.0,500
Sx_a2vKi-dg,audienceWatchRatio,engagement,9,-0.8499999999999999,0.045433333333333326,0.46244126473892155,-0.5,0.7,0.0,500
Sx_a2vKi-dg,audienceWatchRatio,visual_processing,9,-0.65,0.13376666666666664,0.4831440215459108,-0.6333333333333333,0.7833333333333333,0.244,500
Sx_a2vKi-dg,audienceWatchRatio,auditory_processing,9,-0.35,0.08603333333333334,0.33476681602439495,-0.5,0.6166666666666666,0.47,500
Sx_a2vKi-dg,audienceWatchRatio,pattern_change,8,0.14285714285714288,0.010142857142857136,0.4863770711380197,-0.5714285714285715,0.7380952380952381,0.876,500
Sx_a2vKi-dg,audienceWatchRatio,amplitude_change,8,0.261904761904762,-0.07757142857142858,0.42650522828045956,-0.7857142857142858,0.4761904761904762,0.56,500
Sx_a2vKi-dg,relativeRetentionPerformance,reward,9,0.18333333333333335,-0.053233333333333334,0.5569860271536841,-0.6833333333333333,0.7333333333333334,0.762,500
Sx_a2vKi-dg,relativeRetentionPerformance,aversion,9,0.31666666666666665,0.07383333333333333,0.5634696827100223,-0.8333333333333333,0.8499999999999999,0.856,500
Sx_a2vKi-dg,relativeRetentionPerformance,social_value,9,0.5499999999999999,0.009066666666666655,0.5309478065999833,-0.7666666666666667,0.75,0.37,500
Sx_a2vKi-dg,relativeRetentionPerformance,engagement,9,-0.6166666666666666,0.03376666666666668,0.38371623050837395,-0.6,0.6666666666666667,0.144,500
Sx_a2vKi-dg,relativeRetentionPerformance,visual_processing,9,-0.7,0.12023333333333332,0.4779796032375347,-0.45,0.8333333333333333,0.126,500
Sx_a2vKi-dg,relativeRetentionPerformance,auditory_processing,9,0.21666666666666667,0.05793333333333332,0.533320162337367,-0.9,0.6,1.0,500
Sx_a2vKi-dg,relativeRetentionPerformance,pattern_change,8,0.6190476190476191,-0.03857142857142859,0.4333880132952771,-0.7142857142857144,0.4047619047619048,0.268,500
Sx_a2vKi-dg,relativeRetentionPerformance,amplitude_change,8,0.4523809523809524,-0.0854761904761905,0.497083272747486,-0.8095238095238096,0.6428571428571429,0.434,500
Sx_a2vKi-dg,exit_intensity,reward,9,-0.21666666666666667,0.04866666666666667,0.49307358026521314,-0.7166666666666667,0.6666666666666667,0.858,500
Sx_a2vKi-dg,exit_intensity,aversion,9,0.39999999999999997,0.04236666666666666,0.43791178589097396,-0.5333333333333333,0.7166666666666667,0.516,500
Sx_a2vKi-dg,exit_intensity,social_value,9,0.33333333333333337,0.024399999999999998,0.45091287160357024,-0.9500000000000001,0.7666666666666667,0.352,500
Sx_a2vKi-dg,exit_intensity,engagement,9,-0.8833333333333333,0.0695,0.36202865908654247,-0.5499999999999999,0.5499999999999999,0.0,500
Sx_a2vKi-dg,exit_intensity,visual_processing,9,-0.8166666666666667,0.14329999999999998,0.41999880819936725,-0.5666666666666667,0.5499999999999999,0.0,500
Sx_a2vKi-dg,exit_intensity,auditory_processing,9,0.31666666666666665,0.014699999999999998,0.5287658786688533,-0.7166666666666667,0.7666666666666667,0.744,500
Sx_a2vKi-dg,exit_intensity,pattern_change,8,0.19047619047619052,-0.04171428571428573,0.4108384877765821,-0.4047619047619048,0.6190476190476191,0.732,500
Sx_a2vKi-dg,exit_intensity,amplitude_change,8,0.19047619047619052,-0.09752380952380954,0.4248374265554621,-0.6666666666666669,0.7142857142857144,0.554,500
T7sG26Y9N8g,audienceWatchRatio,reward,8,0.523809523809524,-0.02890476190476191,0.38316041944527424,-0.5476190476190477,0.6190476190476191,0.27,500
T7sG26Y9N8g,audienceWatchRatio,aversion,8,0.261904761904762,-0.008666666666666658,0.42807610529838924,-0.6190476190476191,0.880952380952381,0.544,500
T7sG26Y9N8g,audienceWatchRatio,social_value,8,0.261904761904762,-0.056142857142857154,0.49991713372274926,-0.6190476190476191,0.9047619047619048,0.582,500
T7sG26Y9N8g,audienceWatchRatio,engagement,8,0.261904761904762,-0.0013333333333333463,0.4103762335482216,-0.5000000000000001,0.8571428571428572,0.42,500
T7sG26Y9N8g,audienceWatchRatio,visual_processing,8,0.3333333333333334,-0.029047619047619086,0.43953412772287276,-0.5952380952380953,0.880952380952381,0.396,500
T7sG26Y9N8g,audienceWatchRatio,auditory_processing,8,0.261904761904762,-0.08071428571428571,0.44299402646423264,-0.7857142857142858,0.5952380952380953,0.42,500
T7sG26Y9N8g,relativeRetentionPerformance,reward,8,0.7857142857142858,-0.01114285714285714,0.6305528726205821,-0.8095238095238096,0.8571428571428572,0.298,500
T7sG26Y9N8g,relativeRetentionPerformance,aversion,8,0.880952380952381,-0.038952380952380974,0.5405797593237063,-0.880952380952381,0.6904761904761906,0.156,500
T7sG26Y9N8g,relativeRetentionPerformance,social_value,8,0.9523809523809524,0.06095238095238094,0.567609459810364,-0.8095238095238096,0.6904761904761906,0.0,500
T7sG26Y9N8g,relativeRetentionPerformance,engagement,8,0.9523809523809524,0.05614285714285714,0.5722364507400377,-0.7142857142857144,0.8571428571428572,0.0,500
T7sG26Y9N8g,relativeRetentionPerformance,visual_processing,8,0.9047619047619048,-0.09061904761904768,0.534212903535524,-0.7142857142857144,0.5952380952380953,0.0,500
T7sG26Y9N8g,relativeRetentionPerformance,auditory_processing,8,0.880952380952381,-0.2311428571428572,0.5393468040664461,-0.8095238095238096,0.5476190476190477,0.0,500
T7sG26Y9N8g,exit_intensity,reward,8,0.023809523809523815,-0.0153809523809524,0.4852873263497063,-0.5952380952380953,0.6190476190476191,1.0,500
T7sG26Y9N8g,exit_intensity,aversion,8,0.30952380952380953,-0.002476190476190491,0.5206600032672642,-0.7857142857142858,0.9047619047619048,0.59,500
T7sG26Y9N8g,exit_intensity,social_value,8,0.30952380952380953,-0.02919047619047618,0.5199723762940139,-0.9523809523809524,0.7380952380952381,0.568,500
T7sG26Y9N8g,exit_intensity,engagement,8,0.30952380952380953,-0.05423809523809525,0.5428575167083091,-0.9523809523809524,0.6904761904761906,0.728,500
T7sG26Y9N8g,exit_intensity,visual_processing,8,0.261904761904762,-0.062000000000000006,0.5107746018328937,-0.6428571428571429,0.9523809523809524,0.844,500
T7sG26Y9N8g,exit_intensity,auditory_processing,8,0.30952380952380953,-0.07295238095238096,0.5260449615644099,-0.6428571428571429,0.9761904761904763,0.74,500
TpSRs3-4M6c,audienceWatchRatio,reward,11,0.5727272727272729,0.040818181818181816,0.5271089008814306,-0.790909090909091,0.8272727272727273,0.392,500
TpSRs3-4M6c,audienceWatchRatio,aversion,11,0.6000000000000001,-0.028127272727272713,0.4020576378235233,-0.7545454545454545,0.5090909090909091,0.176,500
TpSRs3-4M6c,audienceWatchRatio,social_value,11,0.5909090909090909,-0.013399999999999994,0.4350819552321092,-0.7545454545454545,0.5818181818181819,0.094,500
TpSRs3-4M6c,audienceWatchRatio,engagement,11,-0.6181818181818182,-0.12654545454545454,0.6159227170582603,-0.8545454545454546,0.7818181818181819,0.532,500
TpSRs3-4M6c,audienceWatchRatio,visual_processing,11,-0.06363636363636364,-0.04194545454545454,0.3649368794057587,-0.7545454545454545,0.45454545454545453,0.902,500
TpSRs3-4M6c,audienceWatchRatio,auditory_processing,11,-0.11818181818181818,-0.019345454545454544,0.19899989949746208,-0.33636363636363636,0.3545454545454546,0.498,500
TpSRs3-4M6c,audienceWatchRatio,pattern_change,10,0.18787878787878787,0.015103030303030292,0.2791042957997678,-0.4666666666666666,0.5393939393939393,0.422,500
TpSRs3-4M6c,audienceWatchRatio,amplitude_change,10,-0.09090909090909088,-0.005963636363636351,0.39394273863381973,-0.6363636363636362,0.4787878787878787,1.0,500
TpSRs3-4M6c,relativeRetentionPerformance,reward,11,0.30000000000000004,-0.09287272727272727,0.31926068314412426,-0.5090909090909091,0.6000000000000001,0.494,500
TpSRs3-4M6c,relativeRetentionPerformance,aversion,11,0.10000000000000002,0.03692727272727274,0.4130305409634923,-0.5181818181818182,0.8363636363636365,0.816,500
TpSRs3-4M6c,relativeRetentionPerformance,social_value,11,0.24545454545454545,-0.0019090909090909154,0.3670113719047927,-0.6000000000000001,0.6545454545454547,0.39,500
TpSRs3-4M6c,relativeRetentionPerformance,engagement,11,-0.10909090909090911,0.008745454545454551,0.4009897420422878,-0.6727272727272727,0.5636363636363637,0.686,500
TpSRs3-4M6c,relativeRetentionPerformance,visual_processing,11,-0.20000000000000004,0.05570909090909091,0.2675755266823535,-0.30000000000000004,0.6545454545454547,0.558,500
TpSRs3-4M6c,relativeRetentionPerformance,auditory_processing,11,-0.4000000000000001,-0.0352181818181818,0.31656238845624723,-0.5636363636363637,0.4090909090909091,0.3,500
TpSRs3-4M6c,relativeRetentionPerformance,pattern_change,10,-0.406060606060606,-0.030763636363636358,0.1935604464448135,-0.29696969696969694,0.35757575757575755,0.0,500
TpSRs3-4M6c,relativeRetentionPerformance,amplitude_change,10,-0.12727272727272726,0.016193939393939386,0.4101322958858011,-0.6121212121212121,0.6363636363636362,0.892,500
TpSRs3-4M6c,exit_intensity,reward,11,-0.5090909090909091,0.0684,0.3427387777186383,-0.44545454545454555,0.7454545454545456,0.112,500
TpSRs3-4M6c,exit_intensity,aversion,11,-0.3090909090909091,-0.013781818181818195,0.3648653939502613,-0.7363636363636363,0.5272727272727273,0.49,500
TpSRs3-4M6c,exit_intensity,social_value,11,-0.3090909090909091,-0.029672727272727285,0.33308553786856326,-0.5363636363636364,0.6181818181818182,0.42,500
TpSRs3-4M6c,exit_intensity,engagement,11,0.44545454545454555,0.01725454545454546,0.39103672292725394,-0.5545454545454546,0.6272727272727273,0.316,500
TpSRs3-4M6c,exit_intensity,visual_processing,11,-0.05454545454545456,0.03660000000000001,0.34050052171656986,-0.6000000000000001,0.5454545454545455,0.808,500
TpSRs3-4M6c,exit_intensity,auditory_processing,11,0.45454545454545453,0.01012727272727273,0.2415783164425289,-0.45454545454545453,0.4090909090909091,0.094,500
TpSRs3-4M6c,exit_intensity,pattern_change,10,0.5393939393939393,0.07789090909090908,0.30139693714271254,-0.5151515151515151,0.5878787878787878,0.11,500
TpSRs3-4M6c,exit_intensity,amplitude_change,10,0.32121212121212117,-0.03624242424242425,0.40678287640944877,-0.5757575757575757,0.6484848484848483,0.534,500
U1xN2qrqmLI,audienceWatchRatio,reward,10,0.7454545454545454,-0.06184242424242425,0.4650471063948334,-0.7939393939393938,0.8303030303030302,0.204,500
U1xN2qrqmLI,audienceWatchRatio,aversion,10,0.5636363636363636,-0.025648484848484837,0.466870407158014,-0.7939393939393938,0.7939393939393938,0.202,500
U1xN2qrqmLI,audienceWatchRatio,social_value,10,0.8303030303030302,-0.033454545454545424,0.5331124060323158,-0.8060606060606059,0.8787878787878788,0.128,500
U1xN2qrqmLI,audienceWatchRatio,engagement,10,0.6484848484848483,-0.02799999999999999,0.41709263515357975,-0.6,0.9272727272727272,0.122,500
U1xN2qrqmLI,audienceWatchRatio,visual_processing,10,0.406060606060606,-0.02155151515151515,0.3886622232048754,-0.5272727272727272,0.8303030303030302,0.234,500
U1xN2qrqmLI,audienceWatchRatio,auditory_processing,10,0.5272727272727272,-0.009115151515151507,0.42045696353113016,-0.6727272727272726,0.5515151515151515,0.242,500
U1xN2qrqmLI,audienceWatchRatio,pattern_change,9,0.18333333333333335,-0.03126666666666667,0.39250924405250204,-0.6166666666666666,0.5666666666666667,0.632,500
U1xN2qrqmLI,audienceWatchRatio,amplitude_change,9,-0.39999999999999997,0.05286666666666666,0.39514639200062435,-0.7166666666666667,0.4666666666666666,0.388,500
U1xN2qrqmLI,relativeRetentionPerformance,reward,10,-0.4424242424242424,0.03648484848484848,0.4712277538087033,-0.5393939393939393,0.709090909090909,0.49,500
U1xN2qrqmLI,relativeRetentionPerformance,aversion,10,-0.10303030303030303,-0.00901818181818182,0.45091763823765996,-0.6121212121212121,0.6606060606060605,0.794,500
U1xN2qrqmLI,relativeRetentionPerformance,social_value,10,-0.309090909090909,0.0553939393939394,0.4759568160300219,-0.7333333333333332,0.6727272727272726,0.782,500
U1xN2qrqmLI,relativeRetentionPerformance,engagement,10,-0.05454545454545454,0.00016969696969697877,0.4487851253572973,-0.6969696969696969,0.5757575757575757,1.0,500
U1xN2qrqmLI,relativeRetentionPerformance,visual_processing,10,0.17575757575757575,-0.02807272727272727,0.3425760229985703,-0.5151515151515151,0.41818181818181815,0.77,500
U1xN2qrqmLI,relativeRetentionPerformance,auditory_processing,10,-0.06666666666666665,0.005139393939393955,0.4335719155038553,-0.6242424242424242,0.5636363636363636,0.784,500
U1xN2qrqmLI,relativeRetentionPerformance,pattern_change,9,0.21666666666666667,0.0019999999999999805,0.38418947871532816,-0.65,0.6333333333333333,0.542,500
U1xN2qrqmLI,relativeRetentionPerformance,amplitude_change,9,0.75,-0.0813,0.17187133107195174,-0.41666666666666663,0.18333333333333335,0.0,500
U1xN2qrqmLI,exit_intensity,reward,10,-0.22424242424242422,0.036193939393939396,0.3944939321197968,-0.5030303030303029,0.8909090909090909,0.512,500
U1xN2qrqmLI,exit_intensity,aversion,10,-0.17575757575757575,-0.057672727272727285,0.3863788110626671,-0.5878787878787878,0.7333333333333332,0.778,500
U1xN2qrqmLI,exit_intensity,social_value,10,-0.406060606060606,-0.008921212121212116,0.3514483330432769,-0.43030303030303024,0.7818181818181817,0.34,500
U1xN2qrqmLI,exit_intensity,engagement,10,-0.24848484848484845,0.009696969696969693,0.3813330251014955,-0.4787878787878787,0.8303030303030302,0.346,500
U1xN2qrqmLI,exit_intensity,visual_processing,10,-0.3696969696969697,0.014666666666666687,0.4191896331932313,-0.5757575757575757,0.9151515151515152,0.44,500
U1xN2qrqmLI,exit_intensity,auditory_processing,10,-0.16363636363636364,-0.03738181818181819,0.46794079413275186,-0.6969696969696969,0.8424242424242423,0.756,500
U1xN2qrqmLI,exit_intensity,pattern_change,9,0.21666666666666667,-0.06693333333333333,0.4201559710393273,-0.7333333333333334,0.7833333333333333,0.616,500
U1xN2qrqmLI,exit_intensity,amplitude_change,9,-0.3666666666666667,0.07496666666666668,0.3131160576456524,-0.41666666666666663,0.5833333333333334,0.242,500
UUhVYWq5QVM,audienceWatchRatio,reward,13,0.5659340659340659,-0.005549450549450567,0.485289142538463,-0.7307692307692307,0.7032967032967032,0.264,500
UUhVYWq5QVM,audienceWatchRatio,aversion,13,0.39560439560439564,0.000835164835164818,0.4746694645663611,-0.7142857142857143,0.5989010989010989,0.678,500
UUhVYWq5QVM,audienceWatchRatio,social_value,13,0.2857142857142857,0.02939560439560439,0.5251696380925907,-0.8296703296703297,0.6043956043956044,0.922,500
UUhVYWq5QVM,audienceWatchRatio,engagement,13,0.5604395604395606,-0.04275824175824174,0.4197699525526509,-0.7857142857142857,0.7197802197802198,0.18,500
UUhVYWq5QVM,audienceWatchRatio,visual_processing,13,0.5,-0.05353846153846154,0.39714255550746586,-0.47802197802197804,0.8076923076923077,0.208,500
UUhVYWq5QVM,audienceWatchRatio,auditory_processing,13,-0.3736263736263736,0.009835164835164828,0.3053346634961034,-0.6483516483516483,0.4945054945054945,0.294,500
UUhVYWq5QVM,audienceWatchRatio,pattern_change,12,0.3846153846153847,-0.026713286713286728,0.41518228690654274,-0.6083916083916086,0.7132867132867133,0.436,500
UUhVYWq5QVM,audienceWatchRatio,amplitude_change,12,0.0979020979020979,-0.03219580419580419,0.2618213181929172,-0.5664335664335665,0.3636363636363637,0.826,500
UUhVYWq5QVM,relativeRetentionPerformance,reward,13,0.03296703296703297,-0.002681318681318683,0.4176087996293119,-0.47802197802197804,0.5989010989010989,1.0,500
UUhVYWq5QVM,relativeRetentionPerformance,aversion,13,0.1758241758241758,0.00497802197802198,0.27921048380026453,-0.3736263736263736,0.5879120879120878,0.708,500
UUhVYWq5QVM,relativeRetentionPerformance,social_value,13,-0.03846153846153846,0.018340659340659343,0.2639879611688234,-0.35714285714285715,0.39010989010989006,1.0,500
UUhVYWq5QVM,relativeRetentionPerformance,engagement,13,0.005494505494505494,0.011890109890109905,0.46867381775170736,-0.6318681318681317,0.6098901098901099,1.0,500
UUhVYWq5QVM,relativeRetentionPerformance,visual_processing,13,0.14285714285714285,0.007087912087912091,0.36739691684266285,-0.4505494505494505,0.6703296703296703,0.674,500
UUhVYWq5QVM,relativeRetentionPerformance,auditory_processing,13,-0.4340659340659341,0.0017362637362637373,0.6250111493752543,-0.8406593406593407,0.8571428571428571,0.732,500
UUhVYWq5QVM,relativeRetentionPerformance,pattern_change,12,-0.5664335664335665,0.1198741258741259,0.3575604440820943,-0.5034965034965035,0.5944055944055945,0.196,500
UUhVYWq5QVM,relativeRetentionPerformance,amplitude_change,12,-0.44055944055944063,0.044405594405594405,0.1924410853320598,-0.22377622377622378,0.37762237762237766,0.0,500
UUhVYWq5QVM,exit_intensity,reward,13,0.04395604395604395,0.02725274725274724,0.38504616378165074,-0.6648351648351648,0.7362637362637362,0.926,500
UUhVYWq5QVM,exit_intensity,aversion,13,-0.3681318681318681,0.03167032967032967,0.43591220592454244,-0.7307692307692307,0.6263736263736264,0.442,500
UUhVYWq5QVM,exit_intensity,social_value,13,-0.2912087912087912,0.07805494505494505,0.383538191866488,-0.8461538461538461,0.46703296703296704,0.612,500
UUhVYWq5QVM,exit_intensity,engagement,13,0.6153846153846153,-0.03397802197802199,0.337797896545789,-0.532967032967033,0.5989010989010989,0.0,500
UUhVYWq5QVM,exit_intensity,visual_processing,13,0.12087912087912088,-0.02148351648351649,0.379648378844149,-0.6373626373626374,0.7637362637362637,0.72,500
UUhVYWq5QVM,exit_intensity,auditory_processing,13,-0.2087912087912088,0.03113186813186813,0.3231330987642191,-0.47802197802197804,0.5439560439560439,0.872,500
UUhVYWq5QVM,exit_intensity,pattern_change,12,0.9020979020979022,-0.09779020979020982,0.32421617800429164,-0.5384615384615385,0.4055944055944056,0.0,500
UUhVYWq5QVM,exit_intensity,amplitude_change,12,0.2937062937062937,-0.04923076923076924,0.3469466375243488,-0.5804195804195805,0.5804195804195805,0.624,500
Up_qUl26X2U,audienceWatchRatio,reward,11,0.6727272727272727,-0.02587272727272728,0.47989446877102565,-0.7090909090909092,0.8000000000000002,0.194,500
Up_qUl26X2U,audienceWatchRatio,aversion,11,0.7454545454545456,-0.008872727272727263,0.5153080939938137,-0.6363636363636364,0.7181818181818183,0.0,500
Up_qUl26X2U,audienceWatchRatio,social_value,11,0.5090909090909091,0.016472727272727285,0.4235634599774858,-0.5727272727272729,0.6636363636363638,0.414,500
Up_qUl26X2U,audienceWatchRatio,engagement,11,-0.7181818181818183,0.033872727272727284,0.3289229762383903,-0.6363636363636364,0.5181818181818182,0.0,500
Up_qUl26X2U,audienceWatchRatio,visual_processing,11,-0.16363636363636366,0.03434545454545456,0.3201792777763036,-0.48181818181818187,0.5272727272727273,0.756,500
Up_qUl26X2U,audienceWatchRatio,auditory_processing,11,-0.1272727272727273,0.010509090909090902,0.3687530545047886,-0.5636363636363637,0.48181818181818187,1.0,500
Up_qUl26X2U,audienceWatchRatio,pattern_change,10,0.6969696969696969,-0.061236363636363624,0.581193009576135,-0.8424242424242423,0.8545454545454544,0.332,500
Up_qUl26X2U,audienceWatchRatio,amplitude_change,10,0.8909090909090909,-0.07265454545454543,0.6166109529146897,-0.7939393939393938,0.8060606060606059,0.0,500
Up_qUl26X2U,relativeRetentionPerformance,reward,11,0.7181818181818183,0.003581818181818206,0.5194541607533498,-0.6818181818181819,0.8545454545454546,0.09,500
Up_qUl26X2U,relativeRetentionPerformance,aversion,11,0.7727272727272727,0.08727272727272728,0.4622059932165412,-0.6000000000000001,0.8000000000000002,0.12,500
Up_qUl26X2U,relativeRetentionPerformance,social_value,11,0.45454545454545453,0.033436363636363625,0.5101931505901377,-0.7000000000000001,0.7454545454545456,0.54,500
Up_qUl26X2U,relativeRetentionPerformance,engagement,11,-0.33636363636363636,0.004236363636363633,0.44817138508970333,-0.6000000000000001,0.7181818181818183,0.72,500
Up_qUl26X2U,relativeRetentionPerformance,visual_processing,11,0.15454545454545454,0.023836363636363652,0.3833944860073322,-0.5909090909090909,0.5818181818181819,1.0,500
Up_qUl26X2U,relativeRetentionPerformance,auditory_processing,11,-0.6363636363636364,-0.051690909090909065,0.4009739592954359,-0.8090909090909091,0.8000000000000002,0.188,500
Up_qUl26X2U,relativeRetentionPerformance,pattern_change,10,-0.17575757575757575,0.04162424242424241,0.5357753519606843,-0.8181818181818182,0.7939393939393938,0.914,500
Up_qUl26X2U,relativeRetentionPerformance,amplitude_change,10,0.5757575757575757,0.008945454545454541,0.5400803743878294,-0.7575757575757575,0.709090909090909,0.438,500
Up_qUl26X2U,exit_intensity,reward,11,0.5272727272727273,-0.023545454545454574,0.48478451377224135,-0.6545454545454547,0.8272727272727273,0.326,500
Up_qUl26X2U,exit_intensity,aversion,11,0.5272727272727273,-0.007090909090909108,0.5108961175965293,-0.8181818181818182,0.7727272727272727,0.502,500
Up_qUl26X2U,exit_intensity,social_value,11,0.790909090909091,-0.0874909090909091,0.4086727786383625,-0.6727272727272727,0.7090909090909092,0.0,500
Up_qUl26X2U,exit_intensity,engagement,11,0.6000000000000001,-0.10998181818181818,0.2556450916653046,-0.5090909090909091,0.18181818181818182,0.0,500
Up_qUl26X2U,exit_intensity,visual_processing,11,0.9272727272727275,-0.06483636363636366,0.2215890351435914,-0.4000000000000001,0.38181818181818183,0.0,500
Up_qUl26X2U,exit_intensity,auditory_processing,11,-0.5909090909090909,-0.04794545454545457,0.2944476442537987,-0.44545454545454555,0.48181818181818187,0.0,500
Up_qUl26X2U,exit_intensity,pattern_change,10,-0.006060606060606061,0.04063030303030302,0.642714868052826,-0.9757575757575757,0.8424242424242423,1.0,500
Up_qUl26X2U,exit_intensity,amplitude_change,10,0.38181818181818183,0.032824242424242464,0.6884567574294854,-0.8909090909090909,0.9151515151515152,0.804,500
V9kMPX50BKs,audienceWatchRatio,reward,9,-0.11666666666666665,0.0302,0.5243081833341066,-0.8833333333333333,0.8166666666666667,0.772,500
V9kMPX50BKs,audienceWatchRatio,aversion,9,0.7,-0.006633333333333337,0.47137965236809565,-0.7666666666666667,0.9666666666666667,0.22,500
V9kMPX50BKs,audienceWatchRatio,social_value,9,0.5,0.10516666666666666,0.531256869236635,-0.5666666666666667,0.8499999999999999,0.51,500
V9kMPX50BKs,audienceWatchRatio,engagement,9,0.3666666666666667,-0.05893333333333333,0.5392785056597997,-0.7833333333333333,0.9166666666666666,0.568,500
V9kMPX50BKs,audienceWatchRatio,visual_processing,9,0.75,0.04306666666666668,0.5425523384891083,-0.65,0.9666666666666667,0.16,500
V9kMPX50BKs,audienceWatchRatio,auditory_processing,9,0.21666666666666667,-0.0037666666666666586,0.5461976961992181,-0.7,0.9666666666666667,0.884,500
V9kMPX50BKs,audienceWatchRatio,pattern_change,8,-0.38095238095238104,0.08138095238095241,0.6399950733228742,-0.7380952380952381,0.9285714285714287,0.72,500
V9kMPX50BKs,audienceWatchRatio,amplitude_change,8,-0.2380952380952381,0.011333333333333329,0.39278745702295265,-0.5000000000000001,0.6904761904761906,0.43,500
V9kMPX50BKs,relativeRetentionPerformance,reward,9,-0.2833333333333333,-0.018433333333333343,0.5696477381290613,-0.9500000000000001,0.75,0.746,500
V9kMPX50BKs,relativeRetentionPerformance,aversion,9,0.8333333333333333,-0.013833333333333343,0.4839114645837145,-0.7,0.9333333333333332,0.124,500
V9kMPX50BKs,relativeRetentionPerformance,social_value,9,0.3666666666666667,0.012066666666666663,0.5353440804234642,-0.7,0.7833333333333333,0.63,500
V9kMPX50BKs,relativeRetentionPerformance,engagement,9,0.2333333333333333,-0.0409,0.5778926957297329,-0.8833333333333333,0.8499999999999999,0.75,500
V9kMPX50BKs,relativeRetentionPerformance,visual_processing,9,0.8166666666666667,-0.021600000000000015,0.5493633648748947,-0.7166666666666667,0.9333333333333332,0.114,500
V9kMPX50BKs,relativeRetentionPerformance,auditory_processing,9,0.15,-0.014900000000000023,0.5601742695110355,-0.7666666666666667,0.9,0.888,500
V9kMPX50BKs,relativeRetentionPerformance,pattern_change,8,-0.19047619047619052,0.029333333333333357,0.6507392342716154,-0.7380952380952381,0.9285714285714287,1.0,500
V9kMPX50BKs,relativeRetentionPerformance,amplitude_change,8,-0.1666666666666667,0.006809523809523821,0.3455451869010423,-0.5952380952380953,0.523809523809524,0.57,500
V9kMPX50BKs,exit_intensity,reward,9,-0.6166666666666666,0.028700000000000003,0.42161485715968045,-0.7,0.6833333333333333,0.228,500
V9kMPX50BKs,exit_intensity,aversion,9,0.18333333333333335,-0.056833333333333326,0.42473583293357503,-0.6333333333333333,0.5833333333333334,0.772,500
V9kMPX50BKs,exit_intensity,social_value,9,0.08333333333333334,-0.02020000000000001,0.44185940951594294,-0.5,0.7666666666666667,1.0,500
V9kMPX50BKs,exit_intensity,engagement,9,-0.75,0.022966666666666677,0.39564403052351105,-0.6,0.6833333333333333,0.0,500
V9kMPX50BKs,exit_intensity,visual_processing,9,-0.45,0.04223333333333331,0.44251580135001334,-0.5333333333333333,0.7999999999999999,0.366,500
V9kMPX50BKs,exit_intensity,auditory_processing,9,-0.7666666666666667,0.07469999999999999,0.38594821040019234,-0.35,0.7333333333333334,0.0,500
V9kMPX50BKs,exit_intensity,pattern_change,8,-0.5714285714285715,0.03571428571428569,0.4385336832937922,-0.6666666666666669,0.5952380952380953,0.298,500
V9kMPX50BKs,exit_intensity,amplitude_change,8,-0.5714285714285715,0.12223809523809522,0.539843369826451,-0.880952380952381,0.6428571428571429,0.59,500
VsS2ymfvSCs,audienceWatchRatio,reward,11,0.7454545454545456,-0.02207272727272726,0.4294667860621803,-0.690909090909091,0.7000000000000001,0.0,500
VsS2ymfvSCs,audienceWatchRatio,aversion,11,0.5818181818181819,-0.15289090909090908,0.44893453994655474,-0.7636363636363637,0.5545454545454546,0.218,500
VsS2ymfvSCs,audienceWatchRatio,social_value,11,0.14545454545454548,-0.043472727272727295,0.467324941900509,-0.6727272727272727,0.8272727272727273,0.678,500
VsS2ymfvSCs,audienceWatchRatio,engagement,11,-0.33636363636363636,0.06754545454545455,0.3264612540765338,-0.5818181818181819,0.6000000000000001,0.3,500
VsS2ymfvSCs,audienceWatchRatio,visual_processing,11,-0.4000000000000001,0.027309090909090908,0.3660406859922171,-0.48181818181818187,0.6454545454545455,0.278,500
VsS2ymfvSCs,audienceWatchRatio,auditory_processing,11,-0.13636363636363638,0.03918181818181821,0.6311329115694377,-0.9090909090909091,0.8363636363636365,0.804,500
VsS2ymfvSCs,audienceWatchRatio,pattern_change,10,0.5636363636363636,-0.038278787878787864,0.2442552176512556,-0.309090909090909,0.35757575757575755,0.0,500
VsS2ymfvSCs,audienceWatchRatio,amplitude_change,10,0.28484848484848485,-0.037042424242424245,0.2986364762387746,-0.4545454545454545,0.3696969696969697,0.572,500
VsS2ymfvSCs,relativeRetentionPerformance,reward,11,0.41818181818181827,-0.04467272727272729,0.3861844080550035,-0.6818181818181819,0.38181818181818183,0.188,500
VsS2ymfvSCs,relativeRetentionPerformance,aversion,11,0.6636363636363638,-0.09312727272727275,0.2856224844727103,-0.5454545454545455,0.4727272727272727,0.0,500
VsS2ymfvSCs,relativeRetentionPerformance,social_value,11,0.3454545454545455,-0.051727272727272726,0.3511235684635518,-0.6727272727272727,0.6818181818181819,0.372,500
VsS2ymfvSCs,relativeRetentionPerformance,engagement,11,-0.7636363636363637,0.08330909090909092,0.337566535100615,-0.3545454545454546,0.7636363636363637,0.086,500
VsS2ymfvSCs,relativeRetentionPerformance,visual_processing,11,-0.9181818181818183,0.07665454545454546,0.30640778964269005,-0.28181818181818186,0.7636363636363637,0.0,500
VsS2ymfvSCs,relativeRetentionPerformance,auditory_processing,11,-0.6727272727272727,0.04036363636363635,0.4632424708258728,-0.5909090909090909,0.7272727272727273,0.088,500
VsS2ymfvSCs,relativeRetentionPerformance,pattern_change,10,-0.18787878787878787,-0.06453333333333332,0.27280565176763405,-0.6242424242424242,0.24848484848484845,0.672,500
VsS2ymfvSCs,relativeRetentionPerformance,amplitude_change,10,-0.2121212121212121,0.02797575757575756,0.40787818199783893,-0.5636363636363636,0.709090909090909,0.646,500
VsS2ymfvSCs,exit_intensity,reward,11,0.009090909090909092,0.014600000000000009,0.4585700703507455,-0.6727272727272727,0.8000000000000002,1.0,500
VsS2ymfvSCs,exit_intensity,aversion,11,-0.6818181818181819,0.06072727272727276,0.3882550069390261,-0.6272727272727273,0.5818181818181819,0.0,500
VsS2ymfvSCs,exit_intensity,social_value,11,-0.09090909090909091,0.025454545454545435,0.494995116429704,-0.7454545454545456,0.690909090909091,1.0,500
VsS2ymfvSCs,exit_intensity,engagement,11,0.6727272727272727,-0.0781818181818182,0.3079202429738225,-0.5363636363636364,0.6181818181818182,0.0,500
VsS2ymfvSCs,exit_intensity,visual_processing,11,0.6181818181818182,-0.05207272727272728,0.29846300710736373,-0.4909090909090909,0.6090909090909091,0.0,500
VsS2ymfvSCs,exit_intensity,auditory_processing,11,0.8272727272727273,-0.04720000000000002,0.5423099610778854,-0.9545454545454546,0.7818181818181819,0.102,500
VsS2ymfvSCs,exit_intensity,pattern_change,10,0.06666666666666665,0.10072727272727272,0.42930621203455704,-0.49090909090909085,0.8181818181818182,1.0,500
VsS2ymfvSCs,exit_intensity,amplitude_change,10,0.07878787878787878,-0.007612121212121202,0.4947408431609863,-0.6969696969696969,0.7939393939393938,1.0,500
W0BsNpZQy4w,audienceWatchRatio,reward,11,0.9181818181818183,-0.03625454545454545,0.537769487008165,-0.7454545454545456,0.9545454545454546,0.094,500
W0BsNpZQy4w,audienceWatchRatio,aversion,11,0.8727272727272729,-0.036436363636363635,0.5357571251883475,-0.7727272727272727,0.9636363636363637,0.112,500
W0BsNpZQy4w,audienceWatchRatio,social_value,11,0.9363636363636365,-0.042054545454545504,0.580464200389554,-0.8727272727272729,0.9454545454545454,0.104,500
W0BsNpZQy4w,audienceWatchRatio,engagement,11,0.6454545454545455,0.036527272727272735,0.5675629848908241,-0.7636363636363637,0.881818181818182,0.438,500
W0BsNpZQy4w,audienceWatchRatio,visual_processing,11,0.7272727272727273,-0.02192727272727271,0.5045058343166153,-0.6454545454545455,0.8727272727272729,0.094,500
W0BsNpZQy4w,audienceWatchRatio,auditory_processing,11,0.5181818181818182,-0.005036363636363642,0.6123264864028122,-0.6727272727272727,0.9636363636363637,0.708,500
W0BsNpZQy4w,audienceWatchRatio,pattern_change,10,0.4545454545454545,-0.027369696969696957,0.4376505326859897,-0.6727272727272726,0.7818181818181817,0.318,500
W0BsNpZQy4w,audienceWatchRatio,amplitude_change,10,0.4787878787878787,-0.02768484848484849,0.5072511264362954,-0.8787878787878788,0.6727272727272726,0.458,500
W0BsNpZQy4w,relativeRetentionPerformance,reward,11,0.9181818181818183,-0.0007818181818181768,0.5418803048583594,-0.7181818181818183,0.9636363636363637,0.116,500
W0BsNpZQy4w,relativeRetentionPerformance,aversion,11,0.8545454545454546,-0.03661818181818182,0.4964737819848568,-0.7363636363636363,0.9727272727272729,0.08,500
W0BsNpZQy4w,relativeRetentionPerformance,social_value,11,0.9272727272727275,-0.04892727272727272,0.5638926159421221,-0.8272727272727273,0.9181818181818183,0.0,500
W0BsNpZQy4w,relativeRetentionPerformance,engagement,11,0.6818181818181819,0.04114545454545454,0.5368845947679759,-0.7636363636363637,0.8636363636363636,0.296,500
W0BsNpZQy4w,relativeRetentionPerformance,visual_processing,11,0.6363636363636364,0.008036363636363626,0.49186527618582254,-0.7090909090909092,0.8909090909090911,0.194,500
W0BsNpZQy4w,relativeRetentionPerformance,auditory_processing,11,0.5181818181818182,-0.014018181818181848,0.602653926429856,-0.690909090909091,0.9818181818181818,0.71,500
W0BsNpZQy4w,relativeRetentionPerformance,pattern_change,10,0.5515151515151515,-0.03490909090909089,0.3967877630744424,-0.5757575757575757,0.8787878787878788,0.2,500
W0BsNpZQy4w,relativeRetentionPerformance,amplitude_change,10,0.6121212121212121,-0.01932121212121213,0.48067677480459486,-0.6606060606060605,0.6848484848484848,0.348,500
W0BsNpZQy4w,exit_intensity,reward,11,-0.690909090909091,0.04469090909090909,0.4842307475362383,-0.7181818181818183,0.8636363636363636,0.172,500
W0BsNpZQy4w,exit_intensity,aversion,11,-0.5545454545454546,-0.06230909090909091,0.5320517501083785,-0.7818181818181819,0.8272727272727273,0.414,500
W0BsNpZQy4w,exit_intensity,social_value,11,-0.7000000000000001,0.008618181818181834,0.5319048333447791,-0.6363636363636364,0.8909090909090911,0.212,500
W0BsNpZQy4w,exit_intensity,engagement,11,-0.5,-0.005690909090909117,0.5379743245586146,-0.7545454545454545,0.7818181818181819,0.396,500
W0BsNpZQy4w,exit_intensity,visual_processing,11,-0.3727272727272728,0.00012727272727273853,0.5009918925128792,-0.7363636363636363,0.6818181818181819,0.506,500
W0BsNpZQy4w,exit_intensity,auditory_processing,11,-0.7000000000000001,0.028836363636363656,0.5313773165670356,-0.8454545454545455,0.790909090909091,0.286,500
W0BsNpZQy4w,exit_intensity,pattern_change,10,-0.01818181818181818,-0.004387878787878779,0.38814289417604597,-0.5030303030303029,0.5636363636363636,1.0,500
W0BsNpZQy4w,exit_intensity,amplitude_change,10,0.19999999999999998,0.040945454545454535,0.46825406774092504,-0.7212121212121211,0.7333333333333332,0.646,500
W0NR_N8PGSg,audienceWatchRatio,reward,10,0.6121212121212121,0.0040242424242424345,0.5581346047877019,-0.7939393939393938,0.9757575757575757,0.366,500
W0NR_N8PGSg,audienceWatchRatio,aversion,10,0.18787878787878787,7.272727272727763e-05,0.5255959355402038,-0.8424242424242423,0.7818181818181817,0.876,500
W0NR_N8PGSg,audienceWatchRatio,social_value,10,0.5636363636363636,0.08385454545454542,0.5488362880109598,-0.8181818181818182,0.8303030303030302,0.474,500
W0NR_N8PGSg,audienceWatchRatio,engagement,10,-0.05454545454545454,0.020509090909090914,0.41781365189938274,-0.7818181818181817,0.7939393939393938,0.792,500
W0NR_N8PGSg,audienceWatchRatio,visual_processing,10,0.28484848484848485,0.019975757575757577,0.42895633842558156,-0.7939393939393938,0.8181818181818182,0.502,500
W0NR_N8PGSg,audienceWatchRatio,auditory_processing,10,-0.22424242424242422,0.040945454545454535,0.35746174165819655,-0.6242424242424242,0.5393939393939393,0.562,500
W0NR_N8PGSg,audienceWatchRatio,pattern_change,9,-0.03333333333333333,-0.05456666666666663,0.5363992408230603,-0.7999999999999999,0.6833333333333333,1.0,500
W0NR_N8PGSg,audienceWatchRatio,amplitude_change,9,-0.09999999999999999,0.033333333333333326,0.6096492616433011,-0.8499999999999999,0.8333333333333333,0.878,500
W0NR_N8PGSg,relativeRetentionPerformance,reward,10,0.8545454545454544,-0.008072727272727271,0.4863604371083298,-0.49090909090909085,0.7454545454545454,0.0,500
W0NR_N8PGSg,relativeRetentionPerformance,aversion,10,0.5757575757575757,-0.013745454545454547,0.43523558637522153,-0.9393939393939393,0.5757575757575757,0.24,500
W0NR_N8PGSg,relativeRetentionPerformance,social_value,10,0.8303030303030302,0.018424242424242426,0.49069559143394476,-0.8303030303030302,0.7333333333333332,0.112,500
W0NR_N8PGSg,relativeRetentionPerformance,engagement,10,0.19999999999999998,-0.06106666666666667,0.47292622946120955,-0.6242424242424242,0.7454545454545454,0.798,500
W0NR_N8PGSg,relativeRetentionPerformance,visual_processing,10,0.5757575757575757,0.04172121212121213,0.43845670341705334,-0.8060606060606059,0.5151515151515151,0.112,500
W0NR_N8PGSg,relativeRetentionPerformance,auditory_processing,10,0.19999999999999998,-0.05204848484848487,0.5115978051848663,-0.6121212121212121,0.8060606060606059,0.884,500
W0NR_N8PGSg,relativeRetentionPerformance,pattern_change,9,0.65,-0.09676666666666667,0.4878730379013695,-0.5499999999999999,0.7833333333333333,0.12,500
W0NR_N8PGSg,relativeRetentionPerformance,amplitude_change,9,0.6166666666666666,-0.02120000000000002,0.5212277216129029,-0.65,0.8166666666666667,0.268,500
W0NR_N8PGSg,exit_intensity,reward,10,-0.24848484848484845,0.014836363636363623,0.3821608513311828,-0.5151515151515151,0.8303030303030302,0.316,500
W0NR_N8PGSg,exit_intensity,aversion,10,0.19999999999999998,-0.04113939393939394,0.3370766701796946,-0.5515151515151515,0.43030303030303024,0.774,500
W0NR_N8PGSg,exit_intensity,social_value,10,-0.10303030303030303,-0.08339393939393941,0.3573508486312117,-0.41818181818181815,0.6969696969696969,0.898,500
W0NR_N8PGSg,exit_intensity,engagement,10,-0.41818181818181815,0.09396363636363636,0.32138280108014394,-0.3696969696969697,0.5636363636363636,0.244,500
W0NR_N8PGSg,exit_intensity,visual_processing,10,-0.5030303030303029,-0.028969696969696975,0.34224471560963227,-0.6,0.6727272727272726,0.224,500
W0NR_N8PGSg,exit_intensity,auditory_processing,10,0.11515151515151514,-0.035369696969696954,0.3732174704115359,-0.6606060606060605,0.5151515151515151,0.78,500
W0NR_N8PGSg,exit_intensity,pattern_change,9,0.2333333333333333,-0.08323333333333333,0.473969632173014,-0.7999999999999999,0.5833333333333334,0.658,500
W0NR_N8PGSg,exit_intensity,amplitude_change,9,-0.06666666666666667,-0.06396666666666666,0.5238075759920494,-0.8333333333333333,0.75,0.878,500
W8lLa5CxuHo,audienceWatchRatio,reward,11,0.3181818181818182,0.02329090909090908,0.4900118193885693,-0.8090909090909091,0.7818181818181819,0.602,500
W8lLa5CxuHo,audienceWatchRatio,aversion,11,0.3727272727272728,0.0896,0.4449785271075188,-0.7545454545454545,0.7545454545454545,0.4,500
W8lLa5CxuHo,audienceWatchRatio,social_value,11,0.26363636363636367,0.07827272727272729,0.42508432804611046,-0.7272727272727273,0.7181818181818183,0.442,500
W8lLa5CxuHo,audienceWatchRatio,engagement,11,0.045454545454545456,0.03916363636363639,0.38709867364858785,-0.5636363636363637,0.690909090909091,1.0,500
W8lLa5CxuHo,audienceWatchRatio,visual_processing,11,0.28181818181818186,0.08176363636363636,0.3945117249930917,-0.6454545454545455,0.5181818181818182,0.592,500
W8lLa5CxuHo,audienceWatchRatio,auditory_processing,11,0.9363636363636365,-0.011381818181818203,0.32530627602790035,-0.44545454545454555,0.6090909090909091,0.0,500
W8lLa5CxuHo,audienceWatchRatio,pattern_change,10,0.07878787878787878,0.04579393939393938,0.4255019771540238,-0.5272727272727272,0.8909090909090909,0.862,500
W8lLa5CxuHo,audienceWatchRatio,amplitude_change,10,0.34545454545454546,-0.001890909090909096,0.5084373386263623,-0.709090909090909,0.8424242424242423,0.774,500
W8lLa5CxuHo,relativeRetentionPerformance,reward,11,0.5818181818181819,-0.010981818181818192,0.5081156841013197,-0.8727272727272729,0.8363636363636365,0.338,500
W8lLa5CxuHo,relativeRetentionPerformance,aversion,11,0.8909090909090911,0.041236363636363634,0.4646947548731442,-0.6454545454545455,0.8181818181818182,0.0,500
W8lLa5CxuHo,relativeRetentionPerformance,social_value,11,0.7818181818181819,0.05110909090909094,0.4425369308957295,-0.6090909090909091,0.8363636363636365,0.108,500
W8lLa5CxuHo,relativeRetentionPerformance,engagement,11,0.8363636363636365,0.024636363636363654,0.42982121018776254,-0.6727272727272727,0.690909090909091,0.0,500
W8lLa5CxuHo,relativeRetentionPerformance,visual_processing,11,0.5818181818181819,0.05714545454545457,0.37704770989516717,-0.4909090909090909,0.690909090909091,0.098,500
W8lLa5CxuHo,relativeRetentionPerformance,auditory_processing,11,0.16363636363636366,0.030363636363636374,0.46116492809958015,-0.6727272727272727,0.8545454545454546,0.886,500
W8lLa5CxuHo,relativeRetentionPerformance,pattern_change,10,0.7939393939393938,-0.03893333333333333,0.37925664201729314,-0.6,0.5151515151515151,0.0,500
W8lLa5CxuHo,relativeRetentionPerformance,amplitude_change,10,0.5515151515151515,0.006496969696969707,0.5247399571466448,-0.8545454545454544,0.7939393939393938,0.346,500
W8lLa5CxuHo,exit_intensity,reward,11,0.5181818181818182,-0.05303636363636364,0.4030141030692689,-0.7181818181818183,0.6181818181818182,0.306,500
W8lLa5CxuHo,exit_intensity,aversion,11,0.28181818181818186,-0.06323636363636365,0.3616511793665135,-0.7272727272727273,0.5272727272727273,0.608,500
W8lLa5CxuHo,exit_intensity,social_value,11,0.5454545454545455,-0.036,0.40691323419777004,-0.7727272727272727,0.5363636363636364,0.104,500
W8lLa5CxuHo,exit_intensity,engagement,11,0.3090909090909091,-0.06107272727272728,0.35552852938493074,-0.6818181818181819,0.4090909090909091,0.522,500
W8lLa5CxuHo,exit_intensity,visual_processing,11,0.5818181818181819,-0.07298181818181818,0.37971751309633606,-0.5545454545454546,0.4909090909090909,0.0,500
W8lLa5CxuHo,exit_intensity,auditory_processing,11,-0.16363636363636366,-0.004999999999999975,0.41447482452531337,-0.39090909090909093,0.8727272727272729,0.67,500
W8lLa5CxuHo,exit_intensity,pattern_change,10,0.5515151515151515,-0.07221818181818182,0.40292999180007805,-0.6606060606060605,0.6484848484848483,0.196,500
W8lLa5CxuHo,exit_intensity,amplitude_change,10,0.7212121212121211,-0.05287272727272727,0.4841235422775138,-0.7939393939393938,0.6727272727272726,0.096,500
W9oAY7BiOOU,audienceWatchRatio,reward,9,0.6166666666666666,0.03580000000000002,0.5233317664520069,-0.7999999999999999,0.9,0.272,500
W9oAY7BiOOU,audienceWatchRatio,aversion,9,0.5499999999999999,-0.02010000000000001,0.5015884667733101,-0.65,0.8833333333333333,0.362,500
W9oAY7BiOOU,audienceWatchRatio,social_value,9,0.65,-0.049933333333333337,0.4949960673244451,-0.6833333333333333,0.8333333333333333,0.252,500
W9oAY7BiOOU,audienceWatchRatio,engagement,9,0.48333333333333334,-0.023233333333333342,0.4853036746890205,-0.7999999999999999,0.7999999999999999,0.358,500
W9oAY7BiOOU,audienceWatchRatio,visual_processing,9,0.35,0.033466666666666665,0.5341670400414712,-0.7999999999999999,0.8166666666666667,0.626,500
W9oAY7BiOOU,audienceWatchRatio,auditory_processing,9,0.6833333333333333,-0.000933333333333338,0.5243622751071587,-0.9,0.8166666666666667,0.192,500
W9oAY7BiOOU,audienceWatchRatio,pattern_change,8,0.4285714285714286,-0.09252380952380952,0.4798366383952828,-0.5476190476190477,0.8095238095238096,0.564,500
W9oAY7BiOOU,audienceWatchRatio,amplitude_change,8,0.6666666666666669,-0.0721904761904762,0.4790526933367532,-0.9285714285714287,0.6666666666666669,0.288,500
W9oAY7BiOOU,relativeRetentionPerformance,reward,9,0.43333333333333335,-0.0501,0.33217380156244175,-0.7166666666666667,0.41666666666666663,0.242,500
W9oAY7BiOOU,relativeRetentionPerformance,aversion,9,0.5666666666666667,-0.06886666666666667,0.4154537599621246,-0.8333333333333333,0.5499999999999999,0.14,500
W9oAY7BiOOU,relativeRetentionPerformance,social_value,9,0.5,-0.0669,0.35403460439780615,-0.7,0.41666666666666663,0.144,500
W9oAY7BiOOU,relativeRetentionPerformance,engagement,9,0.43333333333333335,-0.002966666666666665,0.4471062252604706,-0.7999999999999999,0.5666666666666667,0.378,500
W9oAY7BiOOU,relativeRetentionPerformance,visual_processing,9,0.39999999999999997,-0.006933333333333334,0.3933951024945108,-0.7,0.6,0.402,500
W9oAY7BiOOU,relativeRetentionPerformance,auditory_processing,9,0.43333333333333335,0.054166666666666634,0.4838524511092658,-0.8666666666666667,0.7833333333333333,0.396,500
W9oAY7BiOOU,relativeRetentionPerformance,pattern_change,8,0.023809523809523815,-0.058714285714285754,0.5385169249504141,-0.7619047619047621,0.8095238095238096,0.842,500
W9oAY7BiOOU,relativeRetentionPerformance,amplitude_change,8,-0.1666666666666667,0.0627142857142857,0.47304918893006503,-0.5714285714285715,0.6904761904761906,0.864,500
W9oAY7BiOOU,exit_intensity,reward,9,0.2833333333333333,-0.005300000000000011,0.49900146849037985,-0.7166666666666667,0.8333333333333333,0.764,500
W9oAY7BiOOU,exit_intensity,aversion,9,0.35,-0.005299999999999989,0.3767598984912156,-0.6,0.5333333333333333,0.478,500
W9oAY7BiOOU,exit_intensity,social_value,9,0.26666666666666666,-0.058933333333333345,0.43580471671508003,-0.8666666666666667,0.5666666666666667,0.656,500
W9oAY7BiOOU,exit_intensity,engagement,9,0.16666666666666669,0.009000000000000001,0.3865302920427669,-0.5666666666666667,0.6333333333333333,1.0,500
W9oAY7BiOOU,exit_intensity,visual_processing,9,0.26666666666666666,0.04209999999999999,0.43985645512043026,-0.3666666666666667,0.8166666666666667,0.896,500
W9oAY7BiOOU,exit_intensity,auditory_processing,9,0.2333333333333333,0.033133333333333355,0.39753541281808397,-0.65,0.5666666666666667,0.632,500
W9oAY7BiOOU,exit_intensity,pattern_change,8,0.6904761904761906,-0.11314285714285714,0.4353241136213647,-0.880952380952381,0.5952380952380953,0.138,500
W9oAY7BiOOU,exit_intensity,amplitude_change,8,0.6428571428571429,0.016142857142857167,0.4042477939476784,-0.8571428571428572,0.523809523809524,0.13,500
Xac8YtXZ5Dk,audienceWatchRatio,reward,8,-0.1666666666666667,-0.06385714285714285,0.5569316225530263,-0.8095238095238096,0.8095238095238096,1.0,500
Xac8YtXZ5Dk,audienceWatchRatio,aversion,8,0.11904761904761905,0.03838095238095241,0.4840994725464261,-0.6428571428571429,0.7619047619047621,0.868,500
Xac8YtXZ5Dk,audienceWatchRatio,social_value,8,0.11904761904761905,0.03590476190476191,0.5262098337314178,-0.6190476190476191,0.8095238095238096,0.848,500
Xac8YtXZ5Dk,audienceWatchRatio,engagement,8,0.09523809523809526,0.039571428571428584,0.4637076719105068,-0.38095238095238104,0.8095238095238096,0.85,500
Xac8YtXZ5Dk,audienceWatchRatio,visual_processing,8,0.11904761904761905,0.07185714285714284,0.43390704826104437,-0.5000000000000001,0.6428571428571429,1.0,500
Xac8YtXZ5Dk,audienceWatchRatio,auditory_processing,8,0.5952380952380953,0.03371428571428574,0.5634939915012847,-0.7380952380952381,0.9047619047619048,0.572,500
Xac8YtXZ5Dk,relativeRetentionPerformance,reward,8,0.6190476190476191,-0.1626190476190476,0.6057458718179514,-0.880952380952381,0.6666666666666669,0.43,500
Xac8YtXZ5Dk,relativeRetentionPerformance,aversion,8,0.7142857142857144,0.03204761904761902,0.4908957313397817,-0.6666666666666669,0.880952380952381,0.126,500
Xac8YtXZ5Dk,relativeRetentionPerformance,social_value,8,0.7142857142857144,0.05185714285714287,0.48850175638005094,-0.7857142857142858,0.8095238095238096,0.282,500
Xac8YtXZ5Dk,relativeRetentionPerformance,engagement,8,0.6666666666666669,-0.027952380952380958,0.4161368904154328,-0.8333333333333335,0.4285714285714286,0.178,500
Xac8YtXZ5Dk,relativeRetentionPerformance,visual_processing,8,0.7142857142857144,-0.0030952380952381188,0.46140688680680075,-0.7142857142857144,0.7380952380952381,0.286,500
Xac8YtXZ5Dk,relativeRetentionPerformance,auditory_processing,8,0.6904761904761906,0.028857142857142835,0.5599233912613696,-0.6666666666666669,0.9047619047619048,0.134,500
Xac8YtXZ5Dk,exit_intensity,reward,8,0.5714285714285715,-0.14857142857142858,0.3752628708282,-0.5952380952380953,0.4047619047619048,0.304,500
Xac8YtXZ5Dk,exit_intensity,aversion,8,0.4761904761904762,-0.05247619047619045,0.4955415645300309,-0.7380952380952381,0.7142857142857144,0.428,500
Xac8YtXZ5Dk,exit_intensity,social_value,8,0.4761904761904762,-0.02719047619047622,0.4996698660682766,-0.8333333333333335,0.5714285714285715,0.564,500
Xac8YtXZ5Dk,exit_intensity,engagement,8,0.523809523809524,-0.12238095238095242,0.4534826184770162,-0.8095238095238096,0.4523809523809524,0.282,500
Xac8YtXZ5Dk,exit_intensity,visual_processing,8,0.4761904761904762,-0.11199999999999999,0.4596905594319281,-0.7857142857142858,0.5714285714285715,0.42,500
Xac8YtXZ5Dk,exit_intensity,auditory_processing,8,-0.04761904761904763,-0.060190476190476176,0.515169663618623,-0.6190476190476191,0.7142857142857144,1.0,500
Y6ojQvyzf3E,audienceWatchRatio,reward,11,0.3727272727272728,-0.02081818181818185,0.6273013102842186,-0.9181818181818183,0.8545454545454546,0.794,500
Y6ojQvyzf3E,audienceWatchRatio,aversion,11,0.5727272727272729,-0.006163636363636357,0.6201742167919865,-0.881818181818182,0.9454545454545454,0.502,500
Y6ojQvyzf3E,audienceWatchRatio,social_value,11,0.6545454545454547,-0.0567272727272727,0.6025866008884101,-0.8454545454545455,0.9272727272727275,0.522,500
Y6ojQvyzf3E,audienceWatchRatio,engagement,11,-0.02727272727272728,0.0022909090909091125,0.6046098732595881,-0.8181818181818182,0.7636363636363637,1.0,500
Y6ojQvyzf3E,audienceWatchRatio,visual_processing,11,-0.46363636363636374,0.020818181818181812,0.464532636364695,-0.6090909090909091,0.7090909090909092,0.392,500
Y6ojQvyzf3E,audienceWatchRatio,auditory_processing,11,0.6727272727272727,-0.11083636363636366,0.3090875850088638,-0.7454545454545456,0.36363636363636365,0.09,500
Y6ojQvyzf3E,audienceWatchRatio,pattern_change,10,0.6363636363636362,-0.11202424242424243,0.51738800597192,-0.7333333333333332,0.7454545454545454,0.374,500
Y6ojQvyzf3E,audienceWatchRatio,amplitude_change,10,-0.2606060606060606,-0.013575757575757557,0.47609979585235274,-0.7939393939393938,0.6969696969696969,0.542,500
Y6ojQvyzf3E,relativeRetentionPerformance,reward,11,0.6272727272727273,-0.04703636363636363,0.5670596718203109,-0.9090909090909091,0.8545454545454546,0.384,500
Y6ojQvyzf3E,relativeRetentionPerformance,aversion,11,0.19090909090909092,-0.010527272727272727,0.5714144431016108,-0.790909090909091,0.6818181818181819,1.0,500
Y6ojQvyzf3E,relativeRetentionPerformance,social_value,11,0.16363636363636366,0.002272727272727298,0.529576120844393,-0.7727272727272727,0.7454545454545456,0.808,500
Y6ojQvyzf3E,relativeRetentionPerformance,engagement,11,0.8000000000000002,-0.040618181818181796,0.5023137355534087,-0.881818181818182,0.7454545454545456,0.096,500
Y6ojQvyzf3E,relativeRetentionPerformance,visual_processing,11,0.5545454545454546,-0.05447272727272726,0.40536361964566014,-0.7545454545454545,0.5181818181818182,0.082,500
Y6ojQvyzf3E,relativeRetentionPerformance,auditory_processing,11,-0.16363636363636366,-0.021163636363636364,0.3573900357955583,-0.7636363636363637,0.4909090909090909,0.714,500
Y6ojQvyzf3E,relativeRetentionPerformance,pattern_change,10,-0.3939393939393939,0.07786666666666667,0.575314946157952,-0.7818181818181817,0.8181818181818182,0.662,500
Y6ojQvyzf3E,relativeRetentionPerformance,amplitude_change,10,-0.22424242424242422,0.0533090909090909,0.5054733803626854,-0.6363636363636362,0.6969696969696969,0.884,500
Y6ojQvyzf3E,exit_intensity,reward,11,-0.8272727272727273,0.10296363636363637,0.4586649440594855,-0.7363636363636363,0.7454545454545456,0.0,500
Y6ojQvyzf3E,exit_intensity,aversion,11,-0.5727272727272729,0.009036363636363638,0.4124714830112752,-0.7454545454545456,0.6545454545454547,0.19,500
Y6ojQvyzf3E,exit_intensity,social_value,11,-0.5727272727272729,0.026200000000000008,0.45934880928880323,-0.7181818181818183,0.6545454545454547,0.22,500
Y6ojQvyzf3E,exit_intensity,engagement,11,-0.7181818181818183,-0.014745454545454542,0.4649126031793948,-0.6272727272727273,0.6000000000000001,0.0,500
Y6ojQvyzf3E,exit_intensity,visual_processing,11,-0.18181818181818182,0.04636363636363637,0.4315018937357294,-0.790909090909091,0.7090909090909092,0.73,500
Y6ojQvyzf3E,exit_intensity,auditory_processing,11,-0.3727272727272728,0.10905454545454545,0.3537665084195208,-0.4090909090909091,0.6545454545454547,0.398,500
Y6ojQvyzf3E,exit_intensity,pattern_change,10,-0.309090909090909,0.006812121212121211,0.3616215202808195,-0.4545454545454545,0.6121212121212121,0.544,500
Y6ojQvyzf3E,exit_intensity,amplitude_change,10,0.01818181818181818,-0.0018909090909090941,0.43108893898471556,-0.6,0.5636363636363636,1.0,500
YhxqtPjpFEY,audienceWatchRatio,reward,8,0.8095238095238096,0.0026666666666666627,0.4063466567380331,-0.7857142857142858,0.7380952380952381,0.0,500
YhxqtPjpFEY,audienceWatchRatio,aversion,8,0.7142857142857144,-0.01780952380952381,0.419321133681487,-0.7142857142857144,0.5476190476190477,0.192,500
YhxqtPjpFEY,audienceWatchRatio,social_value,8,0.7619047619047621,-0.022380952380952345,0.39690726139699173,-0.9047619047619048,0.5000000000000001,0.132,500
YhxqtPjpFEY,audienceWatchRatio,engagement,8,0.14285714285714288,-0.04633333333333334,0.447993184573199,-0.5714285714285715,0.5952380952380953,1.0,500
YhxqtPjpFEY,audienceWatchRatio,visual_processing,8,0.14285714285714288,-0.06390476190476192,0.5554288572081048,-0.9285714285714287,0.6904761904761906,1.0,500
YhxqtPjpFEY,audienceWatchRatio,auditory_processing,8,-0.523809523809524,0.04819047619047621,0.4615950262448333,-0.7619047619047621,0.7142857142857144,0.41,500
YhxqtPjpFEY,relativeRetentionPerformance,reward,8,1.0,-0.063,0.6451514104484529,-0.9761904761904763,0.8571428571428572,0.0,500
YhxqtPjpFEY,relativeRetentionPerformance,aversion,8,0.9523809523809524,0.045714285714285735,0.5969069937466587,-0.9523809523809524,0.8333333333333335,0.156,500
YhxqtPjpFEY,relativeRetentionPerformance,social_value,8,0.9761904761904763,-0.04085714285714286,0.5507361307507306,-0.9047619047619048,0.7142857142857144,0.0,500
YhxqtPjpFEY,relativeRetentionPerformance,engagement,8,0.6666666666666669,-0.11980952380952381,0.5440082699117968,-0.880952380952381,0.8095238095238096,0.276,500
YhxqtPjpFEY,relativeRetentionPerformance,visual_processing,8,0.6666666666666669,-0.08785714285714286,0.6290266659572238,-0.7857142857142858,0.8095238095238096,0.584,500
YhxqtPjpFEY,relativeRetentionPerformance,auditory_processing,8,0.0,-0.09419047619047625,0.5566776975565989,-0.6666666666666669,0.9523809523809524,1.0,500
YhxqtPjpFEY,exit_intensity,reward,8,-0.30952380952380953,-0.07195238095238096,0.21603717556126728,-0.28571428571428575,0.3333333333333334,0.148,500
YhxqtPjpFEY,exit_intensity,aversion,8,-0.11904761904761905,-0.05600000000000001,0.2816859833170244,-0.4285714285714286,0.3571428571428572,0.822,500
YhxqtPjpFEY,exit_intensity,social_value,8,-0.19047619047619052,-0.017714285714285734,0.344103607242073,-0.5476190476190477,0.4523809523809524,0.594,500
YhxqtPjpFEY,exit_intensity,engagement,8,-0.07142857142857144,-0.07628571428571429,0.3794093631588548,-0.7857142857142858,0.5476190476190477,1.0,500
YhxqtPjpFEY,exit_intensity,visual_processing,8,0.04761904761904763,-0.04385714285714286,0.43942154049321835,-0.7380952380952381,0.5952380952380953,1.0,500
YhxqtPjpFEY,exit_intensity,auditory_processing,8,0.19047619047619052,-0.04380952380952381,0.437405253751107,-0.9285714285714287,0.6428571428571429,0.41,500
YttWlUEoEE0,audienceWatchRatio,reward,12,0.2377622377622378,0.00471328671328672,0.4595964506523067,-0.6293706293706295,0.7622377622377624,0.536,500
YttWlUEoEE0,audienceWatchRatio,aversion,12,0.7762237762237763,-0.03433566433566436,0.41615982735865287,-0.5384615384615385,0.8111888111888113,0.09,500
YttWlUEoEE0,audienceWatchRatio,social_value,12,0.7062937062937064,-0.03412587412587414,0.46804492010860865,-0.5454545454545455,0.8321678321678322,0.096,500
YttWlUEoEE0,audienceWatchRatio,engagement,12,0.055944055944055944,-0.001412587412587417,0.42027292479059924,-0.6993006993006995,0.6433566433566434,0.91,500
YttWlUEoEE0,audienceWatchRatio,visual_processing,12,0.32867132867132864,0.021958041958041963,0.30627809137321643,-0.5454545454545455,0.4895104895104896,0.35,500
YttWlUEoEE0,audienceWatchRatio,auditory_processing,12,0.7902097902097903,-0.123986013986014,0.38400390680319824,-0.5944055944055945,0.4895104895104896,0.0,500
YttWlUEoEE0,audienceWatchRatio,pattern_change,11,0.6545454545454547,0.004600000000000009,0.49842943116477356,-0.6727272727272727,0.9272727272727275,0.302,500
YttWlUEoEE0,audienceWatchRatio,amplitude_change,11,0.3272727272727273,0.057,0.38673683580089613,-0.5545454545454546,0.5363636363636364,0.596,500
YttWlUEoEE0,relativeRetentionPerformance,reward,12,0.23076923076923078,0.027958041958041958,0.47671047062710525,-0.7342657342657343,0.8321678321678322,0.568,500
YttWlUEoEE0,relativeRetentionPerformance,aversion,12,0.8181818181818183,-0.0195104895104895,0.38197452548464994,-0.4545454545454546,0.7272727272727274,0.0,500
YttWlUEoEE0,relativeRetentionPerformance,social_value,12,0.7342657342657343,-0.028377622377622386,0.42086741057019683,-0.5944055944055945,0.7272727272727274,0.0,500
YttWlUEoEE0,relativeRetentionPerformance,engagement,12,0.1398601398601399,0.01286713286713286,0.4135261573715214,-0.6503496503496504,0.8041958041958043,0.68,500
YttWlUEoEE0,relativeRetentionPerformance,visual_processing,12,0.46153846153846156,-0.009524475524475535,0.301204889317748,-0.4055944055944056,0.4825174825174825,0.084,500
YttWlUEoEE0,relativeRetentionPerformance,auditory_processing,12,0.8181818181818183,-0.11688111888111888,0.39195340720764665,-0.5804195804195805,0.5944055944055945,0.0,500
YttWlUEoEE0,relativeRetentionPerformance,pattern_change,11,0.8363636363636365,-0.014745454545454556,0.5072397444474432,-0.6454545454545455,0.8272727272727273,0.0,500
YttWlUEoEE0,relativeRetentionPerformance,amplitude_change,11,0.6818181818181819,0.034109090909090915,0.35758724254796603,-0.5272727272727273,0.6000000000000001,0.0,500
YttWlUEoEE0,exit_intensity,reward,12,0.2027972027972028,0.013202797202797219,0.35238978991645215,-0.5664335664335665,0.6083916083916086,0.66,500
YttWlUEoEE0,exit_intensity,aversion,12,0.3076923076923077,-0.028923076923076923,0.21500437601524974,-0.3356643356643357,0.2797202797202798,0.076,500
YttWlUEoEE0,exit_intensity,social_value,12,0.2447552447552448,-0.014531468531468519,0.2620024973572742,-0.35664335664335667,0.4125874125874127,0.478,500
YttWlUEoEE0,exit_intensity,engagement,12,0.31468531468531474,0.01212587412587413,0.33274982095692096,-0.5944055944055945,0.6363636363636365,0.362,500
YttWlUEoEE0,exit_intensity,visual_processing,12,0.5524475524475525,-0.058223776223776225,0.2314370210736786,-0.5034965034965035,0.3076923076923077,0.0,500
YttWlUEoEE0,exit_intensity,auditory_processing,12,-0.1398601398601399,0.019482517482517493,0.41826788903044554,-0.7482517482517484,0.6083916083916086,0.802,500
YttWlUEoEE0,exit_intensity,pattern_change,11,0.6181818181818182,0.0034363636363636497,0.3505918391605122,-0.5545454545454546,0.5454545454545455,0.0,500
YttWlUEoEE0,exit_intensity,amplitude_change,11,0.7454545454545456,-0.03041818181818182,0.3713805252641212,-0.5272727272727273,0.5636363636363637,0.0,500
aTiFD-qpSBw,audienceWatchRatio,reward,9,0.25,0.053866666666666646,0.48164018843023376,-0.6833333333333333,0.9333333333333332,0.47,500
aTiFD-qpSBw,audienceWatchRatio,aversion,9,0.2833333333333333,-0.00926666666666669,0.533926457690778,-0.8166666666666667,0.9333333333333332,0.734,500
aTiFD-qpSBw,audienceWatchRatio,social_value,9,0.5833333333333334,0.027966666666666654,0.5247217029583925,-0.75,0.9,0.368,500
aTiFD-qpSBw,audienceWatchRatio,engagement,9,0.2333333333333333,0.007499999999999991,0.5405890562874703,-0.6333333333333333,0.8833333333333333,0.9,500
aTiFD-qpSBw,audienceWatchRatio,visual_processing,9,0.2333333333333333,0.04933333333333332,0.530479447711638,-0.7333333333333334,0.9500000000000001,0.778,500
aTiFD-qpSBw,audienceWatchRatio,auditory_processing,9,-0.049999999999999996,-0.00029999999999999715,0.5050835123466657,-0.7333333333333334,0.7333333333333334,0.748,500
aTiFD-qpSBw,audienceWatchRatio,pattern_change,8,-0.7857142857142858,0.042380952380952366,0.23954274279047316,-0.38095238095238104,0.30952380952380953,0.0,500
aTiFD-qpSBw,audienceWatchRatio,amplitude_change,8,0.30952380952380953,0.010000000000000002,0.18776583573774758,-0.3333333333333334,0.261904761904762,0.156,500
aTiFD-qpSBw,relativeRetentionPerformance,reward,9,-0.39999999999999997,0.012433333333333305,0.4179771006486679,-0.7333333333333334,0.6,0.474,500
aTiFD-qpSBw,relativeRetentionPerformance,aversion,9,-0.5166666666666667,0.03666666666666667,0.3841831160614254,-0.5833333333333334,0.6,0.216,500
aTiFD-qpSBw,relativeRetentionPerformance,social_value,9,-0.2833333333333333,0.03856666666666665,0.38428122080927485,-0.5833333333333334,0.6,0.602,500
aTiFD-qpSBw,relativeRetentionPerformance,engagement,9,-0.45,0.12329999999999998,0.30230944227544215,-0.35,0.6,0.134,500
aTiFD-qpSBw,relativeRetentionPerformance,visual_processing,9,-0.39999999999999997,0.06466666666666666,0.36175406010161104,-0.43333333333333335,0.5499999999999999,0.366,500
aTiFD-qpSBw,relativeRetentionPerformance,auditory_processing,9,-0.33333333333333337,0.07033333333333334,0.299274864371274,-0.5833333333333334,0.5,0.368,500
aTiFD-qpSBw,relativeRetentionPerformance,pattern_change,8,0.30952380952380953,0.006904761904761905,0.675409466802032,-0.9285714285714287,0.9523809523809524,0.832,500
aTiFD-qpSBw,relativeRetentionPerformance,amplitude_change,8,-0.4523809523809524,-0.07976190476190478,0.329287952338915,-0.4761904761904762,0.4523809523809524,0.312,500
aTiFD-qpSBw,exit_intensity,reward,9,0.19999999999999998,0.024100000000000007,0.36310814275272507,-0.5499999999999999,0.5,0.89,500
aTiFD-qpSBw,exit_intensity,aversion,9,0.09999999999999999,-0.007499999999999993,0.30695072894521686,-0.5666666666666667,0.3,1.0,500
aTiFD-qpSBw,exit_intensity,social_value,9,-0.016666666666666666,0.008566666666666646,0.3689767397065083,-0.5,0.5499999999999999,1.0,500
aTiFD-qpSBw,exit_intensity,engagement,9,0.03333333333333333,-0.02333333333333333,0.38982332180389395,-0.5666666666666667,0.45,1.0,500
aTiFD-qpSBw,exit_intensity,visual_processing,9,-0.08333333333333334,0.016433333333333345,0.31645686207689594,-0.4666666666666666,0.48333333333333334,0.864,500
aTiFD-qpSBw,exit_intensity,auditory_processing,9,-0.06666666666666667,-0.007999999999999995,0.4160574212506944,-0.6,0.7,1.0,500
aTiFD-qpSBw,exit_intensity,pattern_change,8,-0.38095238095238104,0.024857142857142866,0.2442839320458518,-0.38095238095238104,0.4047619047619048,0.322,500
aTiFD-qpSBw,exit_intensity,amplitude_change,8,0.8095238095238096,-0.051476190476190495,0.5960412467274842,-0.6666666666666669,0.7619047619047621,0.0,500
aleL1hQ6A4M,audienceWatchRatio,reward,9,0.65,-0.010366666666666687,0.6348786226953587,-0.7833333333333333,0.7999999999999999,0.518,500
aleL1hQ6A4M,audienceWatchRatio,aversion,9,0.8499999999999999,-0.006466666666666661,0.552699801982153,-0.5666666666666667,0.8333333333333333,0.0,500
aleL1hQ6A4M,audienceWatchRatio,social_value,9,0.8499999999999999,-0.07533333333333336,0.5238473059966997,-0.5166666666666667,0.8499999999999999,0.096,500
aleL1hQ6A4M,audienceWatchRatio,engagement,9,0.8833333333333333,-0.020100000000000024,0.46556285051298685,-0.5166666666666667,0.8333333333333333,0.0,500
aleL1hQ6A4M,audienceWatchRatio,visual_processing,9,0.8666666666666667,-0.07826666666666666,0.5749771937506158,-0.7666666666666667,0.8166666666666667,0.0,500
aleL1hQ6A4M,audienceWatchRatio,auditory_processing,9,0.8833333333333333,-0.16019999999999998,0.5210975212632148,-0.7666666666666667,0.6166666666666666,0.0,500
aleL1hQ6A4M,audienceWatchRatio,pattern_change,8,0.5476190476190477,-0.15633333333333338,0.49708312677120203,-0.7142857142857144,0.880952380952381,0.412,500
aleL1hQ6A4M,audienceWatchRatio,amplitude_change,8,0.2142857142857143,-0.03180952380952379,0.38427649720462337,-0.6428571428571429,0.6666666666666669,0.462,500
aleL1hQ6A4M,relativeRetentionPerformance,reward,9,0.18333333333333335,0.03643333333333334,0.3449860721826318,-0.65,0.5,0.624,500
aleL1hQ6A4M,relativeRetentionPerformance,aversion,9,0.5333333333333333,0.06796666666666665,0.400653603503076,-0.8666666666666667,0.5333333333333333,0.246,500
aleL1hQ6A4M,relativeRetentionPerformance,social_value,9,0.5333333333333333,0.03493333333333334,0.3651752942842048,-0.7833333333333333,0.5166666666666667,0.1,500
aleL1hQ6A4M,relativeRetentionPerformance,engagement,9,0.41666666666666663,0.03873333333333334,0.40640668739029817,-0.7,0.65,0.406,500
aleL1hQ6A4M,relativeRetentionPerformance,visual_processing,9,0.38333333333333336,-0.014866666666666669,0.3257403260267295,-0.5333333333333333,0.5333333333333333,0.286,500
aleL1hQ6A4M,relativeRetentionPerformance,auditory_processing,9,0.38333333333333336,0.003533333333333329,0.23195728533982762,-0.35,0.35,0.0,500
aleL1hQ6A4M,relativeRetentionPerformance,pattern_change,8,0.523809523809524,-0.1192857142857143,0.410907063108523,-0.5952380952380953,0.5952380952380953,0.436,500
aleL1hQ6A4M,relativeRetentionPerformance,amplitude_change,8,0.3571428571428572,-0.10509523809523807,0.4655420145883063,-0.7380952380952381,0.6666666666666669,0.556,500
aleL1hQ6A4M,exit_intensity,reward,9,-0.6166666666666666,0.06076666666666668,0.37680258757073315,-0.43333333333333335,0.5166666666666667,0.0,500
aleL1hQ6A4M,exit_intensity,aversion,9,-0.4666666666666666,0.030166666666666665,0.3900548038417166,-0.43333333333333335,0.7166666666666667,0.244,500
aleL1hQ6A4M,exit_intensity,social_value,9,-0.4666666666666666,0.0047666666666666795,0.4089227732035041,-0.45,0.6666666666666667,0.268,500
aleL1hQ6A4M,exit_intensity,engagement,9,-0.43333333333333335,-0.03849999999999999,0.4327835935994904,-0.6666666666666667,0.5333333333333333,0.496,500
aleL1hQ6A4M,exit_intensity,visual_processing,9,-0.48333333333333334,0.017833333333333343,0.3504604510893886,-0.6166666666666666,0.48333333333333334,0.252,500
aleL1hQ6A4M,exit_intensity,auditory_processing,9,-0.5833333333333334,-0.0252,0.4012999210897838,-0.5333333333333333,0.5166666666666667,0.0,500
aleL1hQ6A4M,exit_intensity,pattern_change,8,0.8095238095238096,-0.16214285714285717,0.4572308323085895,-0.9047619047619048,0.5476190476190477,0.154,500
aleL1hQ6A4M,exit_intensity,amplitude_change,8,0.5714285714285715,-0.054285714285714284,0.42106494939614414,-0.7857142857142858,0.6666666666666669,0.264,500
asEe51-Hd3Y,audienceWatchRatio,reward,11,0.8090909090909091,-0.0643090909090909,0.6185664928814869,-0.9454545454545454,0.8272727272727273,0.278,500
asEe51-Hd3Y,audienceWatchRatio,aversion,11,0.8090909090909091,-0.04541818181818183,0.5796761695012167,-0.9818181818181818,0.8272727272727273,0.198,500
asEe51-Hd3Y,audienceWatchRatio,social_value,11,0.9,-0.07090909090909088,0.5943366327746012,-0.9454545454545454,0.8363636363636365,0.086,500
asEe51-Hd3Y,audienceWatchRatio,engagement,11,0.7272727272727273,-0.09732727272727272,0.5843060137341994,-0.8636363636363636,0.8727272727272729,0.332,500
asEe51-Hd3Y,audienceWatchRatio,visual_processing,11,0.5727272727272729,-0.05625454545454548,0.37126371817045645,-0.8363636363636365,0.4272727272727273,0.082,500
asEe51-Hd3Y,audienceWatchRatio,auditory_processing,11,0.2545454545454546,-0.10007272727272726,0.474874488506922,-0.7545454545454545,0.6272727272727273,0.816,500
asEe51-Hd3Y,audienceWatchRatio,pattern_change,10,-0.0303030303030303,0.04618181818181816,0.41631977185022706,-0.4787878787878787,0.7939393939393938,1.0,500
asEe51-Hd3Y,audienceWatchRatio,amplitude_change,10,-0.06666666666666665,0.037648484848484855,0.46838514976627876,-0.6484848484848483,0.7939393939393938,1.0,500
asEe51-Hd3Y,relativeRetentionPerformance,reward,11,-0.09090909090909091,0.008309090909090908,0.5506824169133427,-0.790909090909091,0.6818181818181819,0.88,500
asEe51-Hd3Y,relativeRetentionPerformance,aversion,11,-0.19090909090909092,0.040090909090909094,0.5351071492299695,-0.8181818181818182,0.7181818181818183,0.672,500
asEe51-Hd3Y,relativeRetentionPerformance,social_value,11,-0.17272727272727276,0.07496363636363636,0.5877373256540223,-0.8727272727272729,0.7454545454545456,0.918,500
asEe51-Hd3Y,relativeRetentionPerformance,engagement,11,-0.3454545454545455,0.04050909090909091,0.4914586203712273,-0.7545454545454545,0.9090909090909091,0.684,500
asEe51-Hd3Y,relativeRetentionPerformance,visual_processing,11,-0.39090909090909093,0.02001818181818182,0.37768774500541147,-0.7000000000000001,0.5454545454545455,0.376,500
asEe51-Hd3Y,relativeRetentionPerformance,auditory_processing,11,-0.018181818181818184,0.025127272727272717,0.38409325486104556,-0.5818181818181819,0.7090909090909092,1.0,500
asEe51-Hd3Y,relativeRetentionPerformance,pattern_change,10,0.09090909090909088,-0.02092121212121211,0.385878730575739,-0.49090909090909085,0.5757575757575757,0.798,500
asEe51-Hd3Y,relativeRetentionPerformance,amplitude_change,10,0.309090909090909,-0.04957575757575754,0.49491398924390007,-0.6484848484848483,0.5636363636363636,0.878,500
asEe51-Hd3Y,exit_intensity,reward,11,-0.3727272727272728,0.011836363636363643,0.3409150055244497,-0.4272727272727273,0.6818181818181819,0.328,500
asEe51-Hd3Y,exit_intensity,aversion,11,-0.36363636363636365,0.021600000000000005,0.3172238336902779,-0.3454545454545455,0.7181818181818183,0.102,500
asEe51-Hd3Y,exit_intensity,social_value,11,-0.39090909090909093,0.005818181818181813,0.3160644353177486,-0.48181818181818187,0.5727272727272729,0.272,500
asEe51-Hd3Y,exit_intensity,engagement,11,-0.5727272727272729,0.10716363636363636,0.24931162351530006,-0.46363636363636374,0.5,0.0,500
asEe51-Hd3Y,exit_intensity,visual_processing,11,-0.38181818181818183,0.12052727272727275,0.2287225458392911,-0.3454545454545455,0.48181818181818187,0.186,500
asEe51-Hd3Y,exit_intensity,auditory_processing,11,-0.3272727272727273,0.04121818181818182,0.369952961495118,-0.5545454545454546,0.6272727272727273,0.484,500
asEe51-Hd3Y,exit_intensity,pattern_change,10,-0.10303030303030303,0.019224242424242425,0.37778817975200146,-0.6121212121212121,0.7818181818181817,0.528,500
asEe51-Hd3Y,exit_intensity,amplitude_change,10,-0.2121212121212121,0.06293333333333331,0.49986872634849555,-0.7575757575757575,0.7333333333333332,0.77,500
avRvrWi97XI,audienceWatchRatio,reward,8,1.0,-0.022000000000000033,0.648148516056477,-0.8095238095238096,0.9047619047619048,0.0,500
avRvrWi97XI,audienceWatchRatio,aversion,8,0.9047619047619048,-0.012809523809523785,0.6280555946187988,-0.8333333333333335,0.7857142857142858,0.0,500
avRvrWi97XI,audienceWatchRatio,social_value,8,0.9285714285714287,-0.037476190476190455,0.6377826722022568,-0.8333333333333335,0.8333333333333335,0.0,500
avRvrWi97XI,audienceWatchRatio,engagement,8,0.8095238095238096,0.03409523809523812,0.543786472699677,-0.7380952380952381,0.7619047619047621,0.0,500
avRvrWi97XI,audienceWatchRatio,visual_processing,8,0.7857142857142858,-0.11071428571428574,0.482639368097121,-0.7380952380952381,0.4523809523809524,0.0,500
avRvrWi97XI,audienceWatchRatio,auditory_processing,8,0.6190476190476191,-0.022619047619047594,0.5721223466985333,-0.9047619047619048,0.8095238095238096,0.368,500
avRvrWi97XI,relativeRetentionPerformance,reward,8,0.2380952380952381,-0.06533333333333333,0.5471169872453481,-0.7857142857142858,0.8095238095238096,0.604,500
avRvrWi97XI,relativeRetentionPerformance,aversion,8,-0.14285714285714288,-0.03414285714285714,0.5107759669712096,-0.7857142857142858,0.7857142857142858,1.0,500
avRvrWi97XI,relativeRetentionPerformance,social_value,8,-0.023809523809523815,0.06723809523809526,0.5317605551203093,-0.7857142857142858,0.7619047619047621,1.0,500
avRvrWi97XI,relativeRetentionPerformance,engagement,8,-0.14285714285714288,0.10819047619047621,0.45994679767266833,-0.4761904761904762,0.8095238095238096,0.664,500
avRvrWi97XI,relativeRetentionPerformance,visual_processing,8,-0.2142857142857143,-0.04828571428571429,0.5187478470299285,-0.6428571428571429,0.880952380952381,0.702,500
avRvrWi97XI,relativeRetentionPerformance,auditory_processing,8,0.0,-0.01952380952380954,0.5451058271673414,-0.9285714285714287,0.8095238095238096,1.0,500
avRvrWi97XI,exit_intensity,reward,8,-0.5714285714285715,-0.012809523809523842,0.4904533952169346,-0.7619047619047621,0.9047619047619048,0.26,500
avRvrWi97XI,exit_intensity,aversion,8,-0.19047619047619052,0.05090476190476191,0.49340489230965484,-0.6190476190476191,0.8333333333333335,0.582,500
avRvrWi97XI,exit_intensity,social_value,8,-0.30952380952380953,0.02138095238095238,0.5116553079906544,-0.8333333333333335,0.8333333333333335,0.586,500
avRvrWi97XI,exit_intensity,engagement,8,-0.1666666666666667,-0.11738095238095239,0.5112571207693982,-0.7619047619047621,0.7857142857142858,0.726,500
avRvrWi97XI,exit_intensity,visual_processing,8,-0.023809523809523815,0.0162857142857143,0.48957854983912963,-0.6904761904761906,0.7380952380952381,1.0,500
avRvrWi97XI,exit_intensity,auditory_processing,8,-0.023809523809523815,-0.010047619047619073,0.5239869374875642,-0.8095238095238096,0.8571428571428572,1.0,500
bWu4KwfpbmM,audienceWatchRatio,reward,8,0.6428571428571429,-0.06519047619047619,0.33015264455624616,-0.4523809523809524,0.5952380952380953,0.0,500
bWu4KwfpbmM,audienceWatchRatio,aversion,8,0.07142857142857144,-0.03280952380952379,0.42308868339108935,-0.5952380952380953,0.6904761904761906,0.852,500
bWu4KwfpbmM,audienceWatchRatio,social_value,8,0.4285714285714286,-0.1160952380952381,0.4012371910064072,-0.5952380952380953,0.5952380952380953,0.456,500
bWu4KwfpbmM,audienceWatchRatio,engagement,8,0.30952380952380953,-0.0229047619047619,0.4167228234265864,-0.5952380952380953,0.5952380952380953,0.716,500
bWu4KwfpbmM,audienceWatchRatio,visual_processing,8,0.2380952380952381,-0.017428571428571436,0.4068936692182451,-0.5952380952380953,0.5714285714285715,0.86,500
bWu4KwfpbmM,audienceWatchRatio,auditory_processing,8,0.6190476190476191,-0.04204761904761905,0.6547399320988505,-0.9047619047619048,0.9761904761904763,0.576,500
bWu4KwfpbmM,relativeRetentionPerformance,reward,8,0.523809523809524,0.01261904761904761,0.39023010538321146,-0.5714285714285715,0.6428571428571429,0.328,500
bWu4KwfpbmM,relativeRetentionPerformance,aversion,8,0.023809523809523815,0.050523809523809526,0.47744781386659046,-0.4523809523809524,0.9047619047619048,1.0,500
bWu4KwfpbmM,relativeRetentionPerformance,social_value,8,0.04761904761904763,-0.03233333333333332,0.4483516269691633,-0.5714285714285715,0.8333333333333335,1.0,500
bWu4KwfpbmM,relativeRetentionPerformance,engagement,8,0.2380952380952381,0.04633333333333336,0.44616473727662037,-0.4523809523809524,0.8333333333333335,0.726,500
bWu4KwfpbmM,relativeRetentionPerformance,visual_processing,8,0.2142857142857143,0.04623809523809524,0.42868955779380874,-0.4523809523809524,0.7857142857142858,0.602,500
bWu4KwfpbmM,relativeRetentionPerformance,auditory_processing,8,0.9047619047619048,-0.03285714285714285,0.6007702916345462,-0.7857142857142858,0.8095238095238096,0.0,500
bWu4KwfpbmM,exit_intensity,reward,8,-0.14285714285714288,-0.031333333333333345,0.4213035488482252,-0.6428571428571429,0.7380952380952381,0.852,500
bWu4KwfpbmM,exit_intensity,aversion,8,0.2142857142857143,-0.11009523809523813,0.501210905589739,-0.8095238095238096,0.6190476190476191,0.846,500
bWu4KwfpbmM,exit_intensity,social_value,8,0.3333333333333334,-0.08023809523809525,0.48705295218414657,-0.6428571428571429,0.7380952380952381,0.864,500
bWu4KwfpbmM,exit_intensity,engagement,8,0.07142857142857144,-0.10547619047619049,0.4984585650212904,-0.880952380952381,0.6190476190476191,1.0,500
bWu4KwfpbmM,exit_intensity,visual_processing,8,0.1666666666666667,-0.12342857142857144,0.47294497817500125,-0.880952380952381,0.4285714285714286,1.0,500
bWu4KwfpbmM,exit_intensity,auditory_processing,8,-0.6666666666666669,-0.02195238095238097,0.6411564434941084,-0.8571428571428572,0.9047619047619048,0.444,500
bjdr2Usz3Mw,audienceWatchRatio,reward,10,0.28484848484848485,-0.07481212121212122,0.5712675212745577,-0.9151515151515152,0.9272727272727272,0.786,500
bjdr2Usz3Mw,audienceWatchRatio,aversion,10,-0.006060606060606061,0.0384,0.4706449516213735,-0.6606060606060605,0.6606060606060605,1.0,500
bjdr2Usz3Mw,audienceWatchRatio,social_value,10,0.0303030303030303,0.008824242424242443,0.5348430444911737,-0.7575757575757575,0.8787878787878788,1.0,500
bjdr2Usz3Mw,audienceWatchRatio,engagement,10,-0.33333333333333326,-0.0037575757575757434,0.48864963007595746,-0.6606060606060605,0.9151515151515152,0.652,500
bjdr2Usz3Mw,audienceWatchRatio,visual_processing,10,-0.12727272727272726,0.029115151515151524,0.4884707714341305,-0.709090909090909,0.9151515151515152,0.794,500
bjdr2Usz3Mw,audienceWatchRatio,auditory_processing,10,-0.5878787878787878,0.04019393939393936,0.5414894459314016,-0.6727272727272726,0.8666666666666665,0.448,500
bjdr2Usz3Mw,audienceWatchRatio,pattern_change,9,-0.5166666666666667,0.09963333333333332,0.3591136913754937,-0.38333333333333336,0.5499999999999999,0.228,500
bjdr2Usz3Mw,audienceWatchRatio,amplitude_change,9,0.08333333333333334,0.06203333333333334,0.6270798097353939,-0.8499999999999999,0.9166666666666666,1.0,500
bjdr2Usz3Mw,relativeRetentionPerformance,reward,10,-0.18787878787878787,0.03590303030303029,0.5941269408284579,-0.8787878787878788,0.8181818181818182,0.902,500
bjdr2Usz3Mw,relativeRetentionPerformance,aversion,10,0.09090909090909088,-0.06564848484848486,0.4828219685314685,-0.8181818181818182,0.6848484848484848,0.896,500
bjdr2Usz3Mw,relativeRetentionPerformance,social_value,10,-0.04242424242424241,-0.03449696969696969,0.43794298097147927,-0.7333333333333332,0.7212121212121211,1.0,500
bjdr2Usz3Mw,relativeRetentionPerformance,engagement,10,-0.006060606060606061,-0.0872,0.4947005645050138,-0.6606060606060605,0.7575757575757575,1.0,500
bjdr2Usz3Mw,relativeRetentionPerformance,visual_processing,10,-0.0303030303030303,-0.07027878787878789,0.45794850497056433,-0.7333333333333332,0.7333333333333332,1.0,500
bjdr2Usz3Mw,relativeRetentionPerformance,auditory_processing,10,-0.3696969696969697,0.023030303030303057,0.5213231735110856,-0.7575757575757575,0.8787878787878788,0.52,500
bjdr2Usz3Mw,relativeRetentionPerformance,pattern_change,9,-0.7333333333333334,0.08833333333333335,0.3932365700186085,-0.4666666666666666,0.5499999999999999,0.0,500
bjdr2Usz3Mw,relativeRetentionPerformance,amplitude_change,9,0.7333333333333334,-0.047066666666666694,0.4847797392172609,-0.75,0.9333333333333332,0.244,500
bjdr2Usz3Mw,exit_intensity,reward,10,0.17575757575757575,0.03049696969696968,0.3816499377280971,-0.5878787878787878,0.5393939393939393,0.876,500
bjdr2Usz3Mw,exit_intensity,aversion,10,0.35757575757575755,0.0015515151515151625,0.32961443173625665,-0.5393939393939393,0.4545454545454545,0.216,500
bjdr2Usz3Mw,exit_intensity,social_value,10,0.29696969696969694,-0.03995151515151513,0.42547395000210625,-0.6484848484848483,0.4787878787878787,0.796,500
bjdr2Usz3Mw,exit_intensity,engagement,10,0.309090909090909,-0.036993939393939405,0.31964151085822406,-0.5515151515151515,0.3696969696969697,0.572,500
bjdr2Usz3Mw,exit_intensity,visual_processing,10,0.29696969696969694,-0.04639999999999999,0.3494948033864352,-0.5151515151515151,0.49090909090909085,0.472,500
bjdr2Usz3Mw,exit_intensity,auditory_processing,10,0.3939393939393939,-0.047684848484848476,0.3507665265432987,-0.7939393939393938,0.33333333333333326,0.214,500
bjdr2Usz3Mw,exit_intensity,pattern_change,9,0.31666666666666665,-0.030866666666666653,0.436214172677189,-0.5333333333333333,0.7666666666666667,0.492,500
bjdr2Usz3Mw,exit_intensity,amplitude_change,9,0.016666666666666666,-0.011499999999999996,0.3520629284028007,-0.6333333333333333,0.45,1.0,500
c5G6I0dzoLY,audienceWatchRatio,reward,8,-0.7619047619047621,-0.05666666666666666,0.6033897068412716,-0.8333333333333335,0.7857142857142858,0.418,500
c5G6I0dzoLY,audienceWatchRatio,aversion,8,-0.523809523809524,0.008952380952380946,0.5633207662728987,-0.880952380952381,0.7380952380952381,0.454,500
c5G6I0dzoLY,audienceWatchRatio,social_value,8,-0.5952380952380953,-0.021523809523809518,0.5806296839914171,-0.9285714285714287,0.8333333333333335,0.404,500
c5G6I0dzoLY,audienceWatchRatio,engagement,8,0.023809523809523815,-0.011904761904761904,0.5667376906270875,-0.880952380952381,0.7619047619047621,1.0,500
c5G6I0dzoLY,audienceWatchRatio,visual_processing,8,0.4523809523809524,-0.08676190476190478,0.4599278164798061,-0.6666666666666669,0.6666666666666669,0.72,500
c5G6I0dzoLY,audienceWatchRatio,auditory_processing,8,0.3333333333333334,0.034000000000000016,0.5860591396717092,-0.7619047619047621,0.8095238095238096,0.726,500
c5G6I0dzoLY,relativeRetentionPerformance,reward,8,0.523809523809524,0.02328571428571427,0.49250016747813036,-0.7142857142857144,0.6428571428571429,0.424,500
c5G6I0dzoLY,relativeRetentionPerformance,aversion,8,0.0,0.06171428571428572,0.43554220906017355,-0.523809523809524,0.880952380952381,1.0,500
c5G6I0dzoLY,relativeRetentionPerformance,social_value,8,0.2380952380952381,0.022333333333333323,0.47065000404106544,-0.523809523809524,0.880952380952381,0.726,500
c5G6I0dzoLY,relativeRetentionPerformance,engagement,8,0.38095238095238104,0.033476190476190465,0.4771164592070353,-0.7142857142857144,0.7619047619047621,0.536,500
c5G6I0dzoLY,relativeRetentionPerformance,visual_processing,8,-0.4761904761904762,0.09147619047619046,0.4621336178267316,-0.523809523809524,0.9047619047619048,0.544,500
c5G6I0dzoLY,relativeRetentionPerformance,auditory_processing,8,-0.9285714285714287,0.09604761904761905,0.420840889674196,-0.5476190476190477,0.7857142857142858,0.0,500
c5G6I0dzoLY,exit_intensity,reward,8,0.4285714285714286,0.006047619047619052,0.6463106022322573,-0.7380952380952381,0.9285714285714287,0.706,500
c5G6I0dzoLY,exit_intensity,aversion,8,-0.7857142857142858,0.010000000000000031,0.6516365234777428,-0.8571428571428572,0.8333333333333335,0.434,500
c5G6I0dzoLY,exit_intensity,social_value,8,-0.5714285714285715,-0.04671428571428569,0.6242694396919758,-0.8571428571428572,0.8333333333333335,0.564,500
c5G6I0dzoLY,exit_intensity,engagement,8,-0.19047619047619052,0.023142857142857125,0.5674580388454642,-0.6904761904761906,0.8333333333333335,0.598,500
c5G6I0dzoLY,exit_intensity,visual_processing,8,-0.7380952380952381,0.0524285714285714,0.4747294228750844,-0.5952380952380953,0.7380952380952381,0.13,500
c5G6I0dzoLY,exit_intensity,auditory_processing,8,-0.6428571428571429,0.10495238095238098,0.516003269514506,-0.8333333333333335,0.5714285714285715,0.134,500
cuNKJsmifi4,audienceWatchRatio,reward,11,0.5363636363636364,0.007236363636363647,0.48105758010024213,-0.7181818181818183,0.8727272727272729,0.316,500
cuNKJsmifi4,audienceWatchRatio,aversion,11,0.6727272727272727,0.009509090909090918,0.47966206113529763,-0.7363636363636363,0.8727272727272729,0.198,500
cuNKJsmifi4,audienceWatchRatio,social_value,11,0.48181818181818187,0.006745454545454537,0.43881691394810907,-0.690909090909091,0.9545454545454546,0.214,500
cuNKJsmifi4,audienceWatchRatio,engagement,11,-0.02727272727272728,0.025090909090909094,0.3735355316277553,-0.6000000000000001,0.5545454545454546,1.0,500
cuNKJsmifi4,audienceWatchRatio,visual_processing,11,-0.08181818181818183,0.07338181818181815,0.36127401015465144,-0.7090909090909092,0.5181818181818182,1.0,500
cuNKJsmifi4,audienceWatchRatio,auditory_processing,11,-0.5636363636363637,0.08432727272727274,0.5276756942925337,-0.7000000000000001,0.9272727272727275,0.312,500
cuNKJsmifi4,audienceWatchRatio,pattern_change,10,0.309090909090909,0.0420121212121212,0.32253013617639686,-0.5515151515151515,0.5151515151515151,0.526,500
cuNKJsmifi4,audienceWatchRatio,amplitude_change,10,0.006060606060606061,0.02943030303030303,0.24354854922794683,-0.33333333333333326,0.3939393939393939,1.0,500
cuNKJsmifi4,relativeRetentionPerformance,reward,11,0.3545454545454546,-0.046345454545454544,0.3916488134258181,-0.8636363636363636,0.6727272727272727,0.298,500
cuNKJsmifi4,relativeRetentionPerformance,aversion,11,0.03636363636363637,-0.009799999999999996,0.37854876384895286,-0.6363636363636364,0.5272727272727273,1.0,500
cuNKJsmifi4,relativeRetentionPerformance,social_value,11,0.06363636363636364,-0.012763636363636357,0.41535455172221675,-0.7636363636363637,0.5818181818181819,0.902,500
cuNKJsmifi4,relativeRetentionPerformance,engagement,11,-0.2545454545454546,0.07081818181818184,0.4127386762541561,-0.4272727272727273,0.8000000000000002,0.598,500
cuNKJsmifi4,relativeRetentionPerformance,visual_processing,11,-0.38181818181818183,0.027818181818181825,0.4085018385100803,-0.6818181818181819,0.6545454545454547,0.396,500
cuNKJsmifi4,relativeRetentionPerformance,auditory_processing,11,0.44545454545454555,-0.053600000000000016,0.4035156641812923,-0.7090909090909092,0.48181818181818187,0.38,500
cuNKJsmifi4,relativeRetentionPerformance,pattern_change,10,-0.7333333333333332,-0.01784242424242426,0.5402748293597152,-0.8787878787878788,0.7333333333333332,0.21,500
cuNKJsmifi4,relativeRetentionPerformance,amplitude_change,10,-0.309090909090909,-0.026012121212121216,0.47170498383234,-0.6121212121212121,0.7212121212121211,0.64,500
cuNKJsmifi4,exit_intensity,reward,11,0.22727272727272727,0.04587272727272728,0.4495970541211099,-0.7181818181818183,0.7181818181818183,0.61,500
cuNKJsmifi4,exit_intensity,aversion,11,0.5090909090909091,0.049236363636363634,0.4206562114892194,-0.6545454545454547,0.7000000000000001,0.402,500
cuNKJsmifi4,exit_intensity,social_value,11,0.18181818181818182,0.09285454545454544,0.3805429140339991,-0.6000000000000001,0.7272727272727273,0.534,500
cuNKJsmifi4,exit_intensity,engagement,11,-0.09090909090909091,0.04825454545454546,0.3289031528686555,-0.7000000000000001,0.45454545454545453,0.736,500
cuNKJsmifi4,exit_intensity,visual_processing,11,0.018181818181818184,0.052000000000000005,0.3133690033034617,-0.5636363636363637,0.5545454545454546,0.8,500
cuNKJsmifi4,exit_intensity,auditory_processing,11,-0.44545454545454555,0.0900727272727273,0.4812665397823223,-0.6818181818181819,0.9363636363636365,0.464,500
cuNKJsmifi4,exit_intensity,pattern_change,10,0.2727272727272727,0.05323636363636364,0.36581897222638865,-0.4787878787878787,0.5757575757575757,0.548,500
cuNKJsmifi4,exit_intensity,amplitude_change,10,0.1515151515151515,0.032315151515151505,0.33168970951419713,-0.5272727272727272,0.5030303030303029,0.77,500
d2UQjVMvDo0,audienceWatchRatio,reward,11,0.8000000000000002,-0.004854545454545475,0.5400227148574248,-0.8000000000000002,0.790909090909091,0.088,500
d2UQjVMvDo0,audienceWatchRatio,aversion,11,0.9363636363636365,-0.024454545454545475,0.539741436413602,-0.790909090909091,0.9454545454545454,0.112,500
d2UQjVMvDo0,audienceWatchRatio,social_value,11,0.990909090909091,0.03069090909090908,0.5050566308153756,-0.7090909090909092,0.8636363636363636,0.0,500
d2UQjVMvDo0,audienceWatchRatio,engagement,11,0.881818181818182,-0.06107272727272728,0.4630458339058032,-0.6090909090909091,0.6181818181818182,0.0,500
d2UQjVMvDo0,audienceWatchRatio,visual_processing,11,0.6545454545454547,-0.008436363636363643,0.4308967025453581,-0.7272727272727273,0.7545454545454545,0.272,500
d2UQjVMvDo0,audienceWatchRatio,auditory_processing,11,-0.3181818181818182,0.07810909090909095,0.5591671445437314,-0.5909090909090909,0.8363636363636365,0.69,500
d2UQjVMvDo0,audienceWatchRatio,pattern_change,10,0.8303030303030302,-0.11983030303030302,0.5437264212423604,-0.8666666666666665,0.8060606060606059,0.092,500
d2UQjVMvDo0,audienceWatchRatio,amplitude_change,10,0.28484848484848485,-0.03922424242424238,0.5476012040170795,-0.7212121212121211,0.8181818181818182,0.694,500
d2UQjVMvDo0,relativeRetentionPerformance,reward,11,-0.10000000000000002,0.0415818181818182,0.5795980741887484,-0.8545454545454546,0.7181818181818183,0.82,500
d2UQjVMvDo0,relativeRetentionPerformance,aversion,11,-0.7000000000000001,0.04925454545454548,0.5703497024988231,-0.7272727272727273,0.8727272727272729,0.294,500
d2UQjVMvDo0,relativeRetentionPerformance,social_value,11,-0.5363636363636364,0.05178181818181819,0.5227071604035955,-0.7272727272727273,0.8545454545454546,0.508,500
d2UQjVMvDo0,relativeRetentionPerformance,engagement,11,-0.26363636363636367,0.0374909090909091,0.45295801202888225,-0.5636363636363637,0.7000000000000001,0.692,500
d2UQjVMvDo0,relativeRetentionPerformance,visual_processing,11,-0.3272727272727273,-0.00890909090909091,0.4363052612469113,-0.7272727272727273,0.6363636363636364,0.63,500
d2UQjVMvDo0,relativeRetentionPerformance,auditory_processing,11,0.16363636363636366,-0.04087272727272725,0.5663907759439416,-0.6454545454545455,0.9363636363636365,1.0,500
d2UQjVMvDo0,relativeRetentionPerformance,pattern_change,10,-0.9393939393939393,0.12344242424242421,0.6684793146835432,-0.9393939393939393,0.8909090909090909,0.124,500
d2UQjVMvDo0,relativeRetentionPerformance,amplitude_change,10,-0.4666666666666666,0.12058181818181818,0.5616990225044556,-0.8303030303030302,0.8060606060606059,0.54,500
d2UQjVMvDo0,exit_intensity,reward,11,-0.36363636363636365,0.008145454545454548,0.47188957105738977,-0.6727272727272727,0.6727272727272727,0.586,500
d2UQjVMvDo0,exit_intensity,aversion,11,-0.3454545454545455,0.018109090909090887,0.46219275575356483,-0.6636363636363638,0.6727272727272727,0.678,500
d2UQjVMvDo0,exit_intensity,social_value,11,-0.21818181818181823,-0.011745454545454557,0.4653947703094707,-0.690909090909091,0.5636363636363637,0.896,500
d2UQjVMvDo0,exit_intensity,engagement,11,-0.20909090909090913,-0.04767272727272727,0.4410637464468737,-0.7272727272727273,0.6272727272727273,0.672,500
d2UQjVMvDo0,exit_intensity,visual_processing,11,-0.3272727272727273,0.03790909090909091,0.4173633393397094,-0.6363636363636364,0.6545454545454547,0.514,500
d2UQjVMvDo0,exit_intensity,auditory_processing,11,-0.41818181818181827,-0.014436363636363648,0.4035452657231941,-0.5272727272727273,0.7272727272727273,0.452,500
d2UQjVMvDo0,exit_intensity,pattern_change,10,-0.0303030303030303,0.014351515151515145,0.31463177282365506,-0.5515151515151515,0.5393939393939393,1.0,500
d2UQjVMvDo0,exit_intensity,amplitude_change,10,0.28484848484848485,0.025309090909090916,0.30498334410858363,-0.5757575757575757,0.35757575757575755,0.344,500
dV_nny7LvTg,audienceWatchRatio,reward,10,0.406060606060606,-0.01827878787878786,0.5707286514056864,-0.7575757575757575,0.8060606060606059,0.666,500
dV_nny7LvTg,audienceWatchRatio,aversion,10,0.2727272727272727,0.008606060606060598,0.4749569638809674,-0.709090909090909,0.6727272727272726,0.87,500
dV_nny7LvTg,audienceWatchRatio,social_value,10,0.22424242424242422,0.022496969696969692,0.526607349451057,-0.6363636363636362,0.8303030303030302,0.89,500
dV_nny7LvTg,audienceWatchRatio,engagement,10,0.2606060606060606,0.018933333333333337,0.5318163212952002,-0.7575757575757575,0.7454545454545454,0.896,500
dV_nny7LvTg,audienceWatchRatio,visual_processing,10,0.2121212121212121,0.004921212121212129,0.4135577750184814,-0.6727272727272726,0.4666666666666666,0.892,500
dV_nny7LvTg,audienceWatchRatio,auditory_processing,10,0.4787878787878787,0.02904242424242422,0.5644349095888155,-0.8181818181818182,0.8424242424242423,0.466,500
dV_nny7LvTg,audienceWatchRatio,pattern_change,9,0.21666666666666667,-0.09713333333333332,0.39784782685510967,-0.6,0.8333333333333333,0.514,500
dV_nny7LvTg,audienceWatchRatio,amplitude_change,9,-0.15,0.030066666666666665,0.40519322688207793,-0.65,0.6666666666666667,0.764,500
dV_nny7LvTg,relativeRetentionPerformance,reward,10,-0.5030303030303029,-0.014278787878787863,0.5354665761197557,-0.9030303030303028,0.7696969696969697,0.528,500
dV_nny7LvTg,relativeRetentionPerformance,aversion,10,-0.6363636363636362,-0.032363636363636386,0.5096581399831224,-0.9151515151515152,0.7575757575757575,0.218,500
dV_nny7LvTg,relativeRetentionPerformance,social_value,10,-0.8303030303030302,0.07607272727272725,0.4598599737369655,-0.8303030303030302,0.7333333333333332,0.098,500
dV_nny7LvTg,relativeRetentionPerformance,engagement,10,-0.8787878787878788,0.01144242424242424,0.45451068376100084,-0.8666666666666665,0.7939393939393938,0.0,500
dV_nny7LvTg,relativeRetentionPerformance,visual_processing,10,-0.6969696969696969,0.005090909090909104,0.4079196881650281,-0.6727272727272726,0.6848484848484848,0.0,500
dV_nny7LvTg,relativeRetentionPerformance,auditory_processing,10,-0.6727272727272726,0.0015030303030303003,0.5835860293597781,-0.8060606060606059,0.8545454545454544,0.45,500
dV_nny7LvTg,relativeRetentionPerformance,pattern_change,9,0.18333333333333335,0.001600000000000005,0.4336610248159781,-0.5499999999999999,0.9333333333333332,0.666,500
dV_nny7LvTg,relativeRetentionPerformance,amplitude_change,9,-0.2333333333333333,-0.012766666666666666,0.36881614058437784,-0.43333333333333335,0.65,0.734,500
dV_nny7LvTg,exit_intensity,reward,10,0.35757575757575755,-0.0012363636363636504,0.46705652287015065,-0.6848484848484848,0.6969696969696969,0.674,500
dV_nny7LvTg,exit_intensity,aversion,10,0.5515151515151515,-0.03820606060606061,0.42618824692638085,-0.6242424242424242,0.6606060606060605,0.288,500
dV_nny7LvTg,exit_intensity,social_value,10,0.6606060606060605,-0.05745454545454545,0.4209134149045956,-0.7939393939393938,0.5757575757575757,0.124,500
dV_nny7LvTg,exit_intensity,engagement,10,0.5272727272727272,-0.011684848484848477,0.4441270186202402,-0.709090909090909,0.6848484848484848,0.322,500
dV_nny7LvTg,exit_intensity,visual_processing,10,0.5515151515151515,0.016945454545454538,0.4303333486544905,-0.49090909090909085,0.7575757575757575,0.144,500
dV_nny7LvTg,exit_intensity,auditory_processing,10,0.4424242424242424,-0.058860606060606044,0.49396538529868483,-0.8303030303030302,0.5757575757575757,0.42,500
dV_nny7LvTg,exit_intensity,pattern_change,9,-0.3666666666666667,-0.037,0.5177943607263409,-0.7166666666666667,0.6666666666666667,0.654,500
dV_nny7LvTg,exit_intensity,amplitude_change,9,0.65,-0.05839999999999998,0.4216416277150801,-0.7833333333333333,0.45,0.15,500
e3pSv49Kiww,audienceWatchRatio,reward,11,0.10909090909090911,-0.037999999999999985,0.4654985419547342,-0.8090909090909091,0.7181818181818183,0.79,500
e3pSv49Kiww,audienceWatchRatio,aversion,11,0.3727272727272728,-0.07561818181818183,0.5058168155657649,-0.881818181818182,0.7818181818181819,0.684,500
e3pSv49Kiww,audienceWatchRatio,social_value,11,0.3545454545454546,-0.02334545454545454,0.507343215695644,-0.8272727272727273,0.7181818181818183,0.624,500
e3pSv49Kiww,audienceWatchRatio,engagement,11,0.13636363636363638,0.0171818181818182,0.4716279087347574,-0.8272727272727273,0.7000000000000001,0.788,500
e3pSv49Kiww,audienceWatchRatio,visual_processing,11,0.05454545454545456,0.028636363636363626,0.4296490495568726,-0.8181818181818182,0.6727272727272727,1.0,500
e3pSv49Kiww,audienceWatchRatio,auditory_processing,11,-0.14545454545454548,0.019290909090909105,0.40444381930647255,-0.7363636363636363,0.690909090909091,0.742,500
e3pSv49Kiww,audienceWatchRatio,pattern_change,10,0.28484848484848485,-0.04065454545454546,0.5464283138242018,-0.8303030303030302,0.8666666666666665,0.548,500
e3pSv49Kiww,audienceWatchRatio,amplitude_change,10,-0.07878787878787878,-0.013381818181818186,0.5514465736917435,-0.6727272727272726,0.8787878787878788,0.754,500
e3pSv49Kiww,relativeRetentionPerformance,reward,11,-0.4909090909090909,0.0676909090909091,0.4372331378789857,-0.6727272727272727,0.6363636363636364,0.452,500
e3pSv49Kiww,relativeRetentionPerformance,aversion,11,-0.045454545454545456,0.03792727272727274,0.3776414863748486,-0.6181818181818182,0.6090909090909091,1.0,500
e3pSv49Kiww,relativeRetentionPerformance,social_value,11,0.18181818181818182,0.05945454545454548,0.3589360310419746,-0.5909090909090909,0.6636363636363638,0.712,500
e3pSv49Kiww,relativeRetentionPerformance,engagement,11,0.29090909090909095,0.023436363636363627,0.38027479363966,-0.6636363636363638,0.5727272727272729,0.466,500
e3pSv49Kiww,relativeRetentionPerformance,visual_processing,11,-0.16363636363636366,0.03396363636363635,0.42229541029203604,-0.6545454545454547,0.5545454545454546,0.788,500
e3pSv49Kiww,relativeRetentionPerformance,auditory_processing,11,-0.4727272727272727,0.03649090909090909,0.4214439762577785,-0.5818181818181819,0.6454545454545455,0.378,500
e3pSv49Kiww,relativeRetentionPerformance,pattern_change,10,-0.6969696969696969,0.12186666666666666,0.4939376960744196,-0.709090909090909,0.7939393939393938,0.206,500
e3pSv49Kiww,relativeRetentionPerformance,amplitude_change,10,-0.16363636363636364,0.01301818181818182,0.54712156360604,-0.7212121212121211,0.8545454545454544,0.9,500
e3pSv49Kiww,exit_intensity,reward,11,0.1272727272727273,0.0017636363636363717,0.43516885333062494,-0.7090909090909092,0.6636363636363638,0.916,500
e3pSv49Kiww,exit_intensity,aversion,11,0.48181818181818187,-0.025290909090909065,0.4909756247841958,-0.7545454545454545,0.8909090909090911,0.402,500
e3pSv49Kiww,exit_intensity,social_value,11,0.39090909090909093,-0.0057090909090909085,0.4757540874606725,-0.7272727272727273,0.8181818181818182,0.512,500
e3pSv49Kiww,exit_intensity,engagement,11,0.5,-0.0567818181818182,0.43946826284680307,-0.7545454545454545,0.6818181818181819,0.192,500
e3pSv49Kiww,exit_intensity,visual_processing,11,0.36363636363636365,-0.0012363636363636444,0.43175382333795514,-0.6272727272727273,0.7272727272727273,0.532,500
e3pSv49Kiww,exit_intensity,auditory_processing,11,-0.018181818181818184,0.001654545454545456,0.37779010264019963,-0.5545454545454546,0.45454545454545453,1.0,500
e3pSv49Kiww,exit_intensity,pattern_change,10,0.18787878787878787,-0.055709090909090916,0.5640007663997814,-0.7818181818181817,0.7939393939393938,0.792,500
e3pSv49Kiww,exit_intensity,amplitude_change,10,0.7696969696969697,-0.05532121212121211,0.5418862277113964,-0.6969696969696969,0.9515151515151514,0.122,500
eCfC1P0BlSE,audienceWatchRatio,reward,11,-0.7090909090909092,0.057236363636363634,0.23338479275137725,-0.21818181818181823,0.5454545454545455,0.0,500
eCfC1P0BlSE,audienceWatchRatio,aversion,11,-0.2545454545454546,0.01265454545454546,0.2938232357801159,-0.33636363636363636,0.690909090909091,0.504,500
eCfC1P0BlSE,audienceWatchRatio,social_value,11,-0.21818181818181823,0.00809090909090909,0.2457355125918115,-0.2545454545454546,0.5454545454545455,0.414,500
eCfC1P0BlSE,audienceWatchRatio,engagement,11,-0.20909090909090913,0.06145454545454547,0.4263214167892849,-0.6636363636363638,0.8363636363636365,0.802,500
eCfC1P0BlSE,audienceWatchRatio,visual_processing,11,-0.7000000000000001,0.03776363636363637,0.4144850717586145,-0.5363636363636364,0.7363636363636363,0.112,500
eCfC1P0BlSE,audienceWatchRatio,auditory_processing,11,-0.20000000000000004,0.013254545454545468,0.40962553308524596,-0.7272727272727273,0.6545454545454547,0.608,500
eCfC1P0BlSE,audienceWatchRatio,pattern_change,10,0.24848484848484845,-0.08327272727272726,0.4639009900380795,-0.6,0.7212121212121211,0.778,500
eCfC1P0BlSE,audienceWatchRatio,amplitude_change,10,-0.33333333333333326,0.05381818181818183,0.2932562884043669,-0.4787878787878787,0.5151515151515151,0.448,500
eCfC1P0BlSE,relativeRetentionPerformance,reward,11,-0.05454545454545456,-0.007109090909090903,0.41474421829794117,-0.6272727272727273,0.8000000000000002,0.892,500
eCfC1P0BlSE,relativeRetentionPerformance,aversion,11,-0.33636363636363636,0.04980000000000001,0.33222186104872403,-0.3727272727272728,0.4909090909090909,0.582,500
eCfC1P0BlSE,relativeRetentionPerformance,social_value,11,-0.3272727272727273,0.05387272727272729,0.3145865086187879,-0.36363636363636365,0.46363636363636374,0.51,500
eCfC1P0BlSE,relativeRetentionPerformance,engagement,11,0.7454545454545456,-0.07663636363636366,0.3938377712747276,-0.8454545454545455,0.5363636363636364,0.102,500
eCfC1P0BlSE,relativeRetentionPerformance,visual_processing,11,0.5818181818181819,-0.06901818181818183,0.42123799597875594,-0.7454545454545456,0.5272727272727273,0.112,500
eCfC1P0BlSE,relativeRetentionPerformance,auditory_processing,11,-0.26363636363636367,0.04014545454545454,0.31179922338338073,-0.39090909090909093,0.4272727272727273,0.632,500
eCfC1P0BlSE,relativeRetentionPerformance,pattern_change,10,-0.6606060606060605,0.04356363636363636,0.5905114639170412,-0.8424242424242423,0.7939393939393938,0.376,500
eCfC1P0BlSE,relativeRetentionPerformance,amplitude_change,10,0.1515151515151515,0.007321212121212129,0.30503799977043605,-0.4666666666666666,0.38181818181818183,0.892,500
eCfC1P0BlSE,exit_intensity,reward,11,0.39090909090909093,-0.025181818181818184,0.339515588317744,-0.5909090909090909,0.6000000000000001,0.288,500
eCfC1P0BlSE,exit_intensity,aversion,11,0.7000000000000001,-0.01118181818181817,0.34909719454568733,-0.45454545454545453,0.44545454545454555,0.0,500
eCfC1P0BlSE,exit_intensity,social_value,11,0.7636363636363637,-0.1212727272727273,0.310053101290464,-0.48181818181818187,0.36363636363636365,0.0,500
eCfC1P0BlSE,exit_intensity,engagement,11,0.18181818181818182,0.0008909090909091084,0.42844986745898267,-0.8272727272727273,0.4909090909090909,0.7,500
eCfC1P0BlSE,exit_intensity,visual_processing,11,-0.3545454545454546,-0.015090909090909103,0.4602234814658657,-0.6636363636363638,0.6363636363636364,0.608,500
eCfC1P0BlSE,exit_intensity,auditory_processing,11,-0.06363636363636364,0.015600000000000001,0.2899021413688556,-0.6545454545454547,0.4000000000000001,0.776,500
eCfC1P0BlSE,exit_intensity,pattern_change,10,0.8181818181818182,-0.07389090909090908,0.521721637357559,-0.7454545454545454,0.7454545454545454,0.0,500
eCfC1P0BlSE,exit_intensity,amplitude_change,10,0.19999999999999998,-0.02998787878787877,0.3505661848935479,-0.5878787878787878,0.5757575757575757,0.572,500
eR9QrJNU6t8,audienceWatchRatio,reward,11,0.6363636363636364,0.0058727272727272855,0.5599711241079407,-0.7363636363636363,0.9181818181818183,0.416,500
eR9QrJNU6t8,audienceWatchRatio,aversion,11,0.790909090909091,0.04485454545454545,0.46732274617325137,-0.7818181818181819,0.7363636363636363,0.0,500
eR9QrJNU6t8,audienceWatchRatio,social_value,11,0.9090909090909091,-0.07783636363636365,0.5589217893512207,-0.881818181818182,0.8727272727272729,0.0,500
eR9QrJNU6t8,audienceWatchRatio,engagement,11,0.6272727272727273,-0.003563636363636375,0.4780675923025084,-0.7454545454545456,0.7636363636363637,0.324,500
eR9QrJNU6t8,audienceWatchRatio,visual_processing,11,0.5454545454545455,-0.028727272727272747,0.4449093509677139,-0.7181818181818183,0.7545454545454545,0.19,500
eR9QrJNU6t8,audienceWatchRatio,auditory_processing,11,0.7363636363636363,-0.0074363636363636515,0.5854777575861436,-0.8181818181818182,0.8636363636363636,0.172,500
eR9QrJNU6t8,audienceWatchRatio,pattern_change,10,0.6969696969696969,-0.06722424242424242,0.4095427150885407,-0.7212121212121211,0.5757575757575757,0.124,500
eR9QrJNU6t8,audienceWatchRatio,amplitude_change,10,0.8424242424242423,-0.06993939393939394,0.38393929348734657,-0.5757575757575757,0.5272727272727272,0.0,500
eR9QrJNU6t8,relativeRetentionPerformance,reward,11,0.28181818181818186,-0.03403636363636362,0.5074924958937125,-0.9363636363636365,0.7090909090909092,0.686,500
eR9QrJNU6t8,relativeRetentionPerformance,aversion,11,0.018181818181818184,0.036818181818181826,0.447280441544709,-0.8272727272727273,0.5,1.0,500
eR9QrJNU6t8,relativeRetentionPerformance,social_value,11,0.22727272727272727,-0.01167272727272727,0.4829851514580191,-0.9181818181818183,0.6090909090909091,0.698,500
eR9QrJNU6t8,relativeRetentionPerformance,engagement,11,-0.3272727272727273,0.04890909090909091,0.4155044330501151,-0.6000000000000001,0.5545454545454546,0.612,500
eR9QrJNU6t8,relativeRetentionPerformance,visual_processing,11,-0.29090909090909095,0.04105454545454547,0.4398340919366666,-0.6181818181818182,0.6727272727272727,0.746,500
eR9QrJNU6t8,relativeRetentionPerformance,auditory_processing,11,0.09090909090909091,-0.004909090909090917,0.5381443783045833,-0.881818181818182,0.6363636363636364,0.798,500
eR9QrJNU6t8,relativeRetentionPerformance,pattern_change,10,-0.43030303030303024,0.006957575757575746,0.3951285592885851,-0.5515151515151515,0.8545454545454544,0.292,500
eR9QrJNU6t8,relativeRetentionPerformance,amplitude_change,10,-0.5757575757575757,0.04991515151515152,0.451937581686948,-0.5393939393939393,0.8545454545454544,0.116,500
eR9QrJNU6t8,exit_intensity,reward,11,-0.21818181818181823,0.019163636363636376,0.4116064412510315,-0.6454545454545455,0.6272727272727273,0.688,500
eR9QrJNU6t8,exit_intensity,aversion,11,-0.3454545454545455,-0.05920000000000001,0.45888923166941803,-0.7545454545454545,0.7727272727272727,0.532,500
eR9QrJNU6t8,exit_intensity,social_value,11,-0.5090909090909091,-0.0012545454545454663,0.3545532581891781,-0.5363636363636364,0.7545454545454545,0.226,500
eR9QrJNU6t8,exit_intensity,engagement,11,0.05454545454545456,0.00047272727272726735,0.4203270367835499,-0.6454545454545455,0.6545454545454547,0.9,500
eR9QrJNU6t8,exit_intensity,visual_processing,11,0.15454545454545454,0.03972727272727273,0.42653370324043566,-0.6090909090909091,0.7272727272727273,0.844,500
eR9QrJNU6t8,exit_intensity,auditory_processing,11,-0.26363636363636367,0.033345454545454546,0.3739312899274102,-0.5090909090909091,0.6454545454545455,0.71,500
eR9QrJNU6t8,exit_intensity,pattern_change,10,0.6121212121212121,-0.04176969696969697,0.3377542825911046,-0.5393939393939393,0.5393939393939393,0.0,500
eR9QrJNU6t8,exit_intensity,amplitude_change,10,0.8909090909090909,-0.0770909090909091,0.32788010978280546,-0.4787878787878787,0.7212121212121211,0.0,500
fT6KzDdWDEA,audienceWatchRatio,reward,8,0.5714285714285715,-0.09457142857142858,0.3139204370797266,-0.5952380952380953,0.28571428571428575,0.152,500
fT6KzDdWDEA,audienceWatchRatio,aversion,8,0.4761904761904762,-0.10804761904761903,0.37962309449973014,-0.6428571428571429,0.4047619047619048,0.294,500
fT6KzDdWDEA,audienceWatchRatio,social_value,8,0.5714285714285715,-0.030714285714285708,0.42815714102997976,-0.6428571428571429,0.4285714285714286,0.3,500
fT6KzDdWDEA,audienceWatchRatio,engagement,8,0.19047619047619052,-0.019904761904761897,0.30927930269390796,-0.5952380952380953,0.38095238095238104,0.72,500
fT6KzDdWDEA,audienceWatchRatio,visual_processing,8,0.4761904761904762,-0.011857142857142833,0.5222693786302959,-0.9047619047619048,0.6666666666666669,0.54,500
fT6KzDdWDEA,audienceWatchRatio,auditory_processing,8,0.9047619047619048,-0.12919047619047624,0.5187551185442637,-0.5714285714285715,0.6190476190476191,0.0,500
fT6KzDdWDEA,relativeRetentionPerformance,reward,8,0.28571428571428575,0.010428571428571431,0.42508512952929656,-0.8333333333333335,0.5714285714285715,0.44,500
fT6KzDdWDEA,relativeRetentionPerformance,aversion,8,0.2142857142857143,-0.013857142857142846,0.41314517057904615,-0.9047619047619048,0.4285714285714286,0.532,500
fT6KzDdWDEA,relativeRetentionPerformance,social_value,8,0.28571428571428575,0.03971428571428574,0.4584788117914262,-0.9047619047619048,0.5714285714285715,0.586,500
fT6KzDdWDEA,relativeRetentionPerformance,engagement,8,0.023809523809523815,0.041523809523809546,0.5380396431457184,-0.9523809523809524,0.7619047619047621,1.0,500
fT6KzDdWDEA,relativeRetentionPerformance,visual_processing,8,0.2142857142857143,0.005285714285714299,0.5068268163472682,-0.7142857142857144,0.6666666666666669,0.736,500
fT6KzDdWDEA,relativeRetentionPerformance,auditory_processing,8,0.4523809523809524,0.02628571428571425,0.504504192971301,-0.8095238095238096,0.7857142857142858,0.426,500
fT6KzDdWDEA,exit_intensity,reward,8,0.9047619047619048,-0.04004761904761908,0.4777574670048723,-0.5952380952380953,0.7380952380952381,0.0,500
fT6KzDdWDEA,exit_intensity,aversion,8,0.9523809523809524,-0.08347619047619048,0.4658216133995976,-0.8333333333333335,0.7380952380952381,0.0,500
fT6KzDdWDEA,exit_intensity,social_value,8,0.9047619047619048,-0.017714285714285738,0.5146374811082567,-0.8333333333333335,0.7380952380952381,0.0,500
fT6KzDdWDEA,exit_intensity,engagement,8,0.880952380952381,-0.11819047619047622,0.39372249858966873,-0.523809523809524,0.5000000000000001,0.0,500
fT6KzDdWDEA,exit_intensity,visual_processing,8,0.9523809523809524,-0.11738095238095238,0.38777893917660655,-0.5000000000000001,0.523809523809524,0.0,500
fT6KzDdWDEA,exit_intensity,auditory_processing,8,0.5000000000000001,-0.07342857142857141,0.57100427898687,-0.8333333333333335,0.7380952380952381,0.57,500
fWkUYcmsMWE,audienceWatchRatio,reward,11,0.7545454545454545,-0.06956363636363637,0.4814790312367312,-0.7818181818181819,0.7272727272727273,0.096,500
fWkUYcmsMWE,audienceWatchRatio,aversion,11,0.8363636363636365,-0.020036363636363633,0.4849318248070999,-0.8636363636363636,0.5818181818181819,0.084,500
fWkUYcmsMWE,audienceWatchRatio,social_value,11,0.690909090909091,-0.057018181818181815,0.4464317681755675,-0.8545454545454546,0.5181818181818182,0.098,500
fWkUYcmsMWE,audienceWatchRatio,engagement,11,0.3454545454545455,0.05805454545454548,0.25793922725843327,-0.5909090909090909,0.3454545454545455,0.182,500
fWkUYcmsMWE,audienceWatchRatio,visual_processing,11,0.5727272727272729,-0.07774545454545455,0.4648137720040447,-0.7727272727272727,0.5,0.22,500
fWkUYcmsMWE,audienceWatchRatio,auditory_processing,11,0.5363636363636364,-0.07043636363636366,0.5325318052814908,-0.8000000000000002,0.7363636363636363,0.414,500
fWkUYcmsMWE,audienceWatchRatio,pattern_change,10,0.6121212121212121,-0.023393939393939384,0.5039726988393223,-0.7696969696969697,0.6969696969696969,0.246,500
fWkUYcmsMWE,audienceWatchRatio,amplitude_change,10,0.6969696969696969,-0.08947878787878787,0.4837259848610079,-0.8060606060606059,0.7212121212121211,0.35,500
fWkUYcmsMWE,relativeRetentionPerformance,reward,11,-0.07272727272727274,0.006454545454545464,0.4959390375092688,-0.6181818181818182,0.8181818181818182,1.0,500
fWkUYcmsMWE,relativeRetentionPerformance,aversion,11,-0.10000000000000002,0.025418181818181815,0.5103100972662611,-0.6818181818181819,0.7000000000000001,1.0,500
fWkUYcmsMWE,relativeRetentionPerformance,social_value,11,-0.20000000000000004,0.06405454545454546,0.47144335119760655,-0.6818181818181819,0.6818181818181819,0.818,500
fWkUYcmsMWE,relativeRetentionPerformance,engagement,11,-0.27272727272727276,0.025054545454545468,0.30935022063716794,-0.4727272727272727,0.6090909090909091,0.288,500
fWkUYcmsMWE,relativeRetentionPerformance,visual_processing,11,-0.3545454545454546,0.020109090909090934,0.4834462250984938,-0.6363636363636364,0.7454545454545456,0.708,500
fWkUYcmsMWE,relativeRetentionPerformance,auditory_processing,11,-0.690909090909091,0.04174545454545455,0.42043204224792424,-0.6090909090909091,0.8090909090909091,0.09,500
fWkUYcmsMWE,relativeRetentionPerformance,pattern_change,10,-0.5757575757575757,0.054496969696969724,0.5945174656248258,-0.9030303030303028,0.8909090909090909,0.464,500
fWkUYcmsMWE,relativeRetentionPerformance,amplitude_change,10,-0.4666666666666666,0.03895757575757574,0.4981962991333396,-0.8909090909090909,0.9030303030303028,0.322,500
fWkUYcmsMWE,exit_intensity,reward,11,-0.14545454545454548,0.007818181818181811,0.5195793276160536,-0.690909090909091,0.9090909090909091,0.81,500
fWkUYcmsMWE,exit_intensity,aversion,11,0.08181818181818183,0.05467272727272727,0.503121972625767,-0.7000000000000001,0.7545454545454545,1.0,500
fWkUYcmsMWE,exit_intensity,social_value,11,0.3272727272727273,0.0023090909090908943,0.45496648536998574,-0.7090909090909092,0.5090909090909091,0.91,500
fWkUYcmsMWE,exit_intensity,engagement,11,0.4909090909090909,-0.09078181818181819,0.26929995013088265,-0.4727272727272727,0.26363636363636367,0.0,500
fWkUYcmsMWE,exit_intensity,visual_processing,11,0.38181818181818183,0.0003090909090909095,0.44656344759426153,-0.690909090909091,0.5727272727272729,0.514,500
fWkUYcmsMWE,exit_intensity,auditory_processing,11,0.4727272727272727,0.00881818181818181,0.4871272764597302,-0.7000000000000001,0.8636363636363636,0.442,500
fWkUYcmsMWE,exit_intensity,pattern_change,10,0.8060606060606059,-0.051515151515151514,0.49545245111224473,-0.8424242424242423,0.6848484848484848,0.116,500
fWkUYcmsMWE,exit_intensity,amplitude_change,10,0.6969696969696969,-0.04661818181818183,0.43000660451502143,-0.8787878787878788,0.7333333333333332,0.22,500
fa-E0_RZIso,audienceWatchRatio,reward,9,-0.48333333333333334,0.09459999999999999,0.3260006066797354,-0.5666666666666667,0.41666666666666663,0.126,500
fa-E0_RZIso,audienceWatchRatio,aversion,9,-0.65,0.05586666666666667,0.23612855255841753,-0.26666666666666666,0.5166666666666667,0.0,500
fa-E0_RZIso,audienceWatchRatio,social_value,9,-0.26666666666666666,0.0152,0.2669770360495033,-0.33333333333333337,0.43333333333333335,0.514,500
fa-E0_RZIso,audienceWatchRatio,engagement,9,-0.9333333333333332,-0.026799999999999987,0.5815043555774587,-0.9333333333333332,0.6833333333333333,0.154,500
fa-E0_RZIso,audienceWatchRatio,visual_processing,9,-0.9333333333333332,0.04936666666666668,0.6031897978432843,-0.9166666666666666,0.7833333333333333,0.0,500
fa-E0_RZIso,audienceWatchRatio,auditory_processing,9,-0.8333333333333333,0.017566666666666664,0.17448581922640907,-0.3,0.35,0.0,500
fa-E0_RZIso,audienceWatchRatio,pattern_change,8,0.4523809523809524,0.043238095238095235,0.7041785487867609,-0.9047619047619048,0.9761904761904763,0.57,500
fa-E0_RZIso,audienceWatchRatio,amplitude_change,8,0.0,-0.042761904761904786,0.7212385353981793,-0.9523809523809524,0.9761904761904763,1.0,500
fa-E0_RZIso,relativeRetentionPerformance,reward,9,-0.48333333333333334,0.025900000000000003,0.3213146104503947,-0.5666666666666667,0.5,0.274,500
fa-E0_RZIso,relativeRetentionPerformance,aversion,9,-0.2333333333333333,0.022766666666666664,0.4611121953133171,-0.5666666666666667,0.7833333333333333,0.61,500
fa-E0_RZIso,relativeRetentionPerformance,social_value,9,-0.11666666666666665,0.07756666666666663,0.4767221074984648,-0.6,0.7833333333333333,1.0,500
fa-E0_RZIso,relativeRetentionPerformance,engagement,9,-0.25,-0.06956666666666667,0.47559311624772516,-0.7666666666666667,0.9500000000000001,0.612,500
fa-E0_RZIso,relativeRetentionPerformance,visual_processing,9,-0.08333333333333334,-0.035233333333333304,0.5255856532373091,-0.6333333333333333,0.9500000000000001,1.0,500
fa-E0_RZIso,relativeRetentionPerformance,auditory_processing,9,-0.45,0.02906666666666667,0.4141894574547578,-0.43333333333333335,0.8166666666666667,0.22,500
fa-E0_RZIso,relativeRetentionPerformance,pattern_change,8,-0.9523809523809524,0.11319047619047624,0.5644923692315379,-0.9047619047619048,0.9285714285714287,0.0,500
fa-E0_RZIso,relativeRetentionPerformance,amplitude_change,8,-0.9047619047619048,0.07904761904761903,0.6022358191434735,-0.8333333333333335,0.9761904761904763,0.138,500
fa-E0_RZIso,exit_intensity,reward,9,0.4666666666666666,-0.11533333333333337,0.3752545802518605,-0.5166666666666667,0.8333333333333333,0.26,500
fa-E0_RZIso,exit_intensity,aversion,9,0.5833333333333334,-0.055233333333333336,0.3082366533111279,-0.45,0.5,0.0,500
fa-E0_RZIso,exit_intensity,social_value,9,0.2333333333333333,-0.063,0.313933644793503,-0.3666666666666667,0.5666666666666667,0.612,500
fa-E0_RZIso,exit_intensity,engagement,9,0.8333333333333333,0.0348,0.5429835929585922,-0.7333333333333334,0.7333333333333334,0.0,500
fa-E0_RZIso,exit_intensity,visual_processing,9,0.7166666666666667,-0.0014000000000000017,0.6019738237203047,-0.8833333333333333,0.7333333333333334,0.386,500
fa-E0_RZIso,exit_intensity,auditory_processing,9,0.7833333333333333,-0.03460000000000001,0.27252432307349495,-0.33333333333333337,0.35,0.0,500
fa-E0_RZIso,exit_intensity,pattern_change,8,0.1666666666666667,-0.15190476190476193,0.5182385568578037,-0.6904761904761906,0.5476190476190477,1.0,500
fa-E0_RZIso,exit_intensity,amplitude_change,8,0.5714285714285715,-0.09471428571428572,0.5591343710575833,-0.7142857142857144,0.7142857142857144,0.434,500
g36-pJwdVNo,audienceWatchRatio,reward,8,0.6428571428571429,-0.12623809523809523,0.6337354595200282,-0.7380952380952381,0.8571428571428572,0.44,500
g36-pJwdVNo,audienceWatchRatio,aversion,8,0.6428571428571429,-0.11752380952380953,0.5884488545504774,-0.8571428571428572,0.8333333333333335,0.432,500
g36-pJwdVNo,audienceWatchRatio,social_value,8,0.5952380952380953,-0.03242857142857142,0.30506584174642287,-0.7380952380952381,0.3333333333333334,0.118,500
g36-pJwdVNo,audienceWatchRatio,engagement,8,0.4761904761904762,-0.06533333333333334,0.348692458821527,-0.6904761904761906,0.38095238095238104,0.152,500
g36-pJwdVNo,audienceWatchRatio,visual_processing,8,0.5952380952380953,-0.12671428571428572,0.2833856654351975,-0.523809523809524,0.261904761904762,0.0,500
g36-pJwdVNo,audienceWatchRatio,auditory_processing,8,0.28571428571428575,-0.05804761904761907,0.4409393678013991,-0.7380952380952381,0.7380952380952381,0.564,500
g36-pJwdVNo,relativeRetentionPerformance,reward,8,-0.6904761904761906,0.09457142857142858,0.5819951687232753,-0.8095238095238096,0.8333333333333335,0.472,500
g36-pJwdVNo,relativeRetentionPerformance,aversion,8,-0.6904761904761906,0.12780952380952382,0.4981169621047932,-0.8095238095238096,0.8571428571428572,0.3,500
g36-pJwdVNo,relativeRetentionPerformance,social_value,8,-0.8095238095238096,0.03400000000000003,0.37093435985323325,-0.4285714285714286,0.6666666666666669,0.0,500
g36-pJwdVNo,relativeRetentionPerformance,engagement,8,-0.6428571428571429,0.11190476190476191,0.3514740582254147,-0.5000000000000001,0.5000000000000001,0.0,500
g36-pJwdVNo,relativeRetentionPerformance,visual_processing,8,-0.09523809523809526,0.00895238095238096,0.39535470454217203,-0.4761904761904762,0.7380952380952381,0.848,500
g36-pJwdVNo,relativeRetentionPerformance,auditory_processing,8,0.2142857142857143,-0.09642857142857145,0.3718766375561804,-0.7142857142857144,0.38095238095238104,0.734,500
g36-pJwdVNo,exit_intensity,reward,8,0.7142857142857144,-0.1617619047619048,0.5662301059461768,-0.6904761904761906,0.6666666666666669,0.0,500
g36-pJwdVNo,exit_intensity,aversion,8,0.7142857142857144,-0.1284761904761905,0.49408702309872293,-0.7619047619047621,0.523809523809524,0.258,500
g36-pJwdVNo,exit_intensity,social_value,8,0.7380952380952381,-0.022047619047619052,0.3309613941903866,-0.8095238095238096,0.3333333333333334,0.126,500
g36-pJwdVNo,exit_intensity,engagement,8,0.8095238095238096,-0.13023809523809524,0.2899146602089685,-0.5476190476190477,0.5000000000000001,0.0,500
g36-pJwdVNo,exit_intensity,visual_processing,8,0.3333333333333334,0.010809523809523812,0.399282153489532,-0.7619047619047621,0.523809523809524,0.448,500
g36-pJwdVNo,exit_intensity,auditory_processing,8,0.09523809523809526,0.031428571428571445,0.4513306102270167,-0.7142857142857144,0.7619047619047621,0.686,500
gNDDyt5gCYg,audienceWatchRatio,reward,8,0.880952380952381,0.03523809523809521,0.6403680206053852,-0.6904761904761906,0.9761904761904763,0.136,500
gNDDyt5gCYg,audienceWatchRatio,aversion,8,0.9047619047619048,0.01028571428571429,0.6399215938367008,-0.8333333333333335,0.8333333333333335,0.0,500
gNDDyt5gCYg,audienceWatchRatio,social_value,8,0.8095238095238096,0.04233333333333334,0.6248667504214902,-0.8333333333333335,0.9523809523809524,0.256,500
gNDDyt5gCYg,audienceWatchRatio,engagement,8,0.3333333333333334,0.02947619047619048,0.6150444538991543,-0.7142857142857144,0.9523809523809524,0.874,500
gNDDyt5gCYg,audienceWatchRatio,visual_processing,8,1.0,-0.08633333333333333,0.6963046792527008,-0.9047619047619048,0.8333333333333335,0.0,500
gNDDyt5gCYg,audienceWatchRatio,auditory_processing,8,0.6904761904761906,-0.05985714285714287,0.4511196727961146,-0.7619047619047621,0.7142857142857144,0.298,500
gNDDyt5gCYg,relativeRetentionPerformance,reward,8,0.9285714285714287,-0.0008571428571428746,0.6216204338009015,-0.6904761904761906,0.9761904761904763,0.142,500
gNDDyt5gCYg,relativeRetentionPerformance,aversion,8,0.9761904761904763,-0.008095238095238084,0.5958684281563084,-0.8333333333333335,0.7619047619047621,0.0,500
gNDDyt5gCYg,relativeRetentionPerformance,social_value,8,0.9285714285714287,0.0018095238095237889,0.6003561981239558,-0.8333333333333335,0.8571428571428572,0.0,500
gNDDyt5gCYg,relativeRetentionPerformance,engagement,8,0.4523809523809524,0.027238095238095207,0.6282625792459119,-0.6666666666666669,1.0,0.888,500
gNDDyt5gCYg,relativeRetentionPerformance,visual_processing,8,0.9523809523809524,-0.030428571428571412,0.6830606374745366,-0.9047619047619048,0.7857142857142858,0.0,500
gNDDyt5gCYg,relativeRetentionPerformance,auditory_processing,8,0.6428571428571429,-0.09604761904761902,0.4283311786917406,-0.9047619047619048,0.523809523809524,0.162,500
gNDDyt5gCYg,exit_intensity,reward,8,-0.5714285714285715,0.010809523809523824,0.4505022921059823,-0.7142857142857144,0.5000000000000001,0.288,500
gNDDyt5gCYg,exit_intensity,aversion,8,-0.523809523809524,0.012047619047619043,0.40339964316895915,-0.7380952380952381,0.4761904761904762,0.146,500
gNDDyt5gCYg,exit_intensity,social_value,8,-0.38095238095238104,0.004619047619047624,0.4474850128604241,-0.7380952380952381,0.4761904761904762,0.556,500
gNDDyt5gCYg,exit_intensity,engagement,8,-0.6428571428571429,0.012190476190476186,0.4419998460922563,-0.7619047619047621,0.4761904761904762,0.148,500
gNDDyt5gCYg,exit_intensity,visual_processing,8,-0.6428571428571429,0.09147619047619052,0.4102824064729373,-0.4761904761904762,0.5952380952380953,0.0,500
gNDDyt5gCYg,exit_intensity,auditory_processing,8,-0.9523809523809524,0.1864761904761905,0.354136374054645,-0.30952380952380953,0.9047619047619048,0.0,500
gVw5cJnxbUs,audienceWatchRatio,reward,11,0.6000000000000001,-0.06798181818181818,0.5963703932544047,-0.7363636363636363,0.9363636363636365,0.622,500
gVw5cJnxbUs,audienceWatchRatio,aversion,11,0.6818181818181819,0.008563636363636351,0.43839438789615337,-0.7454545454545456,0.8090909090909091,0.204,500
gVw5cJnxbUs,audienceWatchRatio,social_value,11,0.7090909090909092,-0.0006363636363636198,0.4684418607036568,-0.48181818181818187,0.8545454545454546,0.102,500
gVw5cJnxbUs,audienceWatchRatio,engagement,11,0.19090909090909092,-0.01963636363636364,0.531437035135913,-0.6727272727272727,0.8090909090909091,1.0,500
gVw5cJnxbUs,audienceWatchRatio,visual_processing,11,0.21818181818181823,-0.02976363636363639,0.49537054533963026,-0.6818181818181819,0.7272727272727273,0.904,500
gVw5cJnxbUs,audienceWatchRatio,auditory_processing,11,0.009090909090909092,-0.035909090909090904,0.3574888890373014,-0.5545454545454546,0.790909090909091,0.898,500
gVw5cJnxbUs,audienceWatchRatio,pattern_change,10,0.41818181818181815,-0.02390303030303029,0.46799829153699124,-0.8666666666666665,0.5030303030303029,0.328,500
gVw5cJnxbUs,audienceWatchRatio,amplitude_change,10,0.1515151515151515,0.06550303030303029,0.4029275392341385,-0.6121212121212121,0.6363636363636362,0.752,500
gVw5cJnxbUs,relativeRetentionPerformance,reward,11,0.6000000000000001,-0.051836363636363646,0.3945870522688014,-0.5545454545454546,0.6363636363636364,0.1,500
gVw5cJnxbUs,relativeRetentionPerformance,aversion,11,0.7181818181818183,0.012581818181818194,0.38970730105537904,-0.790909090909091,0.6636363636363638,0.098,500
gVw5cJnxbUs,relativeRetentionPerformance,social_value,11,0.7272727272727273,-0.007927272727272719,0.4010972158079954,-0.5363636363636364,0.6727272727272727,0.0,500
gVw5cJnxbUs,relativeRetentionPerformance,engagement,11,0.20909090909090913,-0.011309090909090902,0.36975672860288483,-0.5181818181818182,0.6454545454545455,0.642,500
gVw5cJnxbUs,relativeRetentionPerformance,visual_processing,11,0.4000000000000001,-0.04781818181818182,0.3800705023766769,-0.5090909090909091,0.7181818181818183,0.31,500
gVw5cJnxbUs,relativeRetentionPerformance,auditory_processing,11,0.17272727272727276,-0.013436363636363633,0.4619013450532305,-0.6454545454545455,0.8181818181818182,0.698,500
gVw5cJnxbUs,relativeRetentionPerformance,pattern_change,10,0.19999999999999998,0.01638787878787876,0.35668138709613995,-0.5757575757575757,0.8060606060606059,0.404,500
gVw5cJnxbUs,relativeRetentionPerformance,amplitude_change,10,0.18787878787878787,-0.024242424242424242,0.2763088728303436,-0.49090909090909085,0.33333333333333326,0.576,500
gVw5cJnxbUs,exit_intensity,reward,11,-0.29090909090909095,0.04983636363636365,0.25672470961893334,-0.3272727272727273,0.46363636363636374,0.308,500
gVw5cJnxbUs,exit_intensity,aversion,11,-0.22727272727272727,-0.053872727272727294,0.3303297280842255,-0.4000000000000001,0.6181818181818182,0.604,500
gVw5cJnxbUs,exit_intensity,social_value,11,-0.24545454545454545,-0.02856363636363638,0.34409371152935886,-0.6636363636363638,0.6181818181818182,0.378,500
gVw5cJnxbUs,exit_intensity,engagement,11,0.07272727272727274,0.029927272727272723,0.2929116776591383,-0.48181818181818187,0.4272727272727273,0.79,500
gVw5cJnxbUs,exit_intensity,visual_processing,11,-0.14545454545454548,0.00399999999999999,0.29802634527729066,-0.3727272727272728,0.48181818181818187,0.732,500
gVw5cJnxbUs,exit_intensity,auditory_processing,11,0.44545454545454555,-0.02014545454545455,0.39322583505585174,-0.6363636363636364,0.5636363636363637,0.378,500
gVw5cJnxbUs,exit_intensity,pattern_change,10,0.3939393939393939,-0.019345454545454572,0.4423247350114376,-0.6848484848484848,0.6727272727272726,0.422,500
gVw5cJnxbUs,exit_intensity,amplitude_change,10,-0.13939393939393938,0.08855757575757577,0.2988837178643355,-0.406060606060606,0.5151515151515151,0.538,500
gX0aEyGs8Gs,audienceWatchRatio,reward,11,0.5272727272727273,-0.08372727272727272,0.5221511370449703,-0.7363636363636363,0.881818181818182,0.428,500
gX0aEyGs8Gs,audienceWatchRatio,aversion,11,0.7363636363636363,-0.021890909090909096,0.483668961307454,-0.9,0.881818181818182,0.19,500
gX0aEyGs8Gs,audienceWatchRatio,social_value,11,0.7636363636363637,0.020963636363636382,0.5477859541556793,-0.8636363636363636,0.9181818181818183,0.232,500
gX0aEyGs8Gs,audienceWatchRatio,engagement,11,0.7454545454545456,-0.03594545454545455,0.49618543954173344,-0.8363636363636365,0.8272727272727273,0.222,500
gX0aEyGs8Gs,audienceWatchRatio,visual_processing,11,0.8000000000000002,-0.1004727272727273,0.6118205657119571,-0.9,0.881818181818182,0.202,500
gX0aEyGs8Gs,audienceWatchRatio,auditory_processing,11,-0.1272727272727273,0.03836363636363634,0.5685160907613306,-0.7454545454545456,0.7545454545454545,0.882,500
gX0aEyGs8Gs,audienceWatchRatio,pattern_change,10,0.8909090909090909,-0.07616969696969697,0.4570422487217355,-0.8181818181818182,0.5636363636363636,0.0,500
gX0aEyGs8Gs,audienceWatchRatio,amplitude_change,10,0.28484848484848485,-0.09832727272727271,0.4622632796627024,-0.7454545454545454,0.4787878787878787,0.768,500
gX0aEyGs8Gs,relativeRetentionPerformance,reward,11,0.15454545454545454,-0.030890909090909097,0.39143174320279245,-0.6363636363636364,0.5181818181818182,0.794,500
gX0aEyGs8Gs,relativeRetentionPerformance,aversion,11,0.3545454545454546,-0.009981818181818198,0.3648661473123336,-0.7090909090909092,0.5818181818181819,0.466,500
gX0aEyGs8Gs,relativeRetentionPerformance,social_value,11,0.3272727272727273,0.024436363636363635,0.3083593824749469,-0.5454545454545455,0.5181818181818182,0.326,500
gX0aEyGs8Gs,relativeRetentionPerformance,engagement,11,0.2545454545454546,0.002763636363636361,0.3497516927930017,-0.5454545454545455,0.5090909090909091,0.52,500
gX0aEyGs8Gs,relativeRetentionPerformance,visual_processing,11,0.19090909090909092,-0.017309090909090906,0.2220205455461906,-0.38181818181818183,0.3181818181818182,0.606,500
gX0aEyGs8Gs,relativeRetentionPerformance,auditory_processing,11,-0.10909090909090911,0.033200000000000014,0.30371023815526965,-0.4909090909090909,0.5545454545454546,0.694,500
gX0aEyGs8Gs,relativeRetentionPerformance,pattern_change,10,-0.04242424242424241,0.03391515151515149,0.5028268586041328,-0.6606060606060605,0.8424242424242423,0.894,500
gX0aEyGs8Gs,relativeRetentionPerformance,amplitude_change,10,0.28484848484848485,-0.06690909090909088,0.41394455828891674,-0.6242424242424242,0.6242424242424242,0.684,500
gX0aEyGs8Gs,exit_intensity,reward,11,-0.5,0.09121818181818182,0.42476370134872765,-0.8454545454545455,0.7363636363636363,0.298,500
gX0aEyGs8Gs,exit_intensity,aversion,11,-0.7545454545454545,0.07027272727272726,0.4607034775372073,-0.881818181818182,0.8181818181818182,0.202,500
gX0aEyGs8Gs,exit_intensity,social_value,11,-0.7272727272727273,0.03163636363636364,0.3889576662256479,-0.790909090909091,0.790909090909091,0.16,500
gX0aEyGs8Gs,exit_intensity,engagement,11,-0.5818181818181819,-0.0034909090909090975,0.34232077943510514,-0.7181818181818183,0.7818181818181819,0.152,500
gX0aEyGs8Gs,exit_intensity,visual_processing,11,-0.6272727272727273,0.05609090909090908,0.4186741272080094,-0.7181818181818183,0.7090909090909092,0.176,500
gX0aEyGs8Gs,exit_intensity,auditory_processing,11,0.018181818181818184,-0.01998181818181818,0.46040933960987374,-0.7727272727272727,0.7000000000000001,1.0,500
gX0aEyGs8Gs,exit_intensity,pattern_change,10,0.23636363636363633,-0.022739393939393934,0.5681990137519161,-0.7333333333333332,0.9393939393939393,0.774,500
gX0aEyGs8Gs,exit_intensity,amplitude_change,10,0.006060606060606061,-0.05597575757575757,0.48240841697813464,-0.6484848484848483,0.6727272727272726,1.0,500
g_plZbPfTOM,audienceWatchRatio,reward,11,0.7454545454545456,-0.021636363636363648,0.533381509532102,-0.7090909090909092,0.9090909090909091,0.098,500
g_plZbPfTOM,audienceWatchRatio,aversion,11,0.8545454545454546,-0.07052727272727273,0.5013208533629226,-0.6818181818181819,0.690909090909091,0.0,500
g_plZbPfTOM,audienceWatchRatio,social_value,11,0.9,-0.02196363636363637,0.5199995982198067,-0.8000000000000002,0.790909090909091,0.0,500
g_plZbPfTOM,audienceWatchRatio,engagement,11,0.38181818181818183,-0.01618181818181818,0.39827765554835104,-0.5454545454545455,0.6545454545454547,0.538,500
g_plZbPfTOM,audienceWatchRatio,visual_processing,11,0.18181818181818182,-0.011709090909090945,0.44180331587410643,-0.6636363636363638,0.6000000000000001,0.838,500
g_plZbPfTOM,audienceWatchRatio,auditory_processing,11,0.33636363636363636,-0.055345454545454566,0.37664068151914587,-0.6545454545454547,0.43636363636363645,0.402,500
g_plZbPfTOM,audienceWatchRatio,pattern_change,10,0.41818181818181815,-0.06506666666666663,0.42896395588133357,-0.7333333333333332,0.6121212121212121,0.33,500
g_plZbPfTOM,audienceWatchRatio,amplitude_change,10,0.5030303030303029,-0.041018181818181815,0.5548055748927255,-0.8545454545454544,0.6484848484848483,0.562,500
g_plZbPfTOM,relativeRetentionPerformance,reward,11,0.6818181818181819,0.008727272727272748,0.41153355606632497,-0.6272727272727273,0.7090909090909092,0.102,500
g_plZbPfTOM,relativeRetentionPerformance,aversion,11,0.7272727272727273,-2.398081733190338e-17,0.32320042140550226,-0.6000000000000001,0.4727272727272727,0.0,500
g_plZbPfTOM,relativeRetentionPerformance,social_value,11,0.7000000000000001,-0.013236363636363635,0.3635218074102432,-0.5818181818181819,0.6090909090909091,0.0,500
g_plZbPfTOM,relativeRetentionPerformance,engagement,11,0.5909090909090909,0.026945454545454554,0.24989166313781885,-0.4000000000000001,0.4090909090909091,0.0,500
g_plZbPfTOM,relativeRetentionPerformance,visual_processing,11,0.41818181818181827,-0.02521818181818181,0.3232882351326856,-0.6000000000000001,0.43636363636363645,0.208,500
g_plZbPfTOM,relativeRetentionPerformance,auditory_processing,11,0.7636363636363637,-0.015254545454545458,0.47681019284407083,-0.7727272727272727,0.6818181818181819,0.098,500
g_plZbPfTOM,relativeRetentionPerformance,pattern_change,10,0.04242424242424241,0.05435151515151516,0.3613422063908056,-0.309090909090909,0.6848484848484848,0.892,500
g_plZbPfTOM,relativeRetentionPerformance,amplitude_change,10,-0.04242424242424241,-0.0063030303030302956,0.4038484473306621,-0.6121212121212121,0.7939393939393938,0.886,500
g_plZbPfTOM,exit_intensity,reward,11,0.6454545454545455,-0.003981818181818181,0.4627747927019477,-0.7181818181818183,0.790909090909091,0.186,500
g_plZbPfTOM,exit_intensity,aversion,11,0.5545454545454546,-0.020945454545454514,0.48458447599996984,-0.9,0.690909090909091,0.276,500
g_plZbPfTOM,exit_intensity,social_value,11,0.6181818181818182,-0.04138181818181821,0.46096658203395413,-0.790909090909091,0.6272727272727273,0.19,500
g_plZbPfTOM,exit_intensity,engagement,11,0.14545454545454548,0.004127272727272727,0.4334173149813236,-0.8454545454545455,0.6545454545454547,0.574,500
g_plZbPfTOM,exit_intensity,visual_processing,11,-0.20000000000000004,0.05336363636363638,0.4352057649563476,-0.5363636363636364,0.9,0.608,500
g_plZbPfTOM,exit_intensity,auditory_processing,11,0.05454545454545456,0.05647272727272727,0.40149463073918773,-0.6090909090909091,0.7727272727272727,1.0,500
g_plZbPfTOM,exit_intensity,pattern_change,10,0.01818181818181818,0.01852121212121213,0.41504828904669355,-0.6969696969696969,0.7454545454545454,0.894,500
g_plZbPfTOM,exit_intensity,amplitude_change,10,0.41818181818181815,0.04242424242424243,0.5139954229035898,-0.8666666666666665,0.7333333333333332,0.53,500
gbyHejOUoh0,audienceWatchRatio,reward,9,0.7,-0.0010999999999999792,0.4637748627656887,-0.7833333333333333,0.5833333333333334,0.13,500
gbyHejOUoh0,audienceWatchRatio,aversion,9,0.65,-0.01076666666666667,0.4536030704873541,-0.7999999999999999,0.6,0.126,500
gbyHejOUoh0,audienceWatchRatio,social_value,9,0.65,0.01633333333333333,0.42190823120147297,-0.7999999999999999,0.65,0.234,500
gbyHejOUoh0,audienceWatchRatio,engagement,9,0.48333333333333334,-0.009099999999999999,0.38489965647627633,-0.65,0.45,0.258,500
gbyHejOUoh0,audienceWatchRatio,visual_processing,9,0.5833333333333334,-0.044566666666666664,0.42585851980310185,-0.6833333333333333,0.5499999999999999,0.268,500
gbyHejOUoh0,audienceWatchRatio,auditory_processing,9,0.6833333333333333,0.0241,0.48403141656531157,-0.9,0.7166666666666667,0.222,500
gbyHejOUoh0,audienceWatchRatio,pattern_change,8,-0.5714285714285715,0.06666666666666668,0.41293979509901596,-0.4761904761904762,0.6666666666666669,0.128,500
gbyHejOUoh0,audienceWatchRatio,amplitude_change,8,-0.2380952380952381,0.056571428571428564,0.4142875095746542,-0.4047619047619048,0.7380952380952381,0.704,500
gbyHejOUoh0,relativeRetentionPerformance,reward,9,0.75,-0.01276666666666667,0.4532080844135261,-0.7833333333333333,0.5499999999999999,0.132,500
gbyHejOUoh0,relativeRetentionPerformance,aversion,9,0.75,0.00023333333333331474,0.4682965003309572,-0.7666666666666667,0.6833333333333333,0.146,500
gbyHejOUoh0,relativeRetentionPerformance,social_value,9,0.75,-0.02073333333333334,0.43321038768709136,-0.7666666666666667,0.7166666666666667,0.12,500
gbyHejOUoh0,relativeRetentionPerformance,engagement,9,0.65,-0.02066666666666667,0.37288604157302535,-0.6833333333333333,0.41666666666666663,0.11,500
gbyHejOUoh0,relativeRetentionPerformance,visual_processing,9,0.7166666666666667,-0.0505,0.4120116975146323,-0.7166666666666667,0.5333333333333333,0.132,500
gbyHejOUoh0,relativeRetentionPerformance,auditory_processing,9,0.7666666666666667,0.035233333333333346,0.46613332737414187,-0.9333333333333332,0.6833333333333333,0.092,500
gbyHejOUoh0,relativeRetentionPerformance,pattern_change,8,0.38095238095238104,-0.03176190476190476,0.4560368838764935,-0.6904761904761906,0.5714285714285715,0.438,500
gbyHejOUoh0,relativeRetentionPerformance,amplitude_change,8,0.6904761904761906,-0.07404761904761906,0.3336952966710921,-0.5000000000000001,0.38095238095238104,0.0,500
gbyHejOUoh0,exit_intensity,reward,9,0.48333333333333334,0.059200000000000016,0.452702777155657,-0.7999999999999999,0.7666666666666667,0.232,500
gbyHejOUoh0,exit_intensity,aversion,9,0.6666666666666667,0.06543333333333337,0.4306263280901952,-0.8499999999999999,0.6,0.116,500
gbyHejOUoh0,exit_intensity,social_value,9,0.6666666666666667,-0.00486666666666667,0.4310010105685498,-0.9,0.5666666666666667,0.14,500
gbyHejOUoh0,exit_intensity,engagement,9,0.7333333333333334,-0.03140000000000002,0.38873818095645474,-0.6666666666666667,0.5499999999999999,0.0,500
gbyHejOUoh0,exit_intensity,visual_processing,9,0.7166666666666667,-0.008700000000000013,0.42553414669095596,-0.6666666666666667,0.65,0.0,500
gbyHejOUoh0,exit_intensity,auditory_processing,9,0.5833333333333334,0.0038333333333333466,0.47239140433425425,-0.7,0.6,0.258,500
gbyHejOUoh0,exit_intensity,pattern_change,8,0.4047619047619048,-0.011857142857142854,0.39852192615160187,-0.6428571428571429,0.5952380952380953,0.42,500
gbyHejOUoh0,exit_intensity,amplitude_change,8,0.6428571428571429,-0.08457142857142859,0.2894588899646923,-0.5476190476190477,0.5000000000000001,0.0,500
gyvV25hrQYQ,audienceWatchRatio,reward,11,0.4909090909090909,-0.020400000000000015,0.4767982458784085,-0.6636363636363638,0.7636363636363637,0.502,500
gyvV25hrQYQ,audienceWatchRatio,aversion,11,0.36363636363636365,0.014527272727272736,0.45914368697528257,-0.6727272727272727,0.7727272727272727,0.496,500
gyvV25hrQYQ,audienceWatchRatio,social_value,11,-0.39090909090909093,0.01369090909090909,0.42329150653436487,-0.6818181818181819,0.6818181818181819,0.472,500
gyvV25hrQYQ,audienceWatchRatio,engagement,11,-0.27272727272727276,-0.03200000000000001,0.30584088122437,-0.6090909090909091,0.5,0.398,500
gyvV25hrQYQ,audienceWatchRatio,visual_processing,11,-0.045454545454545456,-0.010545454545454531,0.4096552067650942,-0.5363636363636364,0.5909090909090909,0.826,500
gyvV25hrQYQ,audienceWatchRatio,auditory_processing,11,-0.7272727272727273,0.05992727272727273,0.4700294993380032,-0.7181818181818183,0.790909090909091,0.092,500
gyvV25hrQYQ,audienceWatchRatio,pattern_change,10,0.5151515151515151,-0.04143030303030304,0.41600580556802247,-0.5515151515151515,0.6727272727272726,0.344,500
gyvV25hrQYQ,audienceWatchRatio,amplitude_change,10,0.5757575757575757,-0.07151515151515149,0.5108661687998554,-0.8060606060606059,0.8424242424242423,0.342,500
gyvV25hrQYQ,relativeRetentionPerformance,reward,11,-0.39090909090909093,0.03158181818181819,0.42162116519708637,-0.8090909090909091,0.6090909090909091,0.372,500
gyvV25hrQYQ,relativeRetentionPerformance,aversion,11,0.018181818181818184,-0.008672727272727257,0.4111342790037104,-0.7727272727272727,0.6363636363636364,1.0,500
gyvV25hrQYQ,relativeRetentionPerformance,social_value,11,0.08181818181818183,0.018909090909090924,0.41333291566672226,-0.8090909090909091,0.4727272727272727,1.0,500
gyvV25hrQYQ,relativeRetentionPerformance,engagement,11,0.5,-0.04967272727272728,0.3458132950615438,-0.38181818181818183,0.6454545454545455,0.1,500
gyvV25hrQYQ,relativeRetentionPerformance,visual_processing,11,0.009090909090909092,0.03681818181818179,0.41061810895887035,-0.6636363636363638,0.8272727272727273,1.0,500
gyvV25hrQYQ,relativeRetentionPerformance,auditory_processing,11,-0.1272727272727273,-0.0001454545454545304,0.5266011196090964,-0.8272727272727273,0.8000000000000002,0.778,500
gyvV25hrQYQ,relativeRetentionPerformance,pattern_change,10,-0.32121212121212117,0.05503030303030303,0.42161722834343035,-0.6848484848484848,0.6242424242424242,0.53,500
gyvV25hrQYQ,relativeRetentionPerformance,amplitude_change,10,-0.18787878787878787,0.0032242424242424155,0.5333370859372113,-0.7696969696969697,0.7333333333333332,0.884,500
gyvV25hrQYQ,exit_intensity,reward,11,-0.8727272727272729,0.038636363636363656,0.4088661503788494,-0.6181818181818182,0.7181818181818183,0.0,500
gyvV25hrQYQ,exit_intensity,aversion,11,-0.4909090909090909,0.008709090909090922,0.35519570161571634,-0.6363636363636364,0.6181818181818182,0.202,500
gyvV25hrQYQ,exit_intensity,social_value,11,0.14545454545454548,0.029054545454545454,0.32504565273763686,-0.6636363636363638,0.5090909090909091,0.59,500
gyvV25hrQYQ,exit_intensity,engagement,11,0.7272727272727273,-0.036999999999999984,0.2686952096753482,-0.5272727272727273,0.3545454545454546,0.0,500
gyvV25hrQYQ,exit_intensity,visual_processing,11,0.4272727272727273,-0.010254545454545459,0.3927491172375937,-0.7000000000000001,0.5,0.376,500
gyvV25hrQYQ,exit_intensity,auditory_processing,11,0.4727272727272727,-0.04520000000000002,0.4600822075302961,-0.6818181818181819,0.6181818181818182,0.614,500
gyvV25hrQYQ,exit_intensity,pattern_change,10,-0.4666666666666666,0.09629090909090908,0.42383961205780574,-0.6121212121212121,0.709090909090909,0.314,500
gyvV25hrQYQ,exit_intensity,amplitude_change,10,-0.17575757575757575,0.013575757575757574,0.5455406800677794,-0.6848484848484848,0.7454545454545454,0.862,500
iKKH33ty-7M,audienceWatchRatio,reward,10,0.5757575757575757,0.0014303030303030484,0.38815749002373284,-0.6242424242424242,0.6969696969696969,0.322,500
iKKH33ty-7M,audienceWatchRatio,aversion,10,0.4545454545454545,0.035296969696969695,0.43791949161764804,-0.6,0.7454545454545454,0.464,500
iKKH33ty-7M,audienceWatchRatio,social_value,10,0.6848484848484848,0.022084848484848478,0.47742903699159106,-0.6727272727272726,0.8303030303030302,0.12,500
iKKH33ty-7M,audienceWatchRatio,engagement,10,0.6,0.0062303030303030305,0.4352689643137514,-0.6242424242424242,0.7818181818181817,0.206,500
iKKH33ty-7M,audienceWatchRatio,visual_processing,10,0.406060606060606,-0.07129696969696968,0.44731182813403597,-0.7575757575757575,0.6121212121212121,0.534,500
iKKH33ty-7M,audienceWatchRatio,auditory_processing,10,0.28484848484848485,-0.0007757575757575741,0.3586178761861904,-0.5393939393939393,0.8060606060606059,0.432,500
iKKH33ty-7M,audienceWatchRatio,pattern_change,9,0.16666666666666669,0.014266666666666672,0.40003863146784546,-0.6333333333333333,0.7166666666666667,0.716,500
iKKH33ty-7M,audienceWatchRatio,amplitude_change,9,-0.03333333333333333,0.02216666666666667,0.2586573774105214,-0.3,0.6666666666666667,0.738,500
iKKH33ty-7M,relativeRetentionPerformance,reward,10,-0.33333333333333326,0.04884848484848484,0.3979342618670535,-0.6969696969696969,0.6606060606060605,0.508,500
iKKH33ty-7M,relativeRetentionPerformance,aversion,10,-0.3696969696969697,0.08976969696969699,0.39519411631299795,-0.5272727272727272,0.7454545454545454,0.47,500
iKKH33ty-7M,relativeRetentionPerformance,social_value,10,-0.12727272727272726,0.053212121212121204,0.4224053558666487,-0.709090909090909,0.6969696969696969,0.814,500
iKKH33ty-7M,relativeRetentionPerformance,engagement,10,-0.34545454545454546,0.046399999999999976,0.4332305732788347,-0.6606060606060605,0.709090909090909,0.432,500
iKKH33ty-7M,relativeRetentionPerformance,visual_processing,10,-0.5515151515151515,0.0734060606060606,0.4299397295194801,-0.49090909090909085,0.7696969696969697,0.22,500
iKKH33ty-7M,relativeRetentionPerformance,auditory_processing,10,0.41818181818181815,0.022230303030303048,0.437044997336624,-0.8424242424242423,0.5151515151515151,0.464,500
iKKH33ty-7M,relativeRetentionPerformance,pattern_change,9,0.2833333333333333,-0.036966666666666655,0.5518208435111285,-0.8666666666666667,0.7333333333333334,0.748,500
iKKH33ty-7M,relativeRetentionPerformance,amplitude_change,9,0.43333333333333335,-0.045966666666666656,0.2677848618242305,-0.5499999999999999,0.25,0.108,500
iKKH33ty-7M,exit_intensity,reward,10,-0.29696969696969694,-0.009575757575757595,0.4121529221312205,-0.7696969696969697,0.8666666666666665,0.304,500
iKKH33ty-7M,exit_intensity,aversion,10,-0.309090909090909,-0.057842424242424244,0.4195343986198799,-0.7696969696969697,0.9636363636363635,0.31,500
iKKH33ty-7M,exit_intensity,social_value,10,-0.5757575757575757,0.0010909090909090855,0.43947742571547244,-0.7939393939393938,0.9636363636363635,0.2,500
iKKH33ty-7M,exit_intensity,engagement,10,-0.41818181818181815,0.01275151515151516,0.4661010812703961,-0.7575757575757575,0.9393939393939393,0.348,500
iKKH33ty-7M,exit_intensity,visual_processing,10,-0.2121212121212121,-0.01335757575757575,0.42596767743834996,-0.6727272727272726,0.8909090909090909,0.538,500
iKKH33ty-7M,exit_intensity,auditory_processing,10,-0.5757575757575757,-0.03813333333333333,0.39265780979408327,-0.709090909090909,0.6363636363636362,0.24,500
iKKH33ty-7M,exit_intensity,pattern_change,9,0.18333333333333335,-0.019366666666666674,0.4538905142089763,-0.7333333333333334,0.6833333333333333,0.872,500
iKKH33ty-7M,exit_intensity,amplitude_change,9,-0.03333333333333333,0.04356666666666666,0.2565503004610727,-0.38333333333333336,0.5666666666666667,0.856,500
k4lZ_oSJE6U,audienceWatchRatio,reward,11,0.8636363636363636,-0.13563636363636367,0.5342795875624956,-0.8545454545454546,0.7000000000000001,0.0,500
k4lZ_oSJE6U,audienceWatchRatio,aversion,11,0.8272727272727273,-0.04036363636363636,0.5380511512136313,-0.9,0.6727272727272727,0.1,500
k4lZ_oSJE6U,audienceWatchRatio,social_value,11,0.9090909090909091,-0.06841818181818182,0.543762323808287,-0.9181818181818183,0.6545454545454547,0.108,500
k4lZ_oSJE6U,audienceWatchRatio,engagement,11,0.7181818181818183,-0.06641818181818179,0.49762745898300703,-0.7727272727272727,0.7454545454545456,0.196,500
k4lZ_oSJE6U,audienceWatchRatio,visual_processing,11,0.5090909090909091,-0.03174545454545456,0.48908938289724707,-0.8545454545454546,0.6363636363636364,0.39,500
k4lZ_oSJE6U,audienceWatchRatio,auditory_processing,11,-0.7636363636363637,0.05494545454545453,0.5143804798167686,-0.690909090909091,0.690909090909091,0.0,500
k4lZ_oSJE6U,audienceWatchRatio,pattern_change,10,0.5030303030303029,-0.08218181818181818,0.3399721481597195,-0.6606060606060605,0.4666666666666666,0.104,500
k4lZ_oSJE6U,audienceWatchRatio,amplitude_change,10,0.4666666666666666,-0.1187151515151515,0.27517969792925023,-0.5757575757575757,0.2606060606060606,0.122,500
k4lZ_oSJE6U,relativeRetentionPerformance,reward,11,-0.4727272727272727,0.03474545454545455,0.3643309634234935,-0.5818181818181819,0.6545454545454547,0.284,500
k4lZ_oSJE6U,relativeRetentionPerformance,aversion,11,-0.39090909090909093,0.015927272727272727,0.3847363051010522,-0.5636363636363637,0.7000000000000001,0.486,500
k4lZ_oSJE6U,relativeRetentionPerformance,social_value,11,-0.4000000000000001,0.015599999999999994,0.39381953999597924,-0.5363636363636364,0.690909090909091,0.506,500
k4lZ_oSJE6U,relativeRetentionPerformance,engagement,11,-0.23636363636363636,0.014963636363636373,0.36942625652254946,-0.7272727272727273,0.5,0.576,500
k4lZ_oSJE6U,relativeRetentionPerformance,visual_processing,11,0.02727272727272728,-0.007854545454545463,0.40674575322748613,-0.5181818181818182,0.7363636363636363,1.0,500
k4lZ_oSJE6U,relativeRetentionPerformance,auditory_processing,11,0.3090909090909091,-0.02405454545454548,0.3005840985990086,-0.44545454545454555,0.45454545454545453,0.484,500
k4lZ_oSJE6U,relativeRetentionPerformance,pattern_change,10,-0.6606060606060605,0.05585454545454544,0.17460282558824072,-0.13939393939393938,0.4787878787878787,0.0,500
k4lZ_oSJE6U,relativeRetentionPerformance,amplitude_change,10,-0.34545454545454546,0.11859393939393939,0.1774784484646558,-0.24848484848484845,0.406060606060606,0.112,500
k4lZ_oSJE6U,exit_intensity,reward,11,0.4727272727272727,-0.07676363636363637,0.6490740298289149,-0.9,0.8909090909090911,0.694,500
k4lZ_oSJE6U,exit_intensity,aversion,11,0.5818181818181819,0.014072727272727252,0.6095211300142797,-0.8454545454545455,0.7727272727272727,0.59,500
k4lZ_oSJE6U,exit_intensity,social_value,11,0.5636363636363637,-0.08343636363636367,0.6379242108926226,-0.8727272727272729,0.8272727272727273,0.612,500
k4lZ_oSJE6U,exit_intensity,engagement,11,0.7363636363636363,-0.09463636363636366,0.5640416358232333,-0.8181818181818182,0.8636363636363636,0.418,500
k4lZ_oSJE6U,exit_intensity,visual_processing,11,0.07272727272727274,-0.028927272727272753,0.5624571885269313,-0.790909090909091,0.7181818181818183,1.0,500
k4lZ_oSJE6U,exit_intensity,auditory_processing,11,-0.6636363636363638,0.06472727272727276,0.5485965263837629,-0.9090909090909091,0.8909090909090911,0.406,500
k4lZ_oSJE6U,exit_intensity,pattern_change,10,0.7454545454545454,-0.07944242424242422,0.4236947259404054,-0.5393939393939393,0.5757575757575757,0.0,500
k4lZ_oSJE6U,exit_intensity,amplitude_change,10,0.3939393939393939,-0.07570909090909092,0.4491103719661012,-0.5636363636363636,0.5757575757575757,0.56,500
kJfle7C1-jY,audienceWatchRatio,reward,9,-0.6,0.06513333333333331,0.4446670214891138,-0.5166666666666667,0.7999999999999999,0.166,500
kJfle7C1-jY,audienceWatchRatio,aversion,9,0.03333333333333333,0.03893333333333332,0.45042791506151864,-0.6833333333333333,0.6166666666666666,1.0,500
kJfle7C1-jY,audienceWatchRatio,social_value,9,-0.33333333333333337,0.0867,0.4301928495195821,-0.6166666666666666,0.7666666666666667,0.494,500
kJfle7C1-jY,audienceWatchRatio,engagement,9,-0.19999999999999998,0.09513333333333332,0.5379825317279776,-0.65,0.9333333333333332,0.864,500
kJfle7C1-jY,audienceWatchRatio,visual_processing,9,-0.6,0.041999999999999996,0.47461376109655967,-0.5,0.9833333333333333,0.134,500
kJfle7C1-jY,audienceWatchRatio,auditory_processing,9,-0.19999999999999998,0.013133333333333356,0.43366111192958035,-0.5499999999999999,0.7333333333333334,0.834,500
kJfle7C1-jY,audienceWatchRatio,pattern_change,8,-0.4761904761904762,0.06095238095238095,0.45302860906892034,-0.5000000000000001,0.9761904761904763,0.382,500
kJfle7C1-jY,audienceWatchRatio,amplitude_change,8,-0.38095238095238104,0.1132857142857143,0.34944030078043925,-0.4047619047619048,0.6190476190476191,0.594,500
kJfle7C1-jY,relativeRetentionPerformance,reward,9,-0.8166666666666667,0.09966666666666667,0.4131853229618776,-0.7166666666666667,0.5499999999999999,0.0,500
kJfle7C1-jY,relativeRetentionPerformance,aversion,9,0.33333333333333337,0.01573333333333335,0.5094988997916373,-0.75,0.9,0.618,500
kJfle7C1-jY,relativeRetentionPerformance,social_value,9,-0.09999999999999999,0.07443333333333331,0.469677443689934,-0.7333333333333334,0.9166666666666666,0.888,500
kJfle7C1-jY,relativeRetentionPerformance,engagement,9,-0.6,0.06389999999999998,0.5274009764875298,-0.6666666666666667,0.9166666666666666,0.292,500
kJfle7C1-jY,relativeRetentionPerformance,visual_processing,9,-0.8166666666666667,0.01729999999999999,0.4705400431655336,-0.65,0.8666666666666667,0.13,500
kJfle7C1-jY,relativeRetentionPerformance,auditory_processing,9,0.09999999999999999,0.019999999999999997,0.4093979319276866,-0.5333333333333333,0.6833333333333333,0.736,500
kJfle7C1-jY,relativeRetentionPerformance,pattern_change,8,-0.5714285714285715,0.010809523809523824,0.5900439489377081,-0.9047619047619048,0.7857142857142858,0.572,500
kJfle7C1-jY,relativeRetentionPerformance,amplitude_change,8,-0.38095238095238104,0.0892857142857143,0.49354765293159464,-0.7857142857142858,0.8571428571428572,0.534,500
kJfle7C1-jY,exit_intensity,reward,9,-0.35,0.0866333333333333,0.5253514157209438,-0.7333333333333334,0.7999999999999999,0.632,500
kJfle7C1-jY,exit_intensity,aversion,9,0.8166666666666667,-0.05199999999999997,0.4656744213145775,-0.9333333333333332,0.5833333333333334,0.152,500
kJfle7C1-jY,exit_intensity,social_value,9,0.7166666666666667,-0.0089,0.3700468603959353,-0.8333333333333333,0.5499999999999999,0.118,500
kJfle7C1-jY,exit_intensity,engagement,9,-0.7166666666666667,0.03373333333333335,0.5507982651469492,-0.8333333333333333,0.75,0.252,500
kJfle7C1-jY,exit_intensity,visual_processing,9,-0.43333333333333335,-0.011466666666666661,0.49418919453990495,-0.7666666666666667,0.7333333333333334,0.504,500
kJfle7C1-jY,exit_intensity,auditory_processing,9,0.5166666666666667,-0.05566666666666667,0.37469558014177023,-0.7666666666666667,0.6,0.248,500
kJfle7C1-jY,exit_intensity,pattern_change,8,0.9761904761904763,-0.13842857142857148,0.42271890436653486,-0.6666666666666669,0.4047619047619048,0.0,500
kJfle7C1-jY,exit_intensity,amplitude_change,8,0.8333333333333335,-0.18100000000000002,0.47461859374007836,-0.6904761904761906,0.6428571428571429,0.0,500
l2ywL8OhQ7E,audienceWatchRatio,reward,11,0.4727272727272727,0.025454545454545473,0.4787690828684992,-0.8181818181818182,0.6636363636363638,0.42,500
l2ywL8OhQ7E,audienceWatchRatio,aversion,11,0.28181818181818186,0.014072727272727292,0.4781271742023704,-0.7181818181818183,0.690909090909091,0.664,500
l2ywL8OhQ7E,audienceWatchRatio,social_value,11,0.27272727272727276,0.012436363636363619,0.4614483644546281,-0.8000000000000002,0.6181818181818182,0.692,500
l2ywL8OhQ7E,audienceWatchRatio,engagement,11,0.11818181818181818,0.059090909090909076,0.4518361071988327,-0.9272727272727275,0.8545454545454546,0.576,500
l2ywL8OhQ7E,audienceWatchRatio,visual_processing,11,0.4909090909090909,-0.022036363636363642,0.5170801865657231,-0.9090909090909091,0.8272727272727273,0.336,500
l2ywL8OhQ7E,audienceWatchRatio,auditory_processing,11,0.7000000000000001,-0.061072727272727306,0.46306832189624214,-0.7000000000000001,0.5909090909090909,0.098,500
l2ywL8OhQ7E,audienceWatchRatio,pattern_change,10,-0.709090909090909,0.05677575757575757,0.3905706110815145,-0.43030303030303024,0.7696969696969697,0.106,500
l2ywL8OhQ7E,audienceWatchRatio,amplitude_change,10,-0.6969696969696969,0.06707878787878789,0.3612155468619337,-0.4787878787878787,0.6848484848484848,0.0,500
l2ywL8OhQ7E,relativeRetentionPerformance,reward,11,0.045454545454545456,0.0009636363636363683,0.4278331686128242,-0.5909090909090909,0.7454545454545456,0.906,500
l2ywL8OhQ7E,relativeRetentionPerformance,aversion,11,-0.10909090909090911,0.04561818181818181,0.4281362334352995,-0.7545454545454545,0.6818181818181819,1.0,500
l2ywL8OhQ7E,relativeRetentionPerformance,social_value,11,-0.03636363636363637,0.03254545454545456,0.430166563934568,-0.7090909090909092,0.7454545454545456,1.0,500
l2ywL8OhQ7E,relativeRetentionPerformance,engagement,11,0.20909090909090913,-0.007799999999999995,0.4023983713388989,-0.5909090909090909,0.5818181818181819,0.742,500
l2ywL8OhQ7E,relativeRetentionPerformance,visual_processing,11,0.7181818181818183,-0.026490909090909103,0.35107610297860586,-0.5727272727272729,0.48181818181818187,0.0,500
l2ywL8OhQ7E,relativeRetentionPerformance,auditory_processing,11,0.46363636363636374,-0.0033272727272727386,0.43804336213146533,-0.9727272727272729,0.6545454545454547,0.306,500
l2ywL8OhQ7E,relativeRetentionPerformance,pattern_change,10,-0.6484848484848483,0.05389090909090906,0.4094866026168394,-0.6969696969696969,0.6363636363636362,0.104,500
l2ywL8OhQ7E,relativeRetentionPerformance,amplitude_change,10,-0.6363636363636362,0.07224242424242423,0.43944106748303985,-0.6121212121212121,0.5636363636363636,0.0,500
l2ywL8OhQ7E,exit_intensity,reward,11,-0.06363636363636364,-0.020963636363636375,0.4188796908085911,-0.690909090909091,0.5545454545454546,0.816,500
l2ywL8OhQ7E,exit_intensity,aversion,11,0.018181818181818184,-0.07250909090909093,0.4128385336618096,-0.46363636363636374,0.6636363636363638,1.0,500
l2ywL8OhQ7E,exit_intensity,social_value,11,-0.07272727272727274,-0.06618181818181819,0.3986147086478537,-0.6000000000000001,0.5909090909090909,1.0,500
l2ywL8OhQ7E,exit_intensity,engagement,11,-0.4090909090909091,0.016654545454545453,0.3735321438368308,-0.5636363636363637,0.7272727272727273,0.332,500
l2ywL8OhQ7E,exit_intensity,visual_processing,11,-0.6454545454545455,0.06670909090909091,0.3244595959768914,-0.4090909090909091,0.7272727272727273,0.112,500
l2ywL8OhQ7E,exit_intensity,auditory_processing,11,-0.5363636363636364,-0.017636363636363638,0.4272139611424717,-0.7363636363636363,0.8636363636363636,0.194,500
l2ywL8OhQ7E,exit_intensity,pattern_change,10,0.19999999999999998,-0.061818181818181814,0.4372919418697792,-0.6848484848484848,0.6848484848484848,0.634,500
l2ywL8OhQ7E,exit_intensity,amplitude_change,10,0.2121212121212121,-0.03958787878787879,0.45760670077995397,-0.6121212121212121,0.6484848484848483,0.774,500
lYDVJuSs3XQ,audienceWatchRatio,reward,11,0.6363636363636364,-0.0944181818181818,0.6664667540206909,-0.9363636363636365,0.9272727272727275,0.53,500
lYDVJuSs3XQ,audienceWatchRatio,aversion,11,0.6181818181818182,-0.04596363636363638,0.45223091300538715,-0.7181818181818183,0.46363636363636374,0.202,500
lYDVJuSs3XQ,audienceWatchRatio,social_value,11,0.8636363636363636,-0.055963636363636375,0.5606156344473251,-0.9272727272727275,0.8272727272727273,0.082,500
lYDVJuSs3XQ,audienceWatchRatio,engagement,11,0.16363636363636366,-0.061036363636363625,0.6091110040104444,-0.9090909090909091,0.7818181818181819,0.888,500
lYDVJuSs3XQ,audienceWatchRatio,visual_processing,11,-0.44545454545454555,0.06049090909090911,0.5819495791967486,-0.7636363636363637,0.790909090909091,0.692,500
lYDVJuSs3XQ,audienceWatchRatio,auditory_processing,11,-0.2545454545454546,0.019690909090909096,0.33890909627389776,-0.8090909090909091,0.38181818181818183,0.394,500
lYDVJuSs3XQ,audienceWatchRatio,pattern_change,10,0.2606060606060606,0.03915151515151511,0.4612424789913424,-0.8181818181818182,0.7939393939393938,0.468,500
lYDVJuSs3XQ,audienceWatchRatio,amplitude_change,10,-0.4787878787878787,0.005793939393939414,0.53170903011789,-0.8303030303030302,0.9151515151515152,0.348,500
lYDVJuSs3XQ,relativeRetentionPerformance,reward,11,0.46363636363636374,-0.03119999999999998,0.6682151739355265,-0.9545454545454546,0.9727272727272729,0.582,500
lYDVJuSs3XQ,relativeRetentionPerformance,aversion,11,-0.16363636363636366,0.0032545454545454683,0.4953591097409089,-0.8181818181818182,0.6636363636363638,1.0,500
lYDVJuSs3XQ,relativeRetentionPerformance,social_value,11,-0.07272727272727274,-0.02252727272727275,0.6304848924989571,-0.8090909090909091,0.8272727272727273,1.0,500
lYDVJuSs3XQ,relativeRetentionPerformance,engagement,11,0.6272727272727273,-0.0032909090909090818,0.553630165363124,-0.9,0.8727272727272729,0.402,500
lYDVJuSs3XQ,relativeRetentionPerformance,visual_processing,11,0.8545454545454546,-0.12218181818181816,0.5758597166178067,-0.8272727272727273,0.8000000000000002,0.0,500
lYDVJuSs3XQ,relativeRetentionPerformance,auditory_processing,11,0.5,-0.06663636363636366,0.294315440492674,-0.5636363636363637,0.46363636363636374,0.114,500
lYDVJuSs3XQ,relativeRetentionPerformance,pattern_change,10,-0.309090909090909,0.008145454545454555,0.42757864243169136,-0.7454545454545454,0.5515151515151515,0.574,500
lYDVJuSs3XQ,relativeRetentionPerformance,amplitude_change,10,0.2121212121212121,-0.015272727272727271,0.5616350785274249,-0.7333333333333332,0.6606060606060605,0.904,500
lYDVJuSs3XQ,exit_intensity,reward,11,-0.41818181818181827,0.039145454545454574,0.5526926098580798,-0.9090909090909091,0.9272727272727275,0.472,500
lYDVJuSs3XQ,exit_intensity,aversion,11,0.10000000000000002,0.02841818181818181,0.4293214061190824,-0.6636363636363638,0.4909090909090909,1.0,500
lYDVJuSs3XQ,exit_intensity,social_value,11,-0.09090909090909091,0.05249090909090909,0.5414839515184787,-0.9181818181818183,0.790909090909091,0.896,500
lYDVJuSs3XQ,exit_intensity,engagement,11,-0.3181818181818182,0.028963636363636382,0.5397458388709564,-0.8090909090909091,0.9181818181818183,0.594,500
lYDVJuSs3XQ,exit_intensity,visual_processing,11,-0.5636363636363637,0.029563636363636382,0.5268541046658989,-0.7363636363636363,0.7090909090909092,0.326,500
lYDVJuSs3XQ,exit_intensity,auditory_processing,11,-0.6000000000000001,0.08332727272727274,0.2248566933893307,-0.26363636363636367,0.4909090909090909,0.0,500
lYDVJuSs3XQ,exit_intensity,pattern_change,10,0.7212121212121211,0.00029090909090910165,0.4133517145117547,-0.8303030303030302,0.6121212121212121,0.13,500
lYDVJuSs3XQ,exit_intensity,amplitude_change,10,0.10303030303030303,0.03890909090909093,0.502438775971394,-0.9030303030303028,0.6848484848484848,0.9,500
lkq8Uqz9SCc,audienceWatchRatio,reward,11,0.5909090909090909,0.015363636363636355,0.43375945460913,-0.790909090909091,0.9,0.172,500
lkq8Uqz9SCc,audienceWatchRatio,aversion,11,0.5818181818181819,0.003200000000000012,0.4345325308081991,-0.7363636363636363,0.8636363636363636,0.204,500
lkq8Uqz9SCc,audienceWatchRatio,social_value,11,0.5545454545454546,-0.021,0.44362536312739986,-0.790909090909091,0.8454545454545455,0.158,500
lkq8Uqz9SCc,audienceWatchRatio,engagement,11,0.48181818181818187,-0.01741818181818181,0.4941453046916062,-0.8272727272727273,0.8454545454545455,0.348,500
lkq8Uqz9SCc,audienceWatchRatio,visual_processing,11,0.5090909090909091,-0.0723818181818182,0.45958196563887915,-0.7636363636363637,0.8090909090909091,0.212,500
lkq8Uqz9SCc,audienceWatchRatio,auditory_processing,11,0.48181818181818187,-0.07170909090909093,0.5929179459069462,-0.790909090909091,0.8909090909090911,0.544,500
lkq8Uqz9SCc,audienceWatchRatio,pattern_change,10,-0.2606060606060606,0.029842424242424222,0.32992161597952585,-0.35757575757575755,0.6363636363636362,0.444,500
lkq8Uqz9SCc,audienceWatchRatio,amplitude_change,10,-0.01818181818181818,0.04911515151515151,0.3639770719022331,-0.406060606060606,0.6606060606060605,1.0,500
lkq8Uqz9SCc,relativeRetentionPerformance,reward,11,0.8181818181818182,0.049654545454545486,0.48785180618030766,-0.7272727272727273,0.9363636363636365,0.118,500
lkq8Uqz9SCc,relativeRetentionPerformance,aversion,11,0.690909090909091,0.02007272727272729,0.45890389854431785,-0.6727272727272727,0.9636363636363637,0.088,500
lkq8Uqz9SCc,relativeRetentionPerformance,social_value,11,0.7454545454545456,0.0030363636363636335,0.5000749071161967,-0.7090909090909092,0.9727272727272729,0.104,500
lkq8Uqz9SCc,relativeRetentionPerformance,engagement,11,0.5727272727272729,0.036563636363636375,0.40559205943618526,-0.690909090909091,0.8909090909090911,0.186,500
lkq8Uqz9SCc,relativeRetentionPerformance,visual_processing,11,0.5818181818181819,0.017345454545454542,0.39443185796600205,-0.7727272727272727,0.8090909090909091,0.166,500
lkq8Uqz9SCc,relativeRetentionPerformance,auditory_processing,11,0.5090909090909091,-0.011581818181818186,0.4885548704982925,-0.6454545454545455,0.7000000000000001,0.528,500
lkq8Uqz9SCc,relativeRetentionPerformance,pattern_change,10,0.7454545454545454,-0.05990303030303029,0.47191268371048467,-0.6969696969696969,0.7333333333333332,0.0,500
lkq8Uqz9SCc,relativeRetentionPerformance,amplitude_change,10,0.9030303030303028,-0.053139393939393924,0.45098053262649906,-0.5757575757575757,0.8060606060606059,0.0,500
lkq8Uqz9SCc,exit_intensity,reward,11,0.28181818181818186,-0.0635818181818182,0.36202574722371966,-0.7181818181818183,0.6181818181818182,0.468,500
lkq8Uqz9SCc,exit_intensity,aversion,11,0.5181818181818182,-0.02325454545454546,0.3418175333649556,-0.7181818181818183,0.6272727272727273,0.208,500
lkq8Uqz9SCc,exit_intensity,social_value,11,0.46363636363636374,-0.07009090909090909,0.3646229684083397,-0.7181818181818183,0.5545454545454546,0.284,500
lkq8Uqz9SCc,exit_intensity,engagement,11,0.5818181818181819,0.0034363636363636684,0.44907573732193523,-0.7727272727272727,0.8363636363636365,0.208,500
lkq8Uqz9SCc,exit_intensity,visual_processing,11,0.3454545454545455,0.03221818181818184,0.4213465294163935,-0.5818181818181819,0.8727272727272729,0.4,500
lkq8Uqz9SCc,exit_intensity,auditory_processing,11,0.08181818181818183,0.0334909090909091,0.4784244237663859,-0.6727272727272727,0.9363636363636365,0.716,500
lkq8Uqz9SCc,exit_intensity,pattern_change,10,0.5151515151515151,-0.025187878787878808,0.4129389242388214,-0.5515151515151515,0.6363636363636362,0.324,500
lkq8Uqz9SCc,exit_intensity,amplitude_change,10,0.8545454545454544,-0.022424242424242426,0.4418276592074915,-0.6363636363636362,0.6363636363636362,0.0,500
lol8jmdWc5s,audienceWatchRatio,reward,11,-0.8090909090909091,0.06216363636363637,0.5112011261773185,-0.7636363636363637,0.7272727272727273,0.0,500
lol8jmdWc5s,audienceWatchRatio,aversion,11,0.4000000000000001,-0.0047090909090909145,0.19779480059014665,-0.30000000000000004,0.3181818181818182,0.0,500
lol8jmdWc5s,audienceWatchRatio,social_value,11,0.045454545454545456,-0.05010909090909091,0.3743231749956754,-0.5545454545454546,0.690909090909091,0.892,500
lol8jmdWc5s,audienceWatchRatio,engagement,11,-0.4000000000000001,-0.023163636363636376,0.5774028268573076,-0.7818181818181819,0.8454545454545455,0.598,500
lol8jmdWc5s,audienceWatchRatio,visual_processing,11,-0.46363636363636374,0.042090909090909095,0.5464379846555144,-0.7272727272727273,0.7636363636363637,0.594,500
lol8jmdWc5s,audienceWatchRatio,auditory_processing,11,-0.44545454545454555,0.043981818181818226,0.5004645574095538,-0.8090909090909091,0.690909090909091,0.594,500
lol8jmdWc5s,audienceWatchRatio,pattern_change,10,-0.09090909090909088,0.1489939393939394,0.3768330135132296,-0.4787878787878787,0.6242424242424242,0.884,500
lol8jmdWc5s,audienceWatchRatio,amplitude_change,10,-0.1515151515151515,0.06385454545454544,0.567307714020805,-0.7939393939393938,0.7939393939393938,0.798,500
lol8jmdWc5s,relativeRetentionPerformance,reward,11,-0.19090909090909092,-0.0636909090909091,0.29283820089057105,-0.5545454545454546,0.4272727272727273,0.496,500
lol8jmdWc5s,relativeRetentionPerformance,aversion,11,0.5454545454545455,0.050800000000000005,0.464420927625499,-0.7090909090909092,0.6636363636363638,0.38,500
lol8jmdWc5s,relativeRetentionPerformance,social_value,11,0.21818181818181823,0.04130909090909091,0.35863423942221473,-0.4727272727272727,0.6363636363636364,0.594,500
lol8jmdWc5s,relativeRetentionPerformance,engagement,11,-0.11818181818181818,0.006872727272727267,0.16244731224676617,-0.27272727272727276,0.3181818181818182,0.556,500
lol8jmdWc5s,relativeRetentionPerformance,visual_processing,11,0.28181818181818186,0.03392727272727273,0.16628268671400054,-0.3090909090909091,0.28181818181818186,0.176,500
lol8jmdWc5s,relativeRetentionPerformance,auditory_processing,11,0.6090909090909091,-0.06834545454545454,0.312705294682252,-0.5909090909090909,0.38181818181818183,0.0,500
lol8jmdWc5s,relativeRetentionPerformance,pattern_change,10,0.01818181818181818,-0.00043636363636363474,0.3943678237200328,-0.8545454545454544,0.4787878787878787,1.0,500
lol8jmdWc5s,relativeRetentionPerformance,amplitude_change,10,0.07878787878787878,0.030739393939393928,0.4625945441201943,-0.8909090909090909,0.6727272727272726,0.876,500
lol8jmdWc5s,exit_intensity,reward,11,0.20909090909090913,-0.004490909090909108,0.4807244845882563,-0.7454545454545456,0.7000000000000001,0.78,500
lol8jmdWc5s,exit_intensity,aversion,11,0.5363636363636364,-0.05990909090909092,0.2551735594738324,-0.44545454545454555,0.4909090909090909,0.0,500
lol8jmdWc5s,exit_intensity,social_value,11,0.21818181818181823,-0.07474545454545455,0.3876550306779436,-0.6545454545454547,0.4727272727272727,0.712,500
lol8jmdWc5s,exit_intensity,engagement,11,-0.790909090909091,0.017800000000000017,0.5673254809386884,-0.7090909090909092,0.690909090909091,0.0,500
lol8jmdWc5s,exit_intensity,visual_processing,11,-0.5454545454545455,0.04454545454545455,0.570400902946905,-0.7454545454545456,0.7818181818181819,0.522,500
lol8jmdWc5s,exit_intensity,auditory_processing,11,0.11818181818181818,-0.007145454545454544,0.5403797412869846,-0.7818181818181819,0.790909090909091,0.922,500
lol8jmdWc5s,exit_intensity,pattern_change,10,-0.32121212121212117,0.1045333333333333,0.44965949758113855,-0.5151515151515151,0.8181818181818182,0.668,500
lol8jmdWc5s,exit_intensity,amplitude_change,10,-0.33333333333333326,0.06336969696969696,0.460439206780326,-0.5151515151515151,0.709090909090909,0.78,500
lyKgGKlgOVA,audienceWatchRatio,reward,11,0.8909090909090911,-0.06998181818181817,0.5573596844509295,-0.7363636363636363,0.9181818181818183,0.098,500
lyKgGKlgOVA,audienceWatchRatio,aversion,11,0.8636363636363636,-0.05059999999999998,0.5245599213382397,-0.7545454545454545,0.9181818181818183,0.104,500
lyKgGKlgOVA,audienceWatchRatio,social_value,11,0.8727272727272729,-0.0640909090909091,0.5656389278455073,-0.8000000000000002,0.9545454545454546,0.088,500
lyKgGKlgOVA,audienceWatchRatio,engagement,11,0.881818181818182,0.0038909090909090764,0.5886412998038031,-0.7818181818181819,0.9545454545454546,0.124,500
lyKgGKlgOVA,audienceWatchRatio,visual_processing,11,0.8272727272727273,-0.023981818181818187,0.5541804279987336,-0.8454545454545455,0.8454545454545455,0.21,500
lyKgGKlgOVA,audienceWatchRatio,auditory_processing,11,0.881818181818182,-0.0641090909090909,0.6338011586927959,-0.8636363636363636,0.8181818181818182,0.0,500
lyKgGKlgOVA,audienceWatchRatio,pattern_change,10,0.5393939393939393,-0.10305454545454543,0.5084917102870707,-0.7818181818181817,0.6,0.456,500
lyKgGKlgOVA,audienceWatchRatio,amplitude_change,10,0.49090909090909085,0.007442424242424233,0.3779325137865795,-0.4666666666666666,0.6363636363636362,0.206,500
lyKgGKlgOVA,relativeRetentionPerformance,reward,11,0.7545454545454545,-0.040709090909090924,0.3778842268812233,-0.6272727272727273,0.7272727272727273,0.0,500
lyKgGKlgOVA,relativeRetentionPerformance,aversion,11,0.8000000000000002,0.026327272727272727,0.4268068237427659,-0.5818181818181819,0.8545454545454546,0.098,500
lyKgGKlgOVA,relativeRetentionPerformance,social_value,11,0.8272727272727273,0.025054545454545458,0.4158862352388656,-0.5545454545454546,0.7545454545454545,0.0,500
lyKgGKlgOVA,relativeRetentionPerformance,engagement,11,0.5454545454545455,0.007836363636363624,0.39515484526390054,-0.6818181818181819,0.7545454545454545,0.192,500
lyKgGKlgOVA,relativeRetentionPerformance,visual_processing,11,0.46363636363636374,0.028472727272727285,0.37522165085816583,-0.6090909090909091,0.7090909090909092,0.204,500
lyKgGKlgOVA,relativeRetentionPerformance,auditory_processing,11,0.7090909090909092,0.005290909090909093,0.392569336508778,-0.6181818181818182,0.4727272727272727,0.0,500
lyKgGKlgOVA,relativeRetentionPerformance,pattern_change,10,0.01818181818181818,-0.02169696969696968,0.4289816501883817,-0.7212121212121211,0.5272727272727272,1.0,500
lyKgGKlgOVA,relativeRetentionPerformance,amplitude_change,10,0.22424242424242422,-0.00986666666666666,0.30035360953743695,-0.5151515151515151,0.5636363636363636,0.344,500
lyKgGKlgOVA,exit_intensity,reward,11,-0.5454545454545455,0.0020181818181818196,0.4570086636790226,-0.6181818181818182,0.7454545454545456,0.394,500
lyKgGKlgOVA,exit_intensity,aversion,11,-0.27272727272727276,-0.05001818181818184,0.437116206725189,-0.6545454545454547,0.7818181818181819,0.414,500
lyKgGKlgOVA,exit_intensity,social_value,11,-0.39090909090909093,-0.09147272727272729,0.4480243274829269,-0.7363636363636363,0.8272727272727273,0.402,500
lyKgGKlgOVA,exit_intensity,engagement,11,-0.24545454545454545,-0.027490909090909094,0.4908427079696123,-0.8090909090909091,0.6545454545454547,0.724,500
lyKgGKlgOVA,exit_intensity,visual_processing,11,-0.16363636363636366,-0.03060000000000001,0.44194686154531304,-0.8454545454545455,0.7818181818181819,0.808,500
lyKgGKlgOVA,exit_intensity,auditory_processing,11,-0.4909090909090909,-0.01414545454545452,0.4299343467081211,-0.6727272727272727,0.6636363636363638,0.404,500
lyKgGKlgOVA,exit_intensity,pattern_change,10,0.9515151515151514,-0.09597575757575758,0.5174907709659123,-0.7212121212121211,0.9757575757575757,0.136,500
lyKgGKlgOVA,exit_intensity,amplitude_change,10,0.8666666666666665,-0.05384242424242423,0.3994506118802383,-0.5272727272727272,0.9151515151515152,0.108,500
maT9ARQ8TCA,audienceWatchRatio,reward,11,0.7454545454545456,-0.04825454545454546,0.5891558000174614,-0.8181818181818182,0.8000000000000002,0.188,500
maT9ARQ8TCA,audienceWatchRatio,aversion,11,0.5909090909090909,-0.053254545454545436,0.5222647626578397,-0.7545454545454545,0.8727272727272729,0.26,500
maT9ARQ8TCA,audienceWatchRatio,social_value,11,0.7000000000000001,-0.06127272727272725,0.5669711027953354,-0.8272727272727273,0.7181818181818183,0.306,500
maT9ARQ8TCA,audienceWatchRatio,engagement,11,0.8545454545454546,-0.12038181818181816,0.5912085560055901,-0.8090909090909091,0.7181818181818183,0.0,500
maT9ARQ8TCA,audienceWatchRatio,visual_processing,11,0.8181818181818182,-0.044654545454545454,0.3851474179502169,-0.8454545454545455,0.5545454545454546,0.086,500
maT9ARQ8TCA,audienceWatchRatio,auditory_processing,11,0.08181818181818183,-0.025090909090909084,0.34027145216286486,-0.5454545454545455,0.48181818181818187,0.732,500
maT9ARQ8TCA,audienceWatchRatio,pattern_change,10,0.6484848484848483,-0.0025939393939393793,0.48587893589755865,-0.8545454545454544,0.709090909090909,0.224,500
maT9ARQ8TCA,audienceWatchRatio,amplitude_change,10,-0.01818181818181818,-0.042618181818181826,0.48283152352574576,-0.6606060606060605,0.6242424242424242,1.0,500
maT9ARQ8TCA,relativeRetentionPerformance,reward,11,0.03636363636363637,0.013036363636363617,0.2857829095746607,-0.5090909090909091,0.4909090909090909,0.904,500
maT9ARQ8TCA,relativeRetentionPerformance,aversion,11,0.19090909090909092,-0.027145454545454542,0.26638470347963655,-0.38181818181818183,0.3545454545454546,0.67,500
maT9ARQ8TCA,relativeRetentionPerformance,social_value,11,0.03636363636363637,0.018818181818181817,0.2691199462220247,-0.39090909090909093,0.4272727272727273,1.0,500
maT9ARQ8TCA,relativeRetentionPerformance,engagement,11,-0.3090909090909091,0.05412727272727274,0.20744647502428187,-0.24545454545454545,0.39090909090909093,0.096,500
maT9ARQ8TCA,relativeRetentionPerformance,visual_processing,11,-0.20000000000000004,0.04719999999999999,0.3776459420153501,-0.6000000000000001,0.6454545454545455,0.714,500
maT9ARQ8TCA,relativeRetentionPerformance,auditory_processing,11,-0.16363636363636366,-0.038018181818181826,0.45922976082037686,-0.6818181818181819,0.7818181818181819,0.776,500
maT9ARQ8TCA,relativeRetentionPerformance,pattern_change,10,-0.6848484848484848,0.03107878787878789,0.457037516709997,-0.6242424242424242,0.8181818181818182,0.106,500
maT9ARQ8TCA,relativeRetentionPerformance,amplitude_change,10,-0.06666666666666665,0.023393939393939422,0.5057897442426877,-0.8303030303030302,0.8181818181818182,0.794,500
maT9ARQ8TCA,exit_intensity,reward,11,-0.3272727272727273,0.0048000000000000265,0.570979527791518,-0.8272727272727273,0.9545454545454546,0.592,500
maT9ARQ8TCA,exit_intensity,aversion,11,-0.009090909090909092,0.049872727272727305,0.5798584754664262,-0.790909090909091,0.9181818181818183,1.0,500
maT9ARQ8TCA,exit_intensity,social_value,11,-0.045454545454545456,-0.006127272727272745,0.5857015094583744,-0.9272727272727275,0.7181818181818183,1.0,500
maT9ARQ8TCA,exit_intensity,engagement,11,-0.20000000000000004,0.0013090909090908934,0.6375251259997459,-0.8363636363636365,0.7272727272727273,0.81,500
maT9ARQ8TCA,exit_intensity,visual_processing,11,-0.5090909090909091,0.02074545454545455,0.38777884938848567,-0.5363636363636364,0.7636363636363637,0.188,500
maT9ARQ8TCA,exit_intensity,auditory_processing,11,-0.8181818181818182,0.10085454545454547,0.35945932355310556,-0.7636363636363637,0.6272727272727273,0.0,500
maT9ARQ8TCA,exit_intensity,pattern_change,10,0.09090909090909088,-0.0835393939393939,0.5881411892982225,-0.8666666666666665,0.8181818181818182,1.0,500
maT9ARQ8TCA,exit_intensity,amplitude_change,10,0.709090909090909,-0.0446060606060606,0.47198505836181337,-0.7696969696969697,0.6242424242424242,0.12,500
nDpSTF4v-iA,audienceWatchRatio,reward,10,0.5636363636363636,-0.03956363636363636,0.5244096848607561,-0.8424242424242423,0.8181818181818182,0.32,500
nDpSTF4v-iA,audienceWatchRatio,aversion,10,0.6121212121212121,0.020654545454545453,0.4668033462180878,-0.6242424242424242,0.7696969696969697,0.364,500
nDpSTF4v-iA,audienceWatchRatio,social_value,10,0.6727272727272726,0.012024242424242411,0.47984722637643423,-0.6242424242424242,0.7333333333333332,0.114,500
nDpSTF4v-iA,audienceWatchRatio,engagement,10,0.6,-0.0408,0.555175868726113,-0.7212121212121211,0.8666666666666665,0.472,500
nDpSTF4v-iA,audienceWatchRatio,visual_processing,10,0.5151515151515151,-0.012751515151515173,0.5070329683570075,-0.5393939393939393,0.8545454545454544,0.428,500
nDpSTF4v-iA,audienceWatchRatio,auditory_processing,10,0.6727272727272726,0.029527272727272732,0.4959907437152831,-0.9272727272727272,0.7454545454545454,0.198,500
nDpSTF4v-iA,audienceWatchRatio,pattern_change,9,0.2333333333333333,-0.025699999999999997,0.5541420385504865,-0.8333333333333333,0.7999999999999999,0.894,500
nDpSTF4v-iA,audienceWatchRatio,amplitude_change,9,0.19999999999999998,-0.041199999999999994,0.5481253952234734,-0.7333333333333334,0.7,1.0,500
nDpSTF4v-iA,relativeRetentionPerformance,reward,10,0.7575757575757575,-0.0447030303030303,0.3841939852844418,-0.5636363636363636,0.6484848484848483,0.0,500
nDpSTF4v-iA,relativeRetentionPerformance,aversion,10,0.8545454545454544,0.03367272727272724,0.3915006500738721,-0.4666666666666666,0.7212121212121211,0.0,500
nDpSTF4v-iA,relativeRetentionPerformance,social_value,10,0.8545454545454544,-0.050836363636363645,0.3681849585101143,-0.41818181818181815,0.6363636363636362,0.0,500
nDpSTF4v-iA,relativeRetentionPerformance,engagement,10,0.6727272727272726,-0.012993939393939393,0.3191579407563629,-0.4666666666666666,0.6363636363636362,0.0,500
nDpSTF4v-iA,relativeRetentionPerformance,visual_processing,10,0.6848484848484848,-0.06065454545454544,0.34837763494364216,-0.7454545454545454,0.4666666666666666,0.118,500
nDpSTF4v-iA,relativeRetentionPerformance,auditory_processing,10,0.7818181818181817,-0.06373333333333331,0.35421314361710393,-0.7333333333333332,0.309090909090909,0.0,500
nDpSTF4v-iA,relativeRetentionPerformance,pattern_change,9,0.4666666666666666,0.05673333333333334,0.37091058521188397,-0.8166666666666667,0.6,0.252,500
nDpSTF4v-iA,relativeRetentionPerformance,amplitude_change,9,0.5333333333333333,0.04546666666666668,0.48795548977340136,-0.7999999999999999,0.7333333333333334,0.362,500
nDpSTF4v-iA,exit_intensity,reward,10,-0.4545454545454545,0.007466666666666666,0.5167593510042381,-0.9272727272727272,0.6969696969696969,0.518,500
nDpSTF4v-iA,exit_intensity,aversion,10,-0.006060606060606061,-0.01134545454545454,0.4548375472005739,-0.709090909090909,0.709090909090909,1.0,500
nDpSTF4v-iA,exit_intensity,social_value,10,-0.22424242424242422,-0.022618181818181808,0.4557562933573189,-0.7212121212121211,0.709090909090909,0.654,500
nDpSTF4v-iA,exit_intensity,engagement,10,-0.2727272727272727,0.020363636363636355,0.49944918788241144,-0.7696969696969697,0.8424242424242423,0.482,500
nDpSTF4v-iA,exit_intensity,visual_processing,10,-0.24848484848484845,-0.002763636363636371,0.4894175644546221,-0.5272727272727272,0.8545454545454544,0.782,500
nDpSTF4v-iA,exit_intensity,auditory_processing,10,-0.24848484848484845,0.04244848484848487,0.5940647976455539,-0.7575757575757575,0.9151515151515152,0.908,500
nDpSTF4v-iA,exit_intensity,pattern_change,9,0.8666666666666667,0.004333333333333325,0.43306029859850026,-0.6,0.8833333333333333,0.14,500
nDpSTF4v-iA,exit_intensity,amplitude_change,9,0.9500000000000001,-0.04973333333333335,0.4300838884579508,-0.6833333333333333,0.5333333333333333,0.0,500
nES1MR739XY,audienceWatchRatio,reward,8,0.30952380952380953,0.028047619047619064,0.4410525932614792,-0.8571428571428572,0.6666666666666669,0.556,500
nES1MR739XY,audienceWatchRatio,aversion,8,0.5714285714285715,0.05938095238095242,0.47409417388772646,-0.8571428571428572,0.7619047619047621,0.262,500
nES1MR739XY,audienceWatchRatio,social_value,8,0.5714285714285715,0.06995238095238099,0.48909082899014533,-0.8571428571428572,0.7619047619047621,0.276,500
nES1MR739XY,audienceWatchRatio,engagement,8,-0.023809523809523815,0.17985714285714288,0.5452698493560597,-0.9047619047619048,0.9047619047619048,0.83,500
nES1MR739XY,audienceWatchRatio,visual_processing,8,0.30952380952380953,0.04609523809523813,0.45770049322302314,-0.9047619047619048,0.5714285714285715,0.524,500
nES1MR739XY,audienceWatchRatio,auditory_processing,8,-0.4285714285714286,0.16480952380952382,0.5464977733957666,-0.6904761904761906,0.9523809523809524,0.558,500
nES1MR739XY,relativeRetentionPerformance,reward,8,0.4523809523809524,0.04671428571428571,0.6310757094203581,-0.7380952380952381,0.8571428571428572,0.724,500
nES1MR739XY,relativeRetentionPerformance,aversion,8,0.8333333333333335,0.1045714285714286,0.6327666351131922,-0.8571428571428572,0.9047619047619048,0.282,500
nES1MR739XY,relativeRetentionPerformance,social_value,8,0.8333333333333335,0.10385714285714291,0.6450592600525876,-0.8571428571428572,0.9285714285714287,0.268,500
nES1MR739XY,relativeRetentionPerformance,engagement,8,-0.261904761904762,0.07876190476190477,0.5975712065844334,-0.6904761904761906,0.8095238095238096,1.0,500
nES1MR739XY,relativeRetentionPerformance,visual_processing,8,0.09523809523809526,0.15252380952380953,0.557084431205956,-0.7142857142857144,0.9285714285714287,1.0,500
nES1MR739XY,relativeRetentionPerformance,auditory_processing,8,-0.9285714285714287,0.2645238095238095,0.5224473088036635,-0.7857142857142858,0.880952380952381,0.0,500
nES1MR739XY,exit_intensity,reward,8,-0.023809523809523815,0.018666666666666644,0.5865737712476125,-0.7619047619047621,0.9523809523809524,1.0,500
nES1MR739XY,exit_intensity,aversion,8,0.4047619047619048,0.006666666666666665,0.6079283434322662,-0.5952380952380953,0.9523809523809524,0.852,500
nES1MR739XY,exit_intensity,social_value,8,0.4047619047619048,0.04709523809523811,0.6383339620962784,-0.5952380952380953,0.9285714285714287,0.854,500
nES1MR739XY,exit_intensity,engagement,8,-0.30952380952380953,0.023523809523809527,0.4850765280811247,-0.8333333333333335,0.880952380952381,0.42,500
nES1MR739XY,exit_intensity,visual_processing,8,-0.2380952380952381,0.09342857142857144,0.47818286998057263,-0.6666666666666669,0.7380952380952381,0.708,500
nES1MR739XY,exit_intensity,auditory_processing,8,-0.9285714285714287,0.27709523809523806,0.5375739974376443,-0.7380952380952381,0.9761904761904763,0.142,500
nFaU1DUPILs,audienceWatchRatio,reward,11,0.5909090909090909,-0.02487272727272727,0.4965026698387682,-0.8454545454545455,0.7000000000000001,0.224,500
nFaU1DUPILs,audienceWatchRatio,aversion,11,0.881818181818182,0.02603636363636363,0.4846531949124477,-0.8727272727272729,0.8545454545454546,0.0,500
nFaU1DUPILs,audienceWatchRatio,social_value,11,0.6090909090909091,-0.00047272727272723716,0.45983947037242984,-0.8636363636363636,0.7454545454545456,0.184,500
nFaU1DUPILs,audienceWatchRatio,engagement,11,0.30000000000000004,0.02456363636363637,0.42000759497265133,-0.6363636363636364,0.5909090909090909,0.706,500
nFaU1DUPILs,audienceWatchRatio,visual_processing,11,0.7181818181818183,-0.02707272727272726,0.4456409179693838,-0.7272727272727273,0.9363636363636365,0.196,500
nFaU1DUPILs,audienceWatchRatio,auditory_processing,11,-0.13636363636363638,0.08058181818181817,0.5618141735661666,-0.9363636363636365,0.7818181818181819,0.696,500
nFaU1DUPILs,audienceWatchRatio,pattern_change,10,-0.49090909090909085,0.05042424242424242,0.41875663611917546,-0.6242424242424242,0.7696969696969697,0.224,500
nFaU1DUPILs,audienceWatchRatio,amplitude_change,10,-0.11515151515151514,-0.021842424242424247,0.47003284897808717,-0.9393939393939393,0.709090909090909,0.674,500
nFaU1DUPILs,relativeRetentionPerformance,reward,11,-0.16363636363636366,0.02769090909090909,0.2677126688407765,-0.43636363636363645,0.5272727272727273,0.548,500
nFaU1DUPILs,relativeRetentionPerformance,aversion,11,0.10909090909090911,0.056327272727272726,0.27997071629631387,-0.4272727272727273,0.45454545454545453,0.816,500
nFaU1DUPILs,relativeRetentionPerformance,social_value,11,0.06363636363636364,0.05792727272727273,0.29405143981317006,-0.43636363636363645,0.5363636363636364,0.784,500
nFaU1DUPILs,relativeRetentionPerformance,engagement,11,0.02727272727272728,0.019927272727272738,0.38653184958525955,-0.690909090909091,0.5818181818181819,0.898,500
nFaU1DUPILs,relativeRetentionPerformance,visual_processing,11,-0.16363636363636366,0.0010181818181818007,0.39313273009388877,-0.44545454545454555,0.7272727272727273,0.892,500
nFaU1DUPILs,relativeRetentionPerformance,auditory_processing,11,0.23636363636363636,0.010181818181818179,0.2434893722119413,-0.33636363636363636,0.3454545454545455,0.614,500
nFaU1DUPILs,relativeRetentionPerformance,pattern_change,10,0.6727272727272726,-0.036630303030303034,0.3629038108156203,-0.7575757575757575,0.4787878787878787,0.096,500
nFaU1DUPILs,relativeRetentionPerformance,amplitude_change,10,0.7575757575757575,-0.10429090909090909,0.3254361902165507,-0.4666666666666666,0.5393939393939393,0.0,500
nFaU1DUPILs,exit_intensity,reward,11,0.5454545454545455,0.006290909090909075,0.5279391662926565,-0.8363636363636365,0.6181818181818182,0.496,500
nFaU1DUPILs,exit_intensity,aversion,11,0.2545454545454546,-0.008018181818181794,0.5593875100914222,-0.9090909090909091,0.6636363636363638,0.724,500
nFaU1DUPILs,exit_intensity,social_value,11,0.690909090909091,0.027709090909090912,0.5329885874764725,-0.9090909090909091,0.6000000000000001,0.214,500
nFaU1DUPILs,exit_intensity,engagement,11,0.8181818181818182,-0.06905454545454547,0.35380024059903337,-0.6181818181818182,0.5727272727272729,0.0,500
nFaU1DUPILs,exit_intensity,visual_processing,11,-0.20909090909090913,0.005563636363636369,0.5069837443397899,-0.790909090909091,0.7090909090909092,0.9,500
nFaU1DUPILs,exit_intensity,auditory_processing,11,-0.7636363636363637,0.09234545454545456,0.536233345962664,-0.8454545454545455,0.9,0.164,500
nFaU1DUPILs,exit_intensity,pattern_change,10,0.2606060606060606,-0.0053818181818181925,0.3711175615370086,-0.5272727272727272,0.7333333333333332,0.562,500
nFaU1DUPILs,exit_intensity,amplitude_change,10,-0.06666666666666665,0.00016969696969696102,0.4556604996549754,-0.6848484848484848,0.6242424242424242,0.862,500
oIJjTr4jCtQ,audienceWatchRatio,reward,11,0.5454545454545455,-0.018581818181818182,0.5441771454405584,-0.7000000000000001,0.8272727272727273,0.396,500
oIJjTr4jCtQ,audienceWatchRatio,aversion,11,0.7090909090909092,0.018636363636363618,0.48485726791287137,-0.5090909090909091,0.8636363636363636,0.206,500
oIJjTr4jCtQ,audienceWatchRatio,social_value,11,0.8454545454545455,-0.07074545454545456,0.5031552079684609,-0.5545454545454546,0.9,0.098,500
oIJjTr4jCtQ,audienceWatchRatio,engagement,11,0.6727272727272727,-0.014654545454545463,0.5220551770970999,-0.6636363636363638,0.8363636363636365,0.206,500
oIJjTr4jCtQ,audienceWatchRatio,visual_processing,11,0.5818181818181819,0.015090909090909077,0.4624945297867259,-0.5636363636363637,0.8545454545454546,0.204,500
oIJjTr4jCtQ,audienceWatchRatio,auditory_processing,11,-0.009090909090909092,0.06914545454545454,0.3781410340770922,-0.7090909090909092,0.5636363636363637,1.0,500
oIJjTr4jCtQ,audienceWatchRatio,pattern_change,10,0.7939393939393938,-0.11369696969696967,0.4055971303394263,-0.7939393939393938,0.5515151515151515,0.124,500
oIJjTr4jCtQ,audienceWatchRatio,amplitude_change,10,0.6848484848484848,-0.01706666666666665,0.4824588895735659,-0.7212121212121211,0.5515151515151515,0.226,500
oIJjTr4jCtQ,relativeRetentionPerformance,reward,11,0.6454545454545455,-0.026327272727272734,0.40359512320031127,-0.5909090909090909,0.5636363636363637,0.0,500
oIJjTr4jCtQ,relativeRetentionPerformance,aversion,11,0.8636363636363636,-0.00014545454545455527,0.3748246690947429,-0.5090909090909091,0.5818181818181819,0.0,500
oIJjTr4jCtQ,relativeRetentionPerformance,social_value,11,0.8272727272727273,-0.04020000000000002,0.3919584136315088,-0.48181818181818187,0.5909090909090909,0.0,500
oIJjTr4jCtQ,relativeRetentionPerformance,engagement,11,0.6454545454545455,0.0047454545454545406,0.35209849251275144,-0.5545454545454546,0.5363636363636364,0.0,500
oIJjTr4jCtQ,relativeRetentionPerformance,visual_processing,11,0.7181818181818183,-0.00469090909090909,0.354646808822897,-0.48181818181818187,0.4909090909090909,0.0,500
oIJjTr4jCtQ,relativeRetentionPerformance,auditory_processing,11,0.39090909090909093,0.029054545454545444,0.3807788434292349,-0.5909090909090909,0.4727272727272727,0.514,500
oIJjTr4jCtQ,relativeRetentionPerformance,pattern_change,10,0.29696969696969694,-0.0015272727272727202,0.4609118799748259,-0.6969696969696969,0.8060606060606059,0.564,500
oIJjTr4jCtQ,relativeRetentionPerformance,amplitude_change,10,0.5515151515151515,-0.012606060606060626,0.43217389283197843,-0.6,0.6969696969696969,0.206,500
oIJjTr4jCtQ,exit_intensity,reward,11,-0.17272727272727276,0.06214545454545455,0.42120773854271065,-0.5181818181818182,0.6363636363636364,0.814,500
oIJjTr4jCtQ,exit_intensity,aversion,11,0.26363636363636367,-0.012890909090909078,0.37994728603490413,-0.4727272727272727,0.6272727272727273,0.622,500
oIJjTr4jCtQ,exit_intensity,social_value,11,-0.045454545454545456,0.009090909090909094,0.37781363196140466,-0.5363636363636364,0.7000000000000001,1.0,500
oIJjTr4jCtQ,exit_intensity,engagement,11,0.22727272727272727,-0.00729090909090913,0.41938155924099113,-0.5727272727272729,0.6363636363636364,0.816,500
oIJjTr4jCtQ,exit_intensity,visual_processing,11,0.39090909090909093,0.00610909090909094,0.4137612614631816,-0.5,0.6636363636363638,0.512,500
oIJjTr4jCtQ,exit_intensity,auditory_processing,11,0.44545454545454555,-0.0370909090909091,0.3812707764288757,-0.6090909090909091,0.6181818181818182,0.238,500
oIJjTr4jCtQ,exit_intensity,pattern_change,10,0.9515151515151514,-0.11037575757575756,0.401790439921719,-0.6969696969696969,0.3939393939393939,0.0,500
oIJjTr4jCtQ,exit_intensity,amplitude_change,10,0.6969696969696969,0.001745454545454553,0.4023624019662744,-0.709090909090909,0.5272727272727272,0.12,500
pJVk6n-hlG0,audienceWatchRatio,reward,9,-0.35,0.023266666666666665,0.42133754744727997,-0.5333333333333333,0.7666666666666667,0.362,500
pJVk6n-hlG0,audienceWatchRatio,aversion,9,-0.25,0.06933333333333332,0.4059126890245131,-0.5,0.7,0.74,500
pJVk6n-hlG0,audienceWatchRatio,social_value,9,-0.03333333333333333,0.05006666666666666,0.4456792518791463,-0.5333333333333333,0.8166666666666667,0.882,500
pJVk6n-hlG0,audienceWatchRatio,engagement,9,-0.06666666666666667,0.047599999999999996,0.48583012120150254,-0.6333333333333333,0.7,0.882,500
pJVk6n-hlG0,audienceWatchRatio,visual_processing,9,-0.39999999999999997,0.04183333333333332,0.3687900260762665,-0.48333333333333334,0.5333333333333333,0.666,500
pJVk6n-hlG0,audienceWatchRatio,auditory_processing,9,-0.8166666666666667,0.0667,0.5022632101022553,-0.9500000000000001,0.65,0.134,500
pJVk6n-hlG0,audienceWatchRatio,pattern_change,8,-1.0,0.15995238095238096,0.4735082052173577,-0.6666666666666669,0.7380952380952381,0.0,500
pJVk6n-hlG0,audienceWatchRatio,amplitude_change,8,-0.9761904761904763,0.14828571428571433,0.46590560876767645,-0.5476190476190477,0.6666666666666669,0.0,500
pJVk6n-hlG0,relativeRetentionPerformance,reward,9,0.8166666666666667,0.05930000000000001,0.503922016674097,-0.6166666666666666,0.8166666666666667,0.12,500
pJVk6n-hlG0,relativeRetentionPerformance,aversion,9,0.8833333333333333,0.0537,0.5144005994034869,-0.6666666666666667,0.75,0.0,500
pJVk6n-hlG0,relativeRetentionPerformance,social_value,9,0.9333333333333332,-0.025066666666666678,0.5582149088339046,-0.6833333333333333,0.7999999999999999,0.0,500
pJVk6n-hlG0,relativeRetentionPerformance,engagement,9,0.7,0.06106666666666666,0.527303176550265,-0.5333333333333333,0.8166666666666667,0.23,500
pJVk6n-hlG0,relativeRetentionPerformance,visual_processing,9,0.35,0.09076666666666666,0.41453289776968644,-0.5166666666666667,0.7666666666666667,0.426,500
pJVk6n-hlG0,relativeRetentionPerformance,auditory_processing,9,-0.38333333333333336,0.059033333333333354,0.5438730029458471,-0.7666666666666667,0.7333333333333334,0.628,500
pJVk6n-hlG0,relativeRetentionPerformance,pattern_change,8,0.9761904761904763,-0.10161904761904765,0.4974106284885089,-0.7619047619047621,0.7380952380952381,0.0,500
pJVk6n-hlG0,relativeRetentionPerformance,amplitude_change,8,0.9523809523809524,-0.12095238095238096,0.4623645232724419,-0.6904761904761906,0.5952380952380953,0.0,500
pJVk6n-hlG0,exit_intensity,reward,9,0.7,-0.00010000000000001119,0.48158014332449844,-0.7333333333333334,0.5499999999999999,0.128,500
pJVk6n-hlG0,exit_intensity,aversion,9,0.6333333333333333,-0.026733333333333328,0.4727235461780078,-0.6666666666666667,0.6,0.122,500
pJVk6n-hlG0,exit_intensity,social_value,9,0.45,-0.06473333333333335,0.5157536405860629,-0.75,0.75,0.502,500
pJVk6n-hlG0,exit_intensity,engagement,9,0.5333333333333333,-0.047933333333333286,0.5366492295303846,-0.7999999999999999,0.7333333333333334,0.524,500
pJVk6n-hlG0,exit_intensity,visual_processing,9,0.4666666666666666,-0.021966666666666655,0.3369391949760537,-0.5333333333333333,0.5166666666666667,0.244,500
pJVk6n-hlG0,exit_intensity,auditory_processing,9,0.4666666666666666,0.044666666666666646,0.5902536178062218,-0.7833333333333333,0.8333333333333333,0.66,500
pJVk6n-hlG0,exit_intensity,pattern_change,8,0.8333333333333335,-0.1356190476190476,0.4798641531122917,-0.8095238095238096,0.6904761904761906,0.0,500
pJVk6n-hlG0,exit_intensity,amplitude_change,8,0.7619047619047621,-0.08623809523809524,0.4834207732306606,-0.8333333333333335,0.7142857142857144,0.14,500
qc_Pdr88Yes,audienceWatchRatio,reward,10,0.8666666666666665,-0.07682424242424242,0.4022532962949654,-0.6363636363636362,0.406060606060606,0.0,500
qc_Pdr88Yes,audienceWatchRatio,aversion,10,0.7454545454545454,-0.09944242424242423,0.30138715333993105,-0.6727272727272726,0.32121212121212117,0.0,500
qc_Pdr88Yes,audienceWatchRatio,social_value,10,0.7696969696969697,-0.10463030303030305,0.2992281656134976,-0.6848484848484848,0.38181818181818183,0.0,500
qc_Pdr88Yes,audienceWatchRatio,engagement,10,0.3939393939393939,-0.10477575757575756,0.4296663260432881,-0.8545454545454544,0.5272727272727272,0.526,500
qc_Pdr88Yes,audienceWatchRatio,visual_processing,10,0.7939393939393938,-0.08213333333333332,0.4495181910414026,-0.6606060606060605,0.6242424242424242,0.0,500
qc_Pdr88Yes,audienceWatchRatio,auditory_processing,10,0.5393939393939393,0.006569696969696973,0.47598508144627,-0.7939393939393938,0.6363636363636362,0.342,500
qc_Pdr88Yes,audienceWatchRatio,pattern_change,9,0.7333333333333334,-0.033166666666666685,0.6455785303809978,-0.8166666666666667,0.9333333333333332,0.408,500
qc_Pdr88Yes,audienceWatchRatio,amplitude_change,9,0.75,-0.035366666666666664,0.654961219377826,-0.8333333333333333,0.9666666666666667,0.376,500
qc_Pdr88Yes,relativeRetentionPerformance,reward,10,0.7212121212121211,-0.13687272727272728,0.5018136050149946,-0.8303030303030302,0.5636363636363636,0.14,500
qc_Pdr88Yes,relativeRetentionPerformance,aversion,10,0.6,0.06024242424242426,0.3767987725137389,-0.7575757575757575,0.5272727272727272,0.11,500
qc_Pdr88Yes,relativeRetentionPerformance,social_value,10,0.6484848484848483,0.03139393939393937,0.382276569480685,-0.6969696969696969,0.6484848484848483,0.212,500
qc_Pdr88Yes,relativeRetentionPerformance,engagement,10,-0.10303030303030303,-0.010327272727272742,0.46333293235807205,-0.9272727272727272,0.6484848484848483,0.658,500
qc_Pdr88Yes,relativeRetentionPerformance,visual_processing,10,0.29696969696969694,0.022375757575757577,0.4687939368474991,-0.9030303030303028,0.7333333333333332,0.54,500
qc_Pdr88Yes,relativeRetentionPerformance,auditory_processing,10,0.8424242424242423,-0.0685090909090909,0.45733783033553504,-0.7939393939393938,0.8060606060606059,0.0,500
qc_Pdr88Yes,relativeRetentionPerformance,pattern_change,9,0.7,-0.052466666666666675,0.6488430078908833,-0.8499999999999999,0.8499999999999999,0.37,500
qc_Pdr88Yes,relativeRetentionPerformance,amplitude_change,9,0.6666666666666667,-0.09046666666666667,0.638309576581423,-0.8833333333333333,0.8166666666666667,0.348,500
qc_Pdr88Yes,exit_intensity,reward,10,-0.0303030303030303,0.05061818181818181,0.4795803221944995,-0.9030303030303028,0.7333333333333332,1.0,500
qc_Pdr88Yes,exit_intensity,aversion,10,0.2121212121212121,-0.08863030303030303,0.4315418200815986,-0.8666666666666665,0.6606060606060605,0.656,500
qc_Pdr88Yes,exit_intensity,social_value,10,0.16363636363636364,0.050496969696969714,0.38672222342398527,-0.8545454545454544,0.6121212121212121,0.776,500
qc_Pdr88Yes,exit_intensity,engagement,10,0.8060606060606059,-0.10118787878787877,0.39607122862571986,-0.7696969696969697,0.406060606060606,0.0,500
qc_Pdr88Yes,exit_intensity,visual_processing,10,0.41818181818181815,-0.02433939393939394,0.4921543407269905,-0.8303030303030302,0.5393939393939393,0.532,500
qc_Pdr88Yes,exit_intensity,auditory_processing,10,-0.5151515151515151,0.023806060606060612,0.44656768016284365,-0.5878787878787878,0.8545454545454544,0.31,500
qc_Pdr88Yes,exit_intensity,pattern_change,9,-0.19999999999999998,0.0964,0.4624347833899273,-0.7833333333333333,0.6666666666666667,0.746,500
qc_Pdr88Yes,exit_intensity,amplitude_change,9,0.19999999999999998,0.0535333333333333,0.5635835381240694,-0.8166666666666667,0.8499999999999999,0.748,500
rE1XdeG8rbc,audienceWatchRatio,reward,11,-0.045454545454545456,0.017909090909090927,0.4405943675243874,-0.4909090909090909,0.7090909090909092,0.88,500
rE1XdeG8rbc,audienceWatchRatio,aversion,11,0.7636363636363637,0.0009636363636363714,0.43162567613329106,-0.4727272727272727,0.8727272727272729,0.108,500
rE1XdeG8rbc,audienceWatchRatio,social_value,11,0.6090909090909091,-0.04080000000000001,0.3966456311296204,-0.4272727272727273,0.8454545454545455,0.094,500
rE1XdeG8rbc,audienceWatchRatio,engagement,11,-0.28181818181818186,0.06290909090909091,0.4895278210718017,-0.6727272727272727,0.7181818181818183,0.73,500
rE1XdeG8rbc,audienceWatchRatio,visual_processing,11,-0.21818181818181823,0.04809090909090908,0.30720519699030363,-0.4090909090909091,0.5545454545454546,0.37,500
rE1XdeG8rbc,audienceWatchRatio,auditory_processing,11,0.11818181818181818,0.04023636363636363,0.3592311031279801,-0.790909090909091,0.5545454545454546,0.684,500
rE1XdeG8rbc,audienceWatchRatio,pattern_change,10,0.7454545454545454,-0.03575757575757576,0.519165467234817,-0.7818181818181817,0.6606060606060605,0.144,500
rE1XdeG8rbc,audienceWatchRatio,amplitude_change,10,0.6,0.0007515151515151546,0.41576608454938246,-0.6484848484848483,0.7939393939393938,0.21,500
rE1XdeG8rbc,relativeRetentionPerformance,reward,11,0.46363636363636374,-0.04110909090909092,0.4061365560359722,-0.7000000000000001,0.4909090909090909,0.404,500
rE1XdeG8rbc,relativeRetentionPerformance,aversion,11,-0.3272727272727273,0.009272727272727262,0.3632356428427764,-0.6000000000000001,0.5454545454545455,0.4,500
rE1XdeG8rbc,relativeRetentionPerformance,social_value,11,-0.3454545454545455,-0.0024727272727272658,0.32639199876759256,-0.4909090909090909,0.6000000000000001,0.382,500
rE1XdeG8rbc,relativeRetentionPerformance,engagement,11,0.5272727272727273,-0.056018181818181814,0.42118798496358606,-0.6727272727272727,0.6000000000000001,0.306,500
rE1XdeG8rbc,relativeRetentionPerformance,visual_processing,11,0.018181818181818184,-0.026090909090909078,0.24419087169298903,-0.3545454545454546,0.3727272727272728,1.0,500
rE1XdeG8rbc,relativeRetentionPerformance,auditory_processing,11,-0.5454545454545455,0.018309090909090907,0.34830282777306126,-0.5090909090909091,0.4909090909090909,0.0,500
rE1XdeG8rbc,relativeRetentionPerformance,pattern_change,10,-0.7575757575757575,0.019515151515151517,0.6191376923541837,-0.8545454545454544,0.7696969696969697,0.312,500
rE1XdeG8rbc,relativeRetentionPerformance,amplitude_change,10,-0.4424242424242424,-0.0038060606060606084,0.459206710707565,-0.8787878787878788,0.5757575757575757,0.426,500
rE1XdeG8rbc,exit_intensity,reward,11,0.15454545454545454,-0.024127272727272716,0.39500081431028106,-0.6181818181818182,0.5454545454545455,1.0,500
rE1XdeG8rbc,exit_intensity,aversion,11,0.7090909090909092,-0.014836363636363635,0.30256214114822483,-0.8090909090909091,0.3454545454545455,0.088,500
rE1XdeG8rbc,exit_intensity,social_value,11,0.7636363636363637,-0.012654545454545446,0.2897354644133903,-0.7363636363636363,0.3272727272727273,0.0,500
rE1XdeG8rbc,exit_intensity,engagement,11,0.23636363636363636,0.04238181818181819,0.3881053529116517,-0.7181818181818183,0.6727272727272727,0.672,500
rE1XdeG8rbc,exit_intensity,visual_processing,11,0.6363636363636364,-0.011381818181818175,0.32505568448579536,-0.6181818181818182,0.3727272727272728,0.0,500
rE1XdeG8rbc,exit_intensity,auditory_processing,11,0.8363636363636365,-0.03096363636363636,0.33487547506745385,-0.6181818181818182,0.5181818181818182,0.0,500
rE1XdeG8rbc,exit_intensity,pattern_change,10,0.7575757575757575,-0.08596363636363635,0.4896389908671596,-0.8424242424242423,0.6727272727272726,0.12,500
rE1XdeG8rbc,exit_intensity,amplitude_change,10,0.7333333333333332,0.0022545454545454652,0.3321193107665105,-0.8545454545454544,0.32121212121212117,0.098,500
riSy38SmSS8,audienceWatchRatio,reward,10,0.8060606060606059,-0.04203636363636364,0.5016200715664666,-0.7818181818181817,0.7212121212121211,0.0,500
riSy38SmSS8,audienceWatchRatio,aversion,10,0.7575757575757575,0.0014060606060606134,0.4778889211661744,-0.7696969696969697,0.7575757575757575,0.198,500
riSy38SmSS8,audienceWatchRatio,social_value,10,0.7575757575757575,-0.006303030303030309,0.5281371667003956,-0.8787878787878788,0.6969696969696969,0.126,500
riSy38SmSS8,audienceWatchRatio,engagement,10,0.19999999999999998,-0.005478787878787868,0.4333420123733526,-0.8060606060606059,0.7212121212121211,0.764,500
riSy38SmSS8,audienceWatchRatio,visual_processing,10,0.34545454545454546,0.05243636363636363,0.40996866085516737,-0.7939393939393938,0.5515151515151515,0.464,500
riSy38SmSS8,audienceWatchRatio,auditory_processing,10,0.7212121212121211,-0.08652121212121212,0.4429846108344848,-0.6121212121212121,0.7575757575757575,0.098,500
riSy38SmSS8,audienceWatchRatio,pattern_change,9,-0.31666666666666665,-0.024233333333333336,0.40104720004840666,-0.7666666666666667,0.5833333333333334,0.34,500
riSy38SmSS8,audienceWatchRatio,amplitude_change,9,-0.43333333333333335,0.09880000000000001,0.41870926534874875,-0.6,0.6166666666666666,0.532,500
riSy38SmSS8,relativeRetentionPerformance,reward,10,0.4545454545454545,-0.03663030303030302,0.40184432768356954,-0.7575757575757575,0.5515151515151515,0.366,500
riSy38SmSS8,relativeRetentionPerformance,aversion,10,0.49090909090909085,0.014496969696969689,0.43180439471876486,-0.709090909090909,0.6727272727272726,0.41,500
riSy38SmSS8,relativeRetentionPerformance,social_value,10,0.49090909090909085,0.026690909090909095,0.39739781605551544,-0.7212121212121211,0.5393939393939393,0.428,500
riSy38SmSS8,relativeRetentionPerformance,engagement,10,-0.0303030303030303,-0.01183030303030302,0.5633562580628909,-0.8303030303030302,0.9272727272727272,0.892,500
riSy38SmSS8,relativeRetentionPerformance,visual_processing,10,-0.12727272727272726,0.01861818181818182,0.5082016337005104,-0.9151515151515152,0.8181818181818182,0.772,500
riSy38SmSS8,relativeRetentionPerformance,auditory_processing,10,0.35757575757575755,-0.011903030303030287,0.4009365850532472,-0.6484848484848483,0.6363636363636362,0.442,500
riSy38SmSS8,relativeRetentionPerformance,pattern_change,9,-0.06666666666666667,0.04289999999999999,0.5697827373462431,-0.7166666666666667,0.8499999999999999,1.0,500
riSy38SmSS8,relativeRetentionPerformance,amplitude_change,9,-0.016666666666666666,0.03743333333333333,0.6136750596927407,-0.8666666666666667,0.9333333333333332,1.0,500
riSy38SmSS8,exit_intensity,reward,10,0.5757575757575757,-0.04661818181818182,0.596311685837756,-0.8909090909090909,0.8545454545454544,0.55,500
riSy38SmSS8,exit_intensity,aversion,10,0.709090909090909,-0.04654545454545455,0.550874139638703,-0.8060606060606059,0.7212121212121211,0.238,500
riSy38SmSS8,exit_intensity,social_value,10,0.709090909090909,0.014957575757575782,0.6165529632647628,-0.8666666666666665,0.8424242424242423,0.416,500
riSy38SmSS8,exit_intensity,engagement,10,0.2606060606060606,-0.03066666666666665,0.4701669750092492,-0.7939393939393938,0.5393939393939393,0.77,500
riSy38SmSS8,exit_intensity,visual_processing,10,0.33333333333333326,1.1546319456101627e-17,0.42261332231961185,-0.7939393939393938,0.49090909090909085,0.62,500
riSy38SmSS8,exit_intensity,auditory_processing,10,0.4787878787878787,-0.053260606060606036,0.4713706663415066,-0.8060606060606059,0.5878787878787878,0.372,500
riSy38SmSS8,exit_intensity,pattern_change,9,0.9833333333333333,-0.09283333333333334,0.5787095558222621,-0.7833333333333333,0.8333333333333333,0.0,500
riSy38SmSS8,exit_intensity,amplitude_change,9,0.6833333333333333,-0.04663333333333334,0.5845723023430606,-0.7333333333333334,0.9166666666666666,0.228,500
rleK2NRkFr0,audienceWatchRatio,reward,9,-0.21666666666666667,-0.01570000000000001,0.5551763073314838,-0.8333333333333333,0.8833333333333333,0.656,500
rleK2NRkFr0,audienceWatchRatio,aversion,9,-0.7166666666666667,0.018833333333333313,0.5075707668230444,-0.7666666666666667,0.9333333333333332,0.258,500
rleK2NRkFr0,audienceWatchRatio,social_value,9,-0.6,0.05546666666666666,0.4762925151626886,-0.6666666666666667,0.9333333333333332,0.342,500
rleK2NRkFr0,audienceWatchRatio,engagement,9,-0.6,0.0027000000000000027,0.5365578968449413,-0.9,0.9,0.388,500
rleK2NRkFr0,audienceWatchRatio,visual_processing,9,-0.7,0.038700000000000005,0.5531250401129929,-0.9333333333333332,0.9,0.364,500
rleK2NRkFr0,audienceWatchRatio,auditory_processing,9,0.38333333333333336,-0.08059999999999999,0.5457780134816719,-0.8666666666666667,0.7999999999999999,0.616,500
rleK2NRkFr0,audienceWatchRatio,pattern_change,8,-0.3333333333333334,0.11195238095238091,0.5483934462428287,-0.880952380952381,0.7857142857142858,0.684,500
rleK2NRkFr0,audienceWatchRatio,amplitude_change,8,-0.523809523809524,-0.028238095238095253,0.5675979761988532,-0.6428571428571429,1.0,0.458,500
rleK2NRkFr0,relativeRetentionPerformance,reward,9,0.7166666666666667,-0.045299999999999986,0.5517090809475588,-0.7,0.8833333333333333,0.124,500
rleK2NRkFr0,relativeRetentionPerformance,aversion,9,0.8666666666666667,0.04583333333333336,0.6181943913976862,-0.7166666666666667,0.9500000000000001,0.118,500
rleK2NRkFr0,relativeRetentionPerformance,social_value,9,0.9333333333333332,-0.018166666666666657,0.5902593356596177,-0.7,0.9500000000000001,0.114,500
rleK2NRkFr0,relativeRetentionPerformance,engagement,9,0.8499999999999999,-0.010300000000000017,0.5816012561120472,-0.7833333333333333,0.8499999999999999,0.124,500
rleK2NRkFr0,relativeRetentionPerformance,visual_processing,9,0.9166666666666666,-0.02000000000000001,0.5864497705117918,-0.75,0.7999999999999999,0.0,500
rleK2NRkFr0,relativeRetentionPerformance,auditory_processing,9,0.2333333333333333,-0.025466666666666676,0.558688249384216,-0.7333333333333334,0.7666666666666667,0.882,500
rleK2NRkFr0,relativeRetentionPerformance,pattern_change,8,0.523809523809524,-0.0964761904761905,0.6112425989238881,-0.7619047619047621,0.8571428571428572,0.734,500
rleK2NRkFr0,relativeRetentionPerformance,amplitude_change,8,0.7380952380952381,0.08104761904761906,0.5971971495026996,-0.9047619047619048,0.8571428571428572,0.412,500
rleK2NRkFr0,exit_intensity,reward,9,0.25,0.020966666666666668,0.6125872808560969,-0.9333333333333332,0.8833333333333333,0.856,500
rleK2NRkFr0,exit_intensity,aversion,9,0.6333333333333333,0.01053333333333335,0.5215714971762421,-0.9,0.7333333333333334,0.254,500
rleK2NRkFr0,exit_intensity,social_value,9,0.6,-0.02966666666666667,0.5505370105633226,-0.9500000000000001,0.6666666666666667,0.388,500
rleK2NRkFr0,exit_intensity,engagement,9,0.6333333333333333,-0.01230000000000002,0.5477502867791733,-0.8666666666666667,0.8166666666666667,0.34,500
rleK2NRkFr0,exit_intensity,visual_processing,9,0.6666666666666667,0.06133333333333334,0.6018946013307572,-0.8666666666666667,0.9,0.484,500
rleK2NRkFr0,exit_intensity,auditory_processing,9,-0.2833333333333333,0.01703333333333336,0.6157807862110238,-0.8333333333333333,0.7666666666666667,0.88,500
rleK2NRkFr0,exit_intensity,pattern_change,8,0.6190476190476191,-0.1601428571428572,0.5525137997065894,-0.7142857142857144,0.7380952380952381,0.694,500
rleK2NRkFr0,exit_intensity,amplitude_change,8,0.7857142857142858,0.032761904761904756,0.6039714669417908,-0.8571428571428572,0.8095238095238096,0.434,500
rt573XcXeos,audienceWatchRatio,reward,10,0.7575757575757575,-0.030303030303030293,0.5845617133324889,-0.8060606060606059,0.8909090909090909,0.232,500
rt573XcXeos,audienceWatchRatio,aversion,10,0.5515151515151515,0.013187878787878771,0.45415098131480575,-0.7939393939393938,0.8666666666666665,0.208,500
rt573XcXeos,audienceWatchRatio,social_value,10,0.6727272727272726,0.01762424242424242,0.5257091248655877,-0.8666666666666665,0.8666666666666665,0.256,500
rt573XcXeos,audienceWatchRatio,engagement,10,0.6606060606060605,0.008581818181818194,0.558508933991235,-0.7696969696969697,0.8787878787878788,0.332,500
rt573XcXeos,audienceWatchRatio,visual_processing,10,0.4787878787878787,-0.04399999999999998,0.5475409390080408,-0.6484848484848483,0.8787878787878788,0.538,500
rt573XcXeos,audienceWatchRatio,auditory_processing,10,0.6848484848484848,-0.07452121212121213,0.5372916602314519,-0.7696969696969697,0.7696969696969697,0.324,500
rt573XcXeos,audienceWatchRatio,pattern_change,9,-0.7833333333333333,0.10033333333333332,0.3863977513162082,-0.38333333333333336,0.7166666666666667,0.0,500
rt573XcXeos,audienceWatchRatio,amplitude_change,9,-0.5499999999999999,-0.011266666666666645,0.43780101517571757,-0.5499999999999999,0.6333333333333333,0.264,500
rt573XcXeos,relativeRetentionPerformance,reward,10,0.41818181818181815,-0.0036848484848484835,0.2336162264638688,-0.4545454545454545,0.3696969696969697,0.116,500
rt573XcXeos,relativeRetentionPerformance,aversion,10,0.5515151515151515,0.03835151515151516,0.34761707059434666,-0.709090909090909,0.6121212121212121,0.192,500
rt573XcXeos,relativeRetentionPerformance,social_value,10,0.6,0.0488,0.3678753579791183,-0.7212121212121211,0.6,0.204,500
rt573XcXeos,relativeRetentionPerformance,engagement,10,-0.16363636363636364,0.044,0.26203501122452705,-0.4666666666666666,0.309090909090909,0.674,500
rt573XcXeos,relativeRetentionPerformance,visual_processing,10,-0.04242424242424241,0.014618181818181822,0.2166245990947612,-0.4424242424242424,0.32121212121212117,1.0,500
rt573XcXeos,relativeRetentionPerformance,auditory_processing,10,0.11515151515151514,0.0028121212121212085,0.2155000765085864,-0.29696969696969694,0.33333333333333326,0.786,500
rt573XcXeos,relativeRetentionPerformance,pattern_change,9,0.45,-0.031033333333333336,0.392190060217407,-0.6333333333333333,0.5333333333333333,0.424,500
rt573XcXeos,relativeRetentionPerformance,amplitude_change,9,0.45,0.024200000000000006,0.4962111154650923,-0.8833333333333333,0.65,0.402,500
rt573XcXeos,exit_intensity,reward,10,0.09090909090909088,0.01747878787878788,0.4411632733532328,-0.5636363636363636,0.7575757575757575,0.894,500
rt573XcXeos,exit_intensity,aversion,10,0.41818181818181815,-0.03156363636363635,0.3538848409598198,-0.6727272727272726,0.5393939393939393,0.324,500
rt573XcXeos,exit_intensity,social_value,10,0.35757575757575755,-0.001987878787878782,0.36744972312770885,-0.7575757575757575,0.5272727272727272,0.336,500
rt573XcXeos,exit_intensity,engagement,10,0.0303030303030303,0.04543030303030302,0.4324549683929957,-0.6484848484848483,0.8545454545454544,1.0,500
rt573XcXeos,exit_intensity,visual_processing,10,0.18787878787878787,0.005430303030303031,0.42198695613471515,-0.5878787878787878,0.8303030303030302,0.646,500
rt573XcXeos,exit_intensity,auditory_processing,10,0.04242424242424241,-0.08863030303030302,0.42002346447201094,-0.7575757575757575,0.6484848484848483,1.0,500
rt573XcXeos,exit_intensity,pattern_change,9,0.6166666666666666,-0.09969999999999998,0.400336551471939,-0.7833333333333333,0.6833333333333333,0.242,500
rt573XcXeos,exit_intensity,amplitude_change,9,0.9166666666666666,-0.034366666666666684,0.3615760854309305,-0.7333333333333334,0.5666666666666667,0.0,500
rvA6TW-0TOs,audienceWatchRatio,reward,11,-0.07272727272727274,0.003345454545454548,0.42828396542635394,-0.6000000000000001,0.7000000000000001,1.0,500
rvA6TW-0TOs,audienceWatchRatio,aversion,11,-0.5636363636363637,0.042418181818181834,0.362796125158128,-0.6272727272727273,0.5272727272727273,0.082,500
rvA6TW-0TOs,audienceWatchRatio,social_value,11,-0.15454545454545454,-0.004563636363636362,0.4149911874002082,-0.6272727272727273,0.790909090909091,0.906,500
rvA6TW-0TOs,audienceWatchRatio,engagement,11,-0.19090909090909092,0.012981818181818178,0.4005063753477776,-0.5727272727272729,0.5727272727272729,0.796,500
rvA6TW-0TOs,audienceWatchRatio,visual_processing,11,-0.5363636363636364,0.0199090909090909,0.3998853038039122,-0.8363636363636365,0.6545454545454547,0.186,500
rvA6TW-0TOs,audienceWatchRatio,auditory_processing,11,-0.29090909090909095,0.05327272727272728,0.4236059684765143,-0.8454545454545455,0.6363636363636364,0.7,500
rvA6TW-0TOs,audienceWatchRatio,pattern_change,10,0.41818181818181815,-0.00901818181818179,0.4924549493829026,-0.6242424242424242,0.8181818181818182,0.464,500
rvA6TW-0TOs,audienceWatchRatio,amplitude_change,10,-0.309090909090909,0.042933333333333316,0.4353942491731367,-0.8181818181818182,0.49090909090909085,0.554,500
rvA6TW-0TOs,relativeRetentionPerformance,reward,11,0.48181818181818187,0.038345454545454516,0.5419077470206454,-0.8181818181818182,0.7272727272727273,0.584,500
rvA6TW-0TOs,relativeRetentionPerformance,aversion,11,0.2545454545454546,0.047,0.5020329826838864,-0.790909090909091,0.8363636363636365,0.728,500
rvA6TW-0TOs,relativeRetentionPerformance,social_value,11,-0.02727272727272728,0.03847272727272729,0.6061316290506026,-0.9363636363636365,0.7181818181818183,1.0,500
rvA6TW-0TOs,relativeRetentionPerformance,engagement,11,0.5363636363636364,-0.06567272727272724,0.7178538850842688,-0.990909090909091,0.9090909090909091,0.726,500
rvA6TW-0TOs,relativeRetentionPerformance,visual_processing,11,0.7818181818181819,-0.0008181818181818131,0.5971005632593459,-0.9454545454545454,0.8090909090909091,0.194,500
rvA6TW-0TOs,relativeRetentionPerformance,auditory_processing,11,0.8272727272727273,-0.050854545454545486,0.5972126138283606,-0.8909090909090911,0.690909090909091,0.204,500
rvA6TW-0TOs,relativeRetentionPerformance,pattern_change,10,-0.05454545454545454,-0.008290909090909092,0.39289748350379894,-0.6606060606060605,0.6727272727272726,1.0,500
rvA6TW-0TOs,relativeRetentionPerformance,amplitude_change,10,0.28484848484848485,-0.023345454545454544,0.412947571518193,-0.7454545454545454,0.7212121212121211,0.336,500
rvA6TW-0TOs,exit_intensity,reward,11,0.6181818181818182,-0.054127272727272746,0.41764114098664673,-0.9636363636363637,0.6181818181818182,0.212,500
rvA6TW-0TOs,exit_intensity,aversion,11,-0.3454545454545455,0.09034545454545455,0.3746674730636499,-0.7090909090909092,0.5818181818181819,0.498,500
rvA6TW-0TOs,exit_intensity,social_value,11,0.11818181818181818,-0.008490909090909096,0.3923897585878461,-0.790909090909091,0.6272727272727273,0.784,500
rvA6TW-0TOs,exit_intensity,engagement,11,0.5,-0.030090909090909078,0.4103582289086669,-0.5909090909090909,0.5454545454545455,0.464,500
rvA6TW-0TOs,exit_intensity,visual_processing,11,0.11818181818181818,-0.037927272727272726,0.4369592919368089,-0.7454545454545456,0.6454545454545455,0.794,500
rvA6TW-0TOs,exit_intensity,auditory_processing,11,0.6000000000000001,-0.0756909090909091,0.37336704781848956,-0.5272727272727273,0.41818181818181827,0.0,500
rvA6TW-0TOs,exit_intensity,pattern_change,10,0.5515151515151515,-0.0528969696969697,0.425360518661087,-0.5393939393939393,0.7333333333333332,0.096,500
rvA6TW-0TOs,exit_intensity,amplitude_change,10,-0.29696969696969694,0.018230303030303024,0.41785107412441064,-0.6969696969696969,0.709090909090909,0.452,500
sV9q8horE8k,audienceWatchRatio,reward,10,0.6,0.046036363636363625,0.4021666199842652,-0.6121212121212121,0.6969696969696969,0.21,500
sV9q8horE8k,audienceWatchRatio,aversion,10,0.7333333333333332,0.08705454545454547,0.42898489976228626,-0.7454545454545454,0.8181818181818182,0.19,500
sV9q8horE8k,audienceWatchRatio,social_value,10,0.7454545454545454,0.023006060606060613,0.4729391282854072,-0.7575757575757575,0.6606060606060605,0.118,500
sV9q8horE8k,audienceWatchRatio,engagement,10,0.709090909090909,0.00724848484848485,0.48195994041928664,-0.709090909090909,0.8424242424242423,0.206,500
sV9q8horE8k,audienceWatchRatio,visual_processing,10,0.8060606060606059,-0.03023030303030302,0.5110090795431856,-0.7939393939393938,0.7939393939393938,0.0,500
sV9q8horE8k,audienceWatchRatio,auditory_processing,10,-0.6969696969696969,0.07161212121212121,0.3911298481195098,-0.6242424242424242,0.6848484848484848,0.0,500
sV9q8horE8k,audienceWatchRatio,pattern_change,9,0.5333333333333333,-0.10396666666666667,0.34400636137529006,-0.6333333333333333,0.33333333333333337,0.114,500
sV9q8horE8k,audienceWatchRatio,amplitude_change,9,0.5166666666666667,-0.1255666666666667,0.38897902114238614,-0.75,0.5333333333333333,0.282,500
sV9q8horE8k,relativeRetentionPerformance,reward,10,-0.4787878787878787,0.024969696969696965,0.3453891272455857,-0.5757575757575757,0.5272727272727272,0.228,500
sV9q8horE8k,relativeRetentionPerformance,aversion,10,-0.23636363636363633,0.0022060606060605964,0.44565608732814976,-0.7696969696969697,0.6,0.796,500
sV9q8horE8k,relativeRetentionPerformance,social_value,10,-0.38181818181818183,-0.028654545454545436,0.4769812487916125,-0.7333333333333332,0.6727272727272726,0.696,500
sV9q8horE8k,relativeRetentionPerformance,engagement,10,-0.5757575757575757,0.07299393939393939,0.4355240265944541,-0.6969696969696969,0.6484848484848483,0.214,500
sV9q8horE8k,relativeRetentionPerformance,visual_processing,10,-0.17575757575757575,-0.0027151515151515077,0.47306900220243947,-0.7212121212121211,0.6606060606060605,0.886,500
sV9q8horE8k,relativeRetentionPerformance,auditory_processing,10,0.1515151515151515,-0.008824242424242424,0.4059147663928445,-0.5757575757575757,0.5515151515151515,0.888,500
sV9q8horE8k,relativeRetentionPerformance,pattern_change,9,-0.016666666666666666,0.03630000000000003,0.4812675151213835,-0.6833333333333333,0.7333333333333334,1.0,500
sV9q8horE8k,relativeRetentionPerformance,amplitude_change,9,0.3666666666666667,0.009299999999999994,0.39763279961961556,-0.5666666666666667,0.7833333333333333,0.356,500
sV9q8horE8k,exit_intensity,reward,10,-0.2121212121212121,-0.04118787878787877,0.3644805546400847,-0.6,0.7696969696969697,0.428,500
sV9q8horE8k,exit_intensity,aversion,10,-0.5151515151515151,-0.044242424242424215,0.3360614531235055,-0.5030303030303029,0.8181818181818182,0.104,500
sV9q8horE8k,exit_intensity,social_value,10,-0.406060606060606,-0.05607272727272726,0.32600926124969104,-0.5151515151515151,0.7818181818181817,0.196,500
sV9q8horE8k,exit_intensity,engagement,10,-0.2727272727272727,0.010812121212121223,0.3714091174998043,-0.6484848484848483,0.7696969696969697,0.356,500
sV9q8horE8k,exit_intensity,visual_processing,10,-0.7818181818181817,-0.003054545454545454,0.34613701772755,-0.43030303030303024,0.6484848484848483,0.0,500
sV9q8horE8k,exit_intensity,auditory_processing,10,0.6969696969696969,-0.08012121212121211,0.3487704547684273,-0.7818181818181817,0.4545454545454545,0.13,500
sV9q8horE8k,exit_intensity,pattern_change,9,0.0,-0.049600000000000005,0.5230730308050259,-0.75,0.8333333333333333,1.0,500
sV9q8horE8k,exit_intensity,amplitude_change,9,-0.3,0.009366666666666659,0.4482243225588426,-0.6833333333333333,0.5333333333333333,0.652,500
tyZKEHNUzZY,audienceWatchRatio,reward,10,-0.3939393939393939,0.039272727272727265,0.16975773803720345,-0.13939393939393938,0.3696969696969697,0.0,500
tyZKEHNUzZY,audienceWatchRatio,aversion,10,-0.3939393939393939,0.06060606060606061,0.21824712827224488,-0.309090909090909,0.3939393939393939,0.138,500
tyZKEHNUzZY,audienceWatchRatio,social_value,10,-0.24848484848484845,0.05093333333333334,0.2244072108693802,-0.23636363636363633,0.41818181818181815,0.33,500
tyZKEHNUzZY,audienceWatchRatio,engagement,10,-0.2606060606060606,0.007612121212121217,0.26510828835522526,-0.3939393939393939,0.35757575757575755,0.444,500
tyZKEHNUzZY,audienceWatchRatio,visual_processing,10,-0.24848484848484845,0.02535757575757576,0.22804427775561453,-0.33333333333333326,0.309090909090909,0.346,500
tyZKEHNUzZY,audienceWatchRatio,auditory_processing,10,-0.0303030303030303,0.019054545454545477,0.5505084139495064,-0.7939393939393938,0.9151515151515152,1.0,500
tyZKEHNUzZY,audienceWatchRatio,pattern_change,9,-0.18333333333333335,-0.03850000000000001,0.45643604273886074,-0.6833333333333333,0.6166666666666666,0.754,500
tyZKEHNUzZY,audienceWatchRatio,amplitude_change,9,-0.5,0.004866666666666676,0.3858578955464765,-0.5666666666666667,0.65,0.364,500
tyZKEHNUzZY,relativeRetentionPerformance,reward,10,-0.6484848484848483,0.1320242424242424,0.50736190317141,-0.5878787878787878,0.7454545454545454,0.356,500
tyZKEHNUzZY,relativeRetentionPerformance,aversion,10,-0.7939393939393938,0.0797090909090909,0.48194680562558856,-0.5636363636363636,0.6848484848484848,0.0,500
tyZKEHNUzZY,relativeRetentionPerformance,social_value,10,-0.4545454545454545,0.0801212121212121,0.4922916408875809,-0.5151515151515151,0.8545454545454544,0.434,500
tyZKEHNUzZY,relativeRetentionPerformance,engagement,10,-0.04242424242424241,0.04152727272727273,0.5056978593211036,-0.5878787878787878,0.9393939393939393,1.0,500
tyZKEHNUzZY,relativeRetentionPerformance,visual_processing,10,-0.6606060606060605,0.060484848484848495,0.5337004108657875,-0.709090909090909,0.6848484848484848,0.358,500
tyZKEHNUzZY,relativeRetentionPerformance,auditory_processing,10,0.10303030303030303,-0.08744242424242424,0.49147355561389927,-0.8787878787878788,0.8303030303030302,0.694,500
tyZKEHNUzZY,relativeRetentionPerformance,pattern_change,9,0.45,-0.03916666666666667,0.3593680796435135,-0.5833333333333334,0.43333333333333335,0.248,500
tyZKEHNUzZY,relativeRetentionPerformance,amplitude_change,9,0.2833333333333333,-0.021333333333333333,0.33782868768389435,-0.7333333333333334,0.3666666666666667,0.38,500
tyZKEHNUzZY,exit_intensity,reward,10,0.32121212121212117,-0.08414545454545452,0.43665152725422074,-0.709090909090909,0.5878787878787878,0.682,500
tyZKEHNUzZY,exit_intensity,aversion,10,0.5151515151515151,-0.08201212121212123,0.42234923798275015,-0.5878787878787878,0.7212121212121211,0.23,500
tyZKEHNUzZY,exit_intensity,social_value,10,0.10303030303030303,-0.04656969696969696,0.4201536359867354,-0.6606060606060605,0.5515151515151515,0.788,500
tyZKEHNUzZY,exit_intensity,engagement,10,-0.24848484848484845,0.0022060606060606345,0.46283747785706686,-0.7575757575757575,0.6,0.676,500
tyZKEHNUzZY,exit_intensity,visual_processing,10,0.2727272727272727,-0.015660606060606066,0.4599064441133723,-0.6848484848484848,0.5515151515151515,0.89,500
tyZKEHNUzZY,exit_intensity,auditory_processing,10,-0.09090909090909088,0.07866666666666669,0.4690276208187627,-0.7575757575757575,0.8181818181818182,0.798,500
tyZKEHNUzZY,exit_intensity,pattern_change,9,0.2333333333333333,-0.06336666666666664,0.5025586742969532,-0.8333333333333333,0.65,0.77,500
tyZKEHNUzZY,exit_intensity,amplitude_change,9,0.06666666666666667,-0.0433,0.3957329332320529,-0.6666666666666667,0.6666666666666667,1.0,500
uaRc6VesxlY,audienceWatchRatio,reward,8,0.8333333333333335,-0.016333333333333314,0.6209199724963741,-0.7380952380952381,0.880952380952381,0.132,500
uaRc6VesxlY,audienceWatchRatio,aversion,8,0.6666666666666669,0.03661904761904763,0.6411549580812028,-0.8333333333333335,0.9285714285714287,0.44,500
uaRc6VesxlY,audienceWatchRatio,social_value,8,0.9523809523809524,0.021190476190476194,0.6715813318286707,-0.9285714285714287,0.8333333333333335,0.0,500
uaRc6VesxlY,audienceWatchRatio,engagement,8,0.6666666666666669,-0.011142857142857154,0.6067687811197086,-0.6904761904761906,0.880952380952381,0.28,500
uaRc6VesxlY,audienceWatchRatio,visual_processing,8,0.3571428571428572,-0.009047619047619056,0.5972839128608425,-0.7142857142857144,0.8095238095238096,0.882,500
uaRc6VesxlY,audienceWatchRatio,auditory_processing,8,-0.6666666666666669,0.0460952380952381,0.1967708475356787,-0.19047619047619052,0.4285714285714286,0.0,500
uaRc6VesxlY,relativeRetentionPerformance,reward,8,-0.11904761904761905,0.08742857142857144,0.5107042489856266,-0.5714285714285715,0.8095238095238096,1.0,500
uaRc6VesxlY,relativeRetentionPerformance,aversion,8,-0.2142857142857143,0.07157142857142858,0.49764864573630124,-0.7142857142857144,0.6190476190476191,0.718,500
uaRc6VesxlY,relativeRetentionPerformance,social_value,8,0.04761904761904763,-0.02242857142857142,0.523182869743213,-0.6190476190476191,0.7380952380952381,1.0,500
uaRc6VesxlY,relativeRetentionPerformance,engagement,8,-0.19047619047619052,0.05276190476190476,0.5153325676966266,-0.5476190476190477,0.8095238095238096,0.866,500
uaRc6VesxlY,relativeRetentionPerformance,visual_processing,8,0.11904761904761905,0.019761904761904772,0.509491042560102,-0.6428571428571429,0.8095238095238096,0.864,500
uaRc6VesxlY,relativeRetentionPerformance,auditory_processing,8,-0.38095238095238104,0.10876190476190477,0.4667841057282738,-0.5952380952380953,0.8333333333333335,0.432,500
uaRc6VesxlY,exit_intensity,reward,8,-0.5000000000000001,0.00538095238095237,0.4473295188255504,-0.6428571428571429,0.9047619047619048,0.276,500
uaRc6VesxlY,exit_intensity,aversion,8,-0.4761904761904762,-0.09857142857142859,0.4683887080827317,-0.6904761904761906,0.8571428571428572,0.458,500
uaRc6VesxlY,exit_intensity,social_value,8,-0.5952380952380953,-0.05004761904761906,0.45705083151115045,-0.7142857142857144,0.880952380952381,0.276,500
uaRc6VesxlY,exit_intensity,engagement,8,-0.5000000000000001,-0.012142857142857148,0.45033490938660853,-0.6428571428571429,0.9047619047619048,0.28,500
uaRc6VesxlY,exit_intensity,visual_processing,8,-0.523809523809524,-0.006333333333333322,0.4359050089993786,-0.6428571428571429,0.880952380952381,0.266,500
uaRc6VesxlY,exit_intensity,auditory_processing,8,0.4761904761904762,-0.06485714285714286,0.38766396136186765,-0.5714285714285715,0.4285714285714286,0.252,500
uqTDH-SDWj8,audienceWatchRatio,reward,8,0.8333333333333335,-0.05414285714285713,0.6454264898046073,-0.880952380952381,0.9285714285714287,0.296,500
uqTDH-SDWj8,audienceWatchRatio,aversion,8,0.8333333333333335,-0.002476190476190487,0.6848080916935632,-0.7857142857142858,0.9523809523809524,0.156,500
uqTDH-SDWj8,audienceWatchRatio,social_value,8,1.0,0.006952380952380927,0.6073728490620715,-0.6904761904761906,0.8571428571428572,0.0,500
uqTDH-SDWj8,audienceWatchRatio,engagement,8,0.7857142857142858,-0.07652380952380955,0.6164966689748963,-0.8095238095238096,0.8571428571428572,0.318,500
uqTDH-SDWj8,audienceWatchRatio,visual_processing,8,0.4523809523809524,-0.07861904761904762,0.6096553038965224,-0.7857142857142858,0.8333333333333335,0.726,500
uqTDH-SDWj8,audienceWatchRatio,auditory_processing,8,0.30952380952380953,-0.04123809523809523,0.608470153284154,-0.6904761904761906,0.8095238095238096,0.882,500
uqTDH-SDWj8,relativeRetentionPerformance,reward,8,0.7380952380952381,-0.08438095238095238,0.5470328456686699,-0.9761904761904763,0.6190476190476191,0.148,500
uqTDH-SDWj8,relativeRetentionPerformance,aversion,8,0.7380952380952381,0.03271428571428572,0.582132935936493,-0.9761904761904763,0.7142857142857144,0.142,500
uqTDH-SDWj8,relativeRetentionPerformance,social_value,8,0.7619047619047621,0.03328571428571431,0.5527541822013138,-0.9523809523809524,0.7857142857142858,0.29,500
uqTDH-SDWj8,relativeRetentionPerformance,engagement,8,0.6904761904761906,0.013761904761904763,0.5959366929046351,-0.9047619047619048,0.9761904761904763,0.258,500
uqTDH-SDWj8,relativeRetentionPerformance,visual_processing,8,0.5714285714285715,0.014619047619047629,0.5671831399871776,-0.9047619047619048,0.880952380952381,0.248,500
uqTDH-SDWj8,relativeRetentionPerformance,auditory_processing,8,0.38095238095238104,-0.02261904761904759,0.5779918221612317,-0.9761904761904763,0.7619047619047621,0.57,500
uqTDH-SDWj8,exit_intensity,reward,8,-0.5952380952380953,-0.0421904761904762,0.4145264872318536,-0.5714285714285715,0.880952380952381,0.128,500
uqTDH-SDWj8,exit_intensity,aversion,8,-0.5952380952380953,-0.021857142857142853,0.38510775062550584,-0.5476190476190477,0.880952380952381,0.118,500
uqTDH-SDWj8,exit_intensity,social_value,8,-0.38095238095238104,-0.07500000000000002,0.40288043105039995,-0.4523809523809524,0.9047619047619048,0.266,500
uqTDH-SDWj8,exit_intensity,engagement,8,-0.5714285714285715,-0.02599999999999998,0.5123705167993772,-0.7142857142857144,0.9285714285714287,0.308,500
uqTDH-SDWj8,exit_intensity,visual_processing,8,-0.8095238095238096,-0.02561904761904762,0.4162039771156608,-0.523809523809524,0.8095238095238096,0.132,500
uqTDH-SDWj8,exit_intensity,auditory_processing,8,-0.6666666666666669,0.00995238095238097,0.4042372482026702,-0.6428571428571429,0.7619047619047621,0.132,500
v7IlvAWXHqc,audienceWatchRatio,reward,8,0.9761904761904763,-0.018714285714285715,0.5832430464627638,-0.8333333333333335,0.8095238095238096,0.0,500
v7IlvAWXHqc,audienceWatchRatio,aversion,8,0.9285714285714287,-0.101,0.4001752988894616,-0.7380952380952381,0.4047619047619048,0.0,500
v7IlvAWXHqc,audienceWatchRatio,social_value,8,0.9761904761904763,-0.02609523809523812,0.5657709928288395,-0.8333333333333335,0.7380952380952381,0.0,500
v7IlvAWXHqc,audienceWatchRatio,engagement,8,0.9285714285714287,0.023619047619047623,0.5218578011545391,-0.7380952380952381,0.6904761904761906,0.0,500
v7IlvAWXHqc,audienceWatchRatio,visual_processing,8,0.4047619047619048,-0.055047619047619054,0.512723960246087,-0.7380952380952381,0.7619047619047621,0.428,500
v7IlvAWXHqc,audienceWatchRatio,auditory_processing,8,0.07142857142857144,-0.06504761904761902,0.4924717702005309,-0.7380952380952381,0.7142857142857144,0.856,500
v7IlvAWXHqc,relativeRetentionPerformance,reward,8,0.8571428571428572,0.04957142857142858,0.6082013536825739,-0.7142857142857144,0.9761904761904763,0.134,500
v7IlvAWXHqc,relativeRetentionPerformance,aversion,8,0.6666666666666669,-0.022523809523809526,0.5040038580099253,-0.7380952380952381,0.8095238095238096,0.284,500
v7IlvAWXHqc,relativeRetentionPerformance,social_value,8,0.8571428571428572,0.07895238095238097,0.5892980489329576,-0.7142857142857144,0.9523809523809524,0.154,500
v7IlvAWXHqc,relativeRetentionPerformance,engagement,8,0.6190476190476191,0.08295238095238096,0.566191149024391,-0.7142857142857144,0.7619047619047621,0.444,500
v7IlvAWXHqc,relativeRetentionPerformance,visual_processing,8,-0.04761904761904763,-0.013571428571428552,0.5516770453429042,-0.6190476190476191,0.6666666666666669,1.0,500
v7IlvAWXHqc,relativeRetentionPerformance,auditory_processing,8,-0.2380952380952381,0.08604761904761905,0.49770960898427863,-0.523809523809524,0.8333333333333335,0.862,500
v7IlvAWXHqc,exit_intensity,reward,8,-0.6428571428571429,0.017714285714285728,0.5660312884471439,-0.9047619047619048,0.880952380952381,0.268,500
v7IlvAWXHqc,exit_intensity,aversion,8,-0.3571428571428572,-0.0002857142857142758,0.5041729807891565,-0.7380952380952381,0.8571428571428572,0.58,500
v7IlvAWXHqc,exit_intensity,social_value,8,-0.6428571428571429,-0.06276190476190477,0.5632346570582858,-0.880952380952381,0.880952380952381,0.286,500
v7IlvAWXHqc,exit_intensity,engagement,8,-0.3571428571428572,-0.052761904761904774,0.5441262025146727,-0.7142857142857144,0.880952380952381,0.712,500
v7IlvAWXHqc,exit_intensity,visual_processing,8,0.11904761904761905,0.03290476190476191,0.49118076762558693,-0.6904761904761906,0.7142857142857144,0.846,500
v7IlvAWXHqc,exit_intensity,auditory_processing,8,0.261904761904762,-0.06800000000000003,0.42448265430936494,-0.6904761904761906,0.5476190476190477,0.548,500
w1HCBB-mvTE,audienceWatchRatio,reward,8,-0.9761904761904763,0.13247619047619047,0.5249780818230013,-0.8333333333333335,0.9761904761904763,0.15,500
w1HCBB-mvTE,audienceWatchRatio,aversion,8,-0.7857142857142858,0.03523809523809524,0.5355489692014154,-0.8095238095238096,0.9285714285714287,0.306,500
w1HCBB-mvTE,audienceWatchRatio,social_value,8,-0.5952380952380953,-0.04290476190476192,0.5153905658567585,-0.8095238095238096,0.9285714285714287,0.284,500
w1HCBB-mvTE,audienceWatchRatio,engagement,8,-0.07142857142857144,-0.06690476190476193,0.49859320232620075,-0.7619047619047621,0.880952380952381,0.848,500
w1HCBB-mvTE,audienceWatchRatio,visual_processing,8,-0.5952380952380953,0.02290476190476189,0.5815417365789148,-0.7619047619047621,0.7380952380952381,0.288,500
w1HCBB-mvTE,audienceWatchRatio,auditory_processing,8,-0.7857142857142858,0.09180952380952383,0.5034930503002801,-0.523809523809524,0.880952380952381,0.14,500
w1HCBB-mvTE,relativeRetentionPerformance,reward,8,0.9523809523809524,-0.0682857142857143,0.6212846832140415,-0.9523809523809524,0.7380952380952381,0.136,500
w1HCBB-mvTE,relativeRetentionPerformance,aversion,8,0.9523809523809524,-0.0361904761904762,0.593548841088389,-0.9761904761904763,0.9047619047619048,0.142,500
w1HCBB-mvTE,relativeRetentionPerformance,social_value,8,0.8333333333333335,0.07257142857142855,0.5831232352453409,-0.9761904761904763,0.9047619047619048,0.3,500
w1HCBB-mvTE,relativeRetentionPerformance,engagement,8,0.4523809523809524,0.05119047619047619,0.5053049078394365,-0.9285714285714287,0.7857142857142858,0.29,500
w1HCBB-mvTE,relativeRetentionPerformance,visual_processing,8,0.8333333333333335,-0.08842857142857144,0.6095685456053186,-0.9285714285714287,0.9285714285714287,0.322,500
w1HCBB-mvTE,relativeRetentionPerformance,auditory_processing,8,0.8333333333333335,-0.1610952380952381,0.565783246959189,-0.9761904761904763,0.7619047619047621,0.142,500
w1HCBB-mvTE,exit_intensity,reward,8,-0.4761904761904762,0.050476190476190466,0.4262221323704918,-0.6904761904761906,0.6428571428571429,0.454,500
w1HCBB-mvTE,exit_intensity,aversion,8,-0.30952380952380953,0.022142857142857155,0.43657156101967587,-0.6666666666666669,0.6666666666666669,0.586,500
w1HCBB-mvTE,exit_intensity,social_value,8,-0.2142857142857143,-0.02314285714285717,0.42559762969691006,-0.6666666666666669,0.6190476190476191,0.546,500
w1HCBB-mvTE,exit_intensity,engagement,8,0.04761904761904763,0.052190476190476204,0.5373040622671656,-0.7380952380952381,0.7142857142857144,1.0,500
w1HCBB-mvTE,exit_intensity,visual_processing,8,-0.2142857142857143,0.08347619047619051,0.4107221973013014,-0.5714285714285715,0.5714285714285715,0.838,500
w1HCBB-mvTE,exit_intensity,auditory_processing,8,-0.7380952380952381,0.06895238095238096,0.39934270258051346,-0.6190476190476191,0.6428571428571429,0.0,500
wCSAhOV3b4A,audienceWatchRatio,reward,11,-0.41818181818181827,0.02203636363636363,0.3484691698185789,-0.44545454545454555,0.8636363636363636,0.186,500
wCSAhOV3b4A,audienceWatchRatio,aversion,11,-0.009090909090909092,0.004381818181818188,0.3900737031437745,-0.5272727272727273,0.7545454545454545,0.912,500
wCSAhOV3b4A,audienceWatchRatio,social_value,11,0.17272727272727276,-0.05178181818181818,0.356585226097597,-0.4909090909090909,0.8272727272727273,0.602,500
wCSAhOV3b4A,audienceWatchRatio,engagement,11,0.5090909090909091,-0.03803636363636363,0.26688564177400775,-0.4909090909090909,0.5727272727272729,0.092,500
wCSAhOV3b4A,audienceWatchRatio,visual_processing,11,0.33636363636363636,-0.01729090909090909,0.38043997973638133,-0.5454545454545455,0.6818181818181819,0.36,500
wCSAhOV3b4A,audienceWatchRatio,auditory_processing,11,-0.3272727272727273,0.06705454545454546,0.41260336786501606,-0.6363636363636364,0.690909090909091,0.404,500
wCSAhOV3b4A,audienceWatchRatio,pattern_change,10,0.5757575757575757,0.003636363636363637,0.4549612643578744,-0.7818181818181817,0.5515151515151515,0.102,500
wCSAhOV3b4A,audienceWatchRatio,amplitude_change,10,0.5515151515151515,-0.03207272727272729,0.45235231464606934,-0.7696969696969697,0.6363636363636362,0.238,500
wCSAhOV3b4A,relativeRetentionPerformance,reward,11,0.41818181818181827,0.011945454545454556,0.43618020803825747,-0.7818181818181819,0.6727272727272727,0.304,500
wCSAhOV3b4A,relativeRetentionPerformance,aversion,11,0.8454545454545455,0.027600000000000017,0.38649801983819143,-0.6363636363636364,0.7090909090909092,0.0,500
wCSAhOV3b4A,relativeRetentionPerformance,social_value,11,0.6818181818181819,0.043945454545454524,0.40796313680495155,-0.7454545454545456,0.6727272727272727,0.09,500
wCSAhOV3b4A,relativeRetentionPerformance,engagement,11,0.5181818181818182,-0.02530909090909092,0.3816065803268601,-0.5818181818181819,0.6272727272727273,0.212,500
wCSAhOV3b4A,relativeRetentionPerformance,visual_processing,11,0.45454545454545453,-0.0112909090909091,0.35780592135314354,-0.5,0.6818181818181819,0.202,500
wCSAhOV3b4A,relativeRetentionPerformance,auditory_processing,11,0.06363636363636364,-0.039345454545454545,0.4756761534649458,-0.8272727272727273,0.7181818181818183,1.0,500
wCSAhOV3b4A,relativeRetentionPerformance,pattern_change,10,0.41818181818181815,-0.006351515151515145,0.2985007961283456,-0.4787878787878787,0.4545454545454545,0.22,500
wCSAhOV3b4A,relativeRetentionPerformance,amplitude_change,10,0.3939393939393939,-0.07486060606060604,0.24652382849641313,-0.5393939393939393,0.28484848484848485,0.114,500
wCSAhOV3b4A,exit_intensity,reward,11,-0.48181818181818187,0.0348727272727273,0.38317907946826746,-0.48181818181818187,0.7454545454545456,0.288,500
wCSAhOV3b4A,exit_intensity,aversion,11,-0.3272727272727273,0.07052727272727273,0.3994657005931964,-0.45454545454545453,0.7181818181818183,0.482,500
wCSAhOV3b4A,exit_intensity,social_value,11,-0.21818181818181823,0.014418181818181807,0.34333206873446537,-0.41818181818181827,0.5909090909090909,0.622,500
wCSAhOV3b4A,exit_intensity,engagement,11,-0.05454545454545456,0.023636363636363646,0.21842562135911553,-0.29090909090909095,0.38181818181818183,0.69,500
wCSAhOV3b4A,exit_intensity,visual_processing,11,-0.5090909090909091,0.06718181818181819,0.29061830637452973,-0.30000000000000004,0.5636363636363637,0.092,500
wCSAhOV3b4A,exit_intensity,auditory_processing,11,-0.41818181818181827,-0.03505454545454546,0.4292333415376808,-0.5545454545454546,0.7636363636363637,0.398,500
wCSAhOV3b4A,exit_intensity,pattern_change,10,0.34545454545454546,-0.07066666666666667,0.3450492252714421,-0.4545454545454545,0.6242424242424242,0.578,500
wCSAhOV3b4A,exit_intensity,amplitude_change,10,0.35757575757575755,-0.07735757575757575,0.2908444564560921,-0.406060606060606,0.5393939393939393,0.234,500
wSEok5PelQ8,audienceWatchRatio,reward,11,0.7181818181818183,-0.03876363636363636,0.5931882134103187,-0.790909090909091,0.9363636363636365,0.308,500
wSEok5PelQ8,audienceWatchRatio,aversion,11,0.7727272727272727,-0.042454545454545446,0.5194899835176869,-0.7363636363636363,0.7727272727272727,0.102,500
wSEok5PelQ8,audienceWatchRatio,social_value,11,0.9272727272727275,-0.11183636363636364,0.6034944244403412,-0.8727272727272729,0.881818181818182,0.0,500
wSEok5PelQ8,audienceWatchRatio,engagement,11,0.8909090909090911,-0.03747272727272729,0.6148516663149316,-0.7545454545454545,0.9454545454545454,0.132,500
wSEok5PelQ8,audienceWatchRatio,visual_processing,11,0.38181818181818183,-0.10423636363636364,0.5226335761085706,-0.6727272727272727,0.8636363636363636,0.728,500
wSEok5PelQ8,audienceWatchRatio,auditory_processing,11,0.06363636363636364,0.015545454545454543,0.5450472646121225,-0.7727272727272727,0.881818181818182,0.884,500
wSEok5PelQ8,audienceWatchRatio,pattern_change,10,0.4424242424242424,-0.024509090909090887,0.4200942683136398,-0.7212121212121211,0.3939393939393939,0.294,500
wSEok5PelQ8,audienceWatchRatio,amplitude_change,10,0.29696969696969694,-0.03481212121212124,0.36384592264720694,-0.8181818181818182,0.33333333333333326,0.43,500
wSEok5PelQ8,relativeRetentionPerformance,reward,11,-0.4909090909090909,0.00936363636363636,0.423826439995984,-0.6090909090909091,0.7363636363636363,0.298,500
wSEok5PelQ8,relativeRetentionPerformance,aversion,11,-0.1272727272727273,0.026527272727272715,0.4044344358391877,-0.6090909090909091,0.7636363636363637,0.812,500
wSEok5PelQ8,relativeRetentionPerformance,social_value,11,-0.3727272727272728,0.026345454545454557,0.413453865434797,-0.5909090909090909,0.7818181818181819,0.476,500
wSEok5PelQ8,relativeRetentionPerformance,engagement,11,-0.36363636363636365,0.041345454545454546,0.39667499197226735,-0.4727272727272727,0.7636363636363637,0.47,500
wSEok5PelQ8,relativeRetentionPerformance,visual_processing,11,-0.19090909090909092,-0.019890909090909095,0.3962389979180172,-0.6090909090909091,0.6363636363636364,0.798,500
wSEok5PelQ8,relativeRetentionPerformance,auditory_processing,11,-0.33636363636363636,0.017763636363636336,0.4495783041587394,-0.6636363636363638,0.6454545454545455,0.526,500
wSEok5PelQ8,relativeRetentionPerformance,pattern_change,10,-0.04242424242424241,-0.004315151515151522,0.3992932717203467,-0.8424242424242423,0.6484848484848483,1.0,500
wSEok5PelQ8,relativeRetentionPerformance,amplitude_change,10,0.11515151515151514,-0.04319999999999999,0.3837836672536869,-0.7939393939393938,0.406060606060606,0.81,500
wSEok5PelQ8,exit_intensity,reward,11,-0.45454545454545453,0.021236363636363664,0.42327326460447,-0.6272727272727273,0.8000000000000002,0.398,500
wSEok5PelQ8,exit_intensity,aversion,11,-0.5636363636363637,0.01801818181818181,0.36636946487581146,-0.4909090909090909,0.6727272727272727,0.092,500
wSEok5PelQ8,exit_intensity,social_value,11,-0.6818181818181819,0.05772727272727275,0.42237693204917426,-0.6363636363636364,0.6636363636363638,0.0,500
wSEok5PelQ8,exit_intensity,engagement,11,-0.6454545454545455,0.024581818181818177,0.4114678807142839,-0.5818181818181819,0.6181818181818182,0.0,500
wSEok5PelQ8,exit_intensity,visual_processing,11,-0.41818181818181827,0.07318181818181818,0.3768849595397417,-0.6181818181818182,0.7090909090909092,0.39,500
wSEok5PelQ8,exit_intensity,auditory_processing,11,-0.3090909090909091,0.011309090909090923,0.39564451696144215,-0.6090909090909091,0.6272727272727273,0.568,500
wSEok5PelQ8,exit_intensity,pattern_change,10,-0.3696969696969697,0.027515151515151517,0.41765994665235634,-0.5030303030303029,0.709090909090909,0.44,500
wSEok5PelQ8,exit_intensity,amplitude_change,10,-0.3696969696969697,0.06678787878787878,0.3729037079331154,-0.3939393939393939,0.7454545454545454,0.448,500
wYRxi5hnupc,audienceWatchRatio,reward,11,0.7363636363636363,-0.0420909090909091,0.6081189735162136,-0.7272727272727273,0.9454545454545454,0.188,500
wYRxi5hnupc,audienceWatchRatio,aversion,11,0.8909090909090911,-0.0005090909090909088,0.5400735230021315,-0.790909090909091,0.9181818181818183,0.084,500
wYRxi5hnupc,audienceWatchRatio,social_value,11,0.9,-0.0748727272727273,0.5974220308753324,-0.7636363636363637,0.9454545454545454,0.106,500
wYRxi5hnupc,audienceWatchRatio,engagement,11,0.24545454545454545,-0.06729090909090905,0.562783254375038,-0.7636363636363637,0.8727272727272729,0.89,500
wYRxi5hnupc,audienceWatchRatio,visual_processing,11,0.05454545454545456,-0.003763636363636369,0.47852688931934945,-0.6727272727272727,0.7636363636363637,1.0,500
wYRxi5hnupc,audienceWatchRatio,auditory_processing,11,-0.9545454545454546,0.056436363636363625,0.5697371248259663,-0.8636363636363636,0.9,0.0,500
wYRxi5hnupc,audienceWatchRatio,pattern_change,10,0.5272727272727272,0.034133333333333335,0.46849702348051364,-0.6969696969696969,0.8303030303030302,0.24,500
wYRxi5hnupc,audienceWatchRatio,amplitude_change,10,0.24848484848484845,-0.04067878787878788,0.49335555962142186,-0.7575757575757575,0.6484848484848483,0.892,500
wYRxi5hnupc,relativeRetentionPerformance,reward,11,0.7636363636363637,-0.010436363636363645,0.2663481373089248,-0.48181818181818187,0.38181818181818183,0.0,500
wYRxi5hnupc,relativeRetentionPerformance,aversion,11,0.6181818181818182,0.021563636363636365,0.2845575971850031,-0.41818181818181827,0.44545454545454555,0.0,500
wYRxi5hnupc,relativeRetentionPerformance,social_value,11,0.7272727272727273,-0.06652727272727273,0.3068772166774563,-0.44545454545454555,0.44545454545454555,0.0,500
wYRxi5hnupc,relativeRetentionPerformance,engagement,11,0.6090909090909091,-0.07778181818181822,0.26600050705227263,-0.43636363636363645,0.4000000000000001,0.0,500
wYRxi5hnupc,relativeRetentionPerformance,visual_processing,11,0.5363636363636364,-0.03676363636363635,0.2754635558082274,-0.48181818181818187,0.43636363636363645,0.0,500
wYRxi5hnupc,relativeRetentionPerformance,auditory_processing,11,-0.5363636363636364,0.01932727272727272,0.3544030161429777,-0.5636363636363637,0.6181818181818182,0.2,500
wYRxi5hnupc,relativeRetentionPerformance,pattern_change,10,0.5151515151515151,-0.039854545454545434,0.372519194148681,-0.5393939393939393,0.5393939393939393,0.332,500
wYRxi5hnupc,relativeRetentionPerformance,amplitude_change,10,0.38181818181818183,-0.09156363636363636,0.47646927412241014,-0.6969696969696969,0.5878787878787878,0.658,500
wYRxi5hnupc,exit_intensity,reward,11,-0.4727272727272727,0.08450909090909096,0.5843287017899577,-0.8636363636363636,0.8000000000000002,0.59,500
wYRxi5hnupc,exit_intensity,aversion,11,-0.6363636363636364,0.016745454545454553,0.5427911517150638,-0.8636363636363636,0.6363636363636364,0.324,500
wYRxi5hnupc,exit_intensity,social_value,11,-0.7181818181818183,0.034600000000000006,0.5595963985375517,-0.8636363636363636,0.7181818181818183,0.19,500
wYRxi5hnupc,exit_intensity,engagement,11,-0.17272727272727276,0.011927272727272741,0.5824952492268936,-0.9090909090909091,0.690909090909091,0.872,500
wYRxi5hnupc,exit_intensity,visual_processing,11,0.14545454545454548,0.011418181818181841,0.45936053864346027,-0.8090909090909091,0.5636363636363637,0.902,500
wYRxi5hnupc,exit_intensity,auditory_processing,11,0.7181818181818183,-0.059927272727272725,0.5342474073230539,-0.8636363636363636,0.6636363636363638,0.11,500
wYRxi5hnupc,exit_intensity,pattern_change,10,0.41818181818181815,0.0009696969696969688,0.31252321272832073,-0.29696969696969694,0.7454545454545454,0.114,500
wYRxi5hnupc,exit_intensity,amplitude_change,10,-0.01818181818181818,-0.005793939393939406,0.35803063332420415,-0.5757575757575757,0.5030303030303029,1.0,500
xbPNFKTYHFM,audienceWatchRatio,reward,9,0.9333333333333332,-0.02316666666666666,0.5856169349023681,-0.8166666666666667,0.9666666666666667,0.122,500
xbPNFKTYHFM,audienceWatchRatio,aversion,9,0.9500000000000001,0.011933333333333336,0.5556456064795258,-0.6333333333333333,0.8499999999999999,0.0,500
xbPNFKTYHFM,audienceWatchRatio,social_value,9,0.9500000000000001,-0.041333333333333326,0.6175312857571581,-0.75,0.7999999999999999,0.0,500
xbPNFKTYHFM,audienceWatchRatio,engagement,9,0.8666666666666667,-0.031799999999999974,0.6382683900819293,-0.7999999999999999,0.9833333333333333,0.106,500
xbPNFKTYHFM,audienceWatchRatio,visual_processing,9,0.6333333333333333,0.015766666666666665,0.5582082158318904,-0.7333333333333334,0.9500000000000001,0.252,500
xbPNFKTYHFM,audienceWatchRatio,auditory_processing,9,0.5666666666666667,-0.061133333333333324,0.5533086781655727,-0.9333333333333332,0.6333333333333333,0.492,500
xbPNFKTYHFM,audienceWatchRatio,pattern_change,8,0.8095238095238096,-0.12080952380952384,0.32530512800116584,-0.5476190476190477,0.5714285714285715,0.0,500
xbPNFKTYHFM,audienceWatchRatio,amplitude_change,8,0.9285714285714287,-0.1948571428571429,0.5183077645333034,-0.7619047619047621,0.7380952380952381,0.0,500
xbPNFKTYHFM,relativeRetentionPerformance,reward,9,0.7,-0.018266666666666667,0.43297895252925783,-0.8666666666666667,0.6,0.136,500
xbPNFKTYHFM,relativeRetentionPerformance,aversion,9,0.43333333333333335,0.08460000000000002,0.4475756373073842,-0.9333333333333332,0.6,0.28,500
xbPNFKTYHFM,relativeRetentionPerformance,social_value,9,0.6833333333333333,0.02366666666666668,0.4858164948482777,-0.9333333333333332,0.6666666666666667,0.13,500
xbPNFKTYHFM,relativeRetentionPerformance,engagement,9,0.7,-0.049300000000000004,0.4585157927729668,-0.8833333333333333,0.5333333333333333,0.124,500
xbPNFKTYHFM,relativeRetentionPerformance,visual_processing,9,0.5166666666666667,0.06133333333333333,0.4344375674363348,-0.7999999999999999,0.6,0.402,500
xbPNFKTYHFM,relativeRetentionPerformance,auditory_processing,9,0.6666666666666667,-0.08649999999999998,0.3533702417830027,-0.5333333333333333,0.6666666666666667,0.122,500
xbPNFKTYHFM,relativeRetentionPerformance,pattern_change,8,-0.7857142857142858,0.20180952380952386,0.42194172685535386,-0.3571428571428572,0.8571428571428572,0.152,500
xbPNFKTYHFM,relativeRetentionPerformance,amplitude_change,8,-0.5476190476190477,0.1525238095238095,0.4009039983250553,-0.523809523809524,0.8571428571428572,0.138,500
xbPNFKTYHFM,exit_intensity,reward,9,-0.8833333333333333,-0.011700000000000012,0.5206846977244909,-0.7833333333333333,0.7999999999999999,0.0,500
xbPNFKTYHFM,exit_intensity,aversion,9,-0.6666666666666667,-0.04236666666666667,0.5650025162185858,-0.8166666666666667,0.9166666666666666,0.276,500
xbPNFKTYHFM,exit_intensity,social_value,9,-0.8666666666666667,-0.016533333333333358,0.6010620082635216,-0.8166666666666667,0.9166666666666666,0.134,500
xbPNFKTYHFM,exit_intensity,engagement,9,-0.8499999999999999,0.024733333333333333,0.6047960501046796,-0.7666666666666667,0.8833333333333333,0.144,500
xbPNFKTYHFM,exit_intensity,visual_processing,9,-0.6,-0.09276666666666666,0.5131562584199432,-0.7833333333333333,0.8833333333333333,0.272,500
xbPNFKTYHFM,exit_intensity,auditory_processing,9,-0.6833333333333333,0.10906666666666666,0.46152526835844354,-0.8166666666666667,0.7666666666666667,0.246,500
xbPNFKTYHFM,exit_intensity,pattern_change,8,0.8095238095238096,-0.21214285714285716,0.39633375099386975,-0.7857142857142858,0.4285714285714286,0.0,500
xbPNFKTYHFM,exit_intensity,amplitude_change,8,0.6190476190476191,-0.12952380952380957,0.3849215840276305,-0.8095238095238096,0.6190476190476191,0.244,500
yHBgopCWQY8,audienceWatchRatio,reward,8,0.5476190476190477,-0.06219047619047619,0.6069203401763101,-0.8095238095238096,0.880952380952381,0.708,500
yHBgopCWQY8,audienceWatchRatio,aversion,8,-0.19047619047619052,0.005095238095238084,0.5960776003750974,-0.9285714285714287,0.9761904761904763,0.866,500
yHBgopCWQY8,audienceWatchRatio,social_value,8,-0.3333333333333334,0.08609523809523807,0.6027095584038661,-0.8571428571428572,1.0,0.574,500
yHBgopCWQY8,audienceWatchRatio,engagement,8,0.3571428571428572,0.00957142857142856,0.6478257705779722,-0.8095238095238096,0.9761904761904763,0.724,500
yHBgopCWQY8,audienceWatchRatio,visual_processing,8,0.3571428571428572,-0.029523809523809525,0.6090541345196749,-0.9285714285714287,0.7857142857142858,0.722,500
yHBgopCWQY8,audienceWatchRatio,auditory_processing,8,0.7857142857142858,-0.10990476190476187,0.5860686810146174,-0.9047619047619048,0.7619047619047621,0.302,500
yHBgopCWQY8,relativeRetentionPerformance,reward,8,-0.3333333333333334,0.056380952380952414,0.5614185628575961,-0.7380952380952381,0.8333333333333335,0.544,500
yHBgopCWQY8,relativeRetentionPerformance,aversion,8,0.3571428571428572,-0.026238095238095234,0.6039794319304355,-0.7380952380952381,0.9047619047619048,1.0,500
yHBgopCWQY8,relativeRetentionPerformance,social_value,8,0.5000000000000001,-0.04385714285714286,0.6093028970948385,-0.7857142857142858,0.880952380952381,0.424,500
yHBgopCWQY8,relativeRetentionPerformance,engagement,8,-0.09523809523809526,-0.0075238095238095186,0.6184924910225242,-0.8571428571428572,0.8333333333333335,0.71,500
yHBgopCWQY8,relativeRetentionPerformance,visual_processing,8,-0.09523809523809526,-0.004142857142857141,0.6122741723537907,-0.8095238095238096,0.9047619047619048,0.868,500
yHBgopCWQY8,relativeRetentionPerformance,auditory_processing,8,-0.6666666666666669,0.16780952380952383,0.5658746445801268,-0.7142857142857144,1.0,0.412,500
yHBgopCWQY8,exit_intensity,reward,8,-0.6904761904761906,0.07252380952380953,0.5729146766817635,-0.6904761904761906,0.880952380952381,0.274,500
yHBgopCWQY8,exit_intensity,aversion,8,-0.261904761904762,0.011476190476190489,0.4611516172138584,-0.6428571428571429,0.7380952380952381,0.872,500
yHBgopCWQY8,exit_intensity,social_value,8,-0.09523809523809526,0.06561904761904762,0.49187990533243103,-0.7619047619047621,0.7380952380952381,1.0,500
yHBgopCWQY8,exit_intensity,engagement,8,-0.523809523809524,-0.034380952380952366,0.6087601540591073,-0.7857142857142858,0.7619047619047621,0.732,500
yHBgopCWQY8,exit_intensity,visual_processing,8,-0.523809523809524,0.0667142857142857,0.5607690277594967,-0.6904761904761906,0.7857142857142858,0.558,500
yHBgopCWQY8,exit_intensity,auditory_processing,8,-0.5476190476190477,0.07657142857142861,0.4752999673436936,-0.7142857142857144,0.5714285714285715,0.372,500
yJ88j4PbFxo,audienceWatchRatio,reward,9,0.65,-0.09336666666666668,0.7013502049618293,-1.0,0.8666666666666667,0.588,500
yJ88j4PbFxo,audienceWatchRatio,aversion,9,0.7999999999999999,-0.05283333333333334,0.6392663112245683,-0.9166666666666666,0.75,0.12,500
yJ88j4PbFxo,audienceWatchRatio,social_value,9,0.7999999999999999,-0.0536666666666667,0.6877943006451857,-0.9500000000000001,0.8333333333333333,0.39,500
yJ88j4PbFxo,audienceWatchRatio,engagement,9,0.9,-0.06913333333333332,0.6557985158059855,-0.8833333333333333,0.9833333333333333,0.136,500
yJ88j4PbFxo,audienceWatchRatio,visual_processing,9,0.7999999999999999,-0.09906666666666666,0.5775669427290081,-0.8166666666666667,0.7166666666666667,0.136,500
yJ88j4PbFxo,audienceWatchRatio,auditory_processing,9,0.75,-0.10963333333333335,0.6565135007497307,-0.9,0.8166666666666667,0.41,500
yJ88j4PbFxo,audienceWatchRatio,pattern_change,8,0.5000000000000001,-0.09261904761904764,0.3497666050447572,-0.6666666666666669,0.3333333333333334,0.3,500
yJ88j4PbFxo,audienceWatchRatio,amplitude_change,8,0.6190476190476191,0.000238095238095255,0.39566091841155693,-0.6190476190476191,0.4285714285714286,0.164,500
yJ88j4PbFxo,relativeRetentionPerformance,reward,9,0.8833333333333333,-0.12433333333333331,0.6612035322887433,-0.7833333333333333,0.9500000000000001,0.13,500
yJ88j4PbFxo,relativeRetentionPerformance,aversion,9,0.9833333333333333,-0.15566666666666668,0.5496424090058715,-0.8833333333333333,0.8499999999999999,0.0,500
yJ88j4PbFxo,relativeRetentionPerformance,social_value,9,0.9833333333333333,-0.04713333333333334,0.6178318757288803,-0.8666666666666667,0.9166666666666666,0.0,500
yJ88j4PbFxo,relativeRetentionPerformance,engagement,9,0.8833333333333333,-0.11790000000000002,0.5997574796902866,-0.9833333333333333,0.7999999999999999,0.12,500
yJ88j4PbFxo,relativeRetentionPerformance,visual_processing,9,0.9833333333333333,-0.06209999999999999,0.5588706181020593,-0.7999999999999999,0.7333333333333334,0.0,500
yJ88j4PbFxo,relativeRetentionPerformance,auditory_processing,9,0.9666666666666667,-0.08623333333333334,0.580071768548226,-0.7999999999999999,0.7999999999999999,0.0,500
yJ88j4PbFxo,relativeRetentionPerformance,pattern_change,8,1.0,-0.17495238095238097,0.37607509984792087,-0.6904761904761906,0.5000000000000001,0.0,500
yJ88j4PbFxo,relativeRetentionPerformance,amplitude_change,8,0.9047619047619048,-0.12261904761904764,0.42282355883366046,-0.6190476190476191,0.6190476190476191,0.0,500
yJ88j4PbFxo,exit_intensity,reward,9,-0.8833333333333333,0.11479999999999999,0.5346710972385007,-0.7666666666666667,0.75,0.0,500
yJ88j4PbFxo,exit_intensity,aversion,9,-0.9166666666666666,0.10833333333333332,0.4354301832032828,-0.5833333333333334,0.8833333333333333,0.0,500
yJ88j4PbFxo,exit_intensity,social_value,9,-0.9166666666666666,0.04503333333333334,0.50600428083389,-0.6833333333333333,0.9,0.0,500
yJ88j4PbFxo,exit_intensity,engagement,9,-0.7166666666666667,0.11316666666666668,0.5269023470562011,-0.6166666666666666,0.8499999999999999,0.126,500
yJ88j4PbFxo,exit_intensity,visual_processing,9,-0.9166666666666666,0.03953333333333332,0.5044616536467366,-0.5833333333333334,0.7333333333333334,0.0,500
yJ88j4PbFxo,exit_intensity,auditory_processing,9,-0.8666666666666667,0.05483333333333336,0.5030512178474253,-0.7,0.7333333333333334,0.0,500
yJ88j4PbFxo,exit_intensity,pattern_change,8,0.523809523809524,-0.1275714285714286,0.31203908049329665,-0.5714285714285715,0.30952380952380953,0.148,500
yJ88j4PbFxo,exit_intensity,amplitude_change,8,0.4761904761904762,-0.057523809523809526,0.3562902075810401,-0.523809523809524,0.523809523809524,0.292,500
yR4V-dw3j7M,audienceWatchRatio,reward,11,0.46363636363636374,-0.011636363636363615,0.5008565885700712,-0.790909090909091,0.6000000000000001,0.562,500
yR4V-dw3j7M,audienceWatchRatio,aversion,11,0.5363636363636364,-0.09747272727272724,0.541871009932215,-0.7636363636363637,0.8090909090909091,0.56,500
yR4V-dw3j7M,audienceWatchRatio,social_value,11,0.33636363636363636,0.013218181818181822,0.5420585101534263,-0.7363636363636363,0.7181818181818183,0.702,500
yR4V-dw3j7M,audienceWatchRatio,engagement,11,-0.6090909090909091,0.11094545454545457,0.23207408050658143,-0.3545454545454546,0.44545454545454555,0.0,500
yR4V-dw3j7M,audienceWatchRatio,visual_processing,11,-0.19090909090909092,0.0037090909090909206,0.35000183423368253,-0.5363636363636364,0.5909090909090909,0.796,500
yR4V-dw3j7M,audienceWatchRatio,auditory_processing,11,0.690909090909091,-0.0668909090909091,0.5540595364375163,-0.8272727272727273,0.8181818181818182,0.394,500
yR4V-dw3j7M,audienceWatchRatio,pattern_change,10,-0.41818181818181815,-0.009090909090909092,0.6196184732087946,-0.8060606060606059,0.8424242424242423,0.772,500
yR4V-dw3j7M,audienceWatchRatio,amplitude_change,10,-0.6727272727272726,0.018084848484848495,0.3915222695665916,-0.5878787878787878,0.6969696969696969,0.118,500
yR4V-dw3j7M,relativeRetentionPerformance,reward,11,0.8363636363636365,0.0028727272727272633,0.49788645391468084,-0.6818181818181819,0.9363636363636365,0.122,500
yR4V-dw3j7M,relativeRetentionPerformance,aversion,11,0.8727272727272729,-0.027963636363636375,0.5242974223734445,-0.7181818181818183,0.9545454545454546,0.098,500
yR4V-dw3j7M,relativeRetentionPerformance,social_value,11,0.8181818181818182,0.017345454545454556,0.5076156820480993,-0.7181818181818183,0.9636363636363637,0.094,500
yR4V-dw3j7M,relativeRetentionPerformance,engagement,11,0.22727272727272727,0.0608,0.4181781280469598,-0.6272727272727273,0.5181818181818182,0.684,500
yR4V-dw3j7M,relativeRetentionPerformance,visual_processing,11,0.13636363636363638,-0.01592727272727272,0.43937131043088384,-0.7181818181818183,0.790909090909091,0.718,500
yR4V-dw3j7M,relativeRetentionPerformance,auditory_processing,11,-0.018181818181818184,0.07609090909090907,0.5596770836978489,-0.8727272727272729,0.7727272727272727,0.92,500
yR4V-dw3j7M,relativeRetentionPerformance,pattern_change,10,0.07878787878787878,-0.10046060606060603,0.6008013083245418,-0.8060606060606059,0.7939393939393938,1.0,500
yR4V-dw3j7M,relativeRetentionPerformance,amplitude_change,10,0.0303030303030303,-0.008193939393939403,0.48803513760506023,-0.5151515151515151,0.7575757575757575,1.0,500
yR4V-dw3j7M,exit_intensity,reward,11,0.3272727272727273,-0.027545454545454554,0.34306940964578986,-0.6818181818181819,0.38181818181818183,0.444,500
yR4V-dw3j7M,exit_intensity,aversion,11,0.19090909090909092,-0.05269090909090911,0.368652940329008,-0.6636363636363638,0.48181818181818187,0.62,500
yR4V-dw3j7M,exit_intensity,social_value,11,0.3181818181818182,-0.038799999999999994,0.3476823115317576,-0.7363636363636363,0.41818181818181827,0.468,500
yR4V-dw3j7M,exit_intensity,engagement,11,0.20909090909090913,-0.03974545454545456,0.4168946213244496,-0.7000000000000001,0.6181818181818182,0.706,500
yR4V-dw3j7M,exit_intensity,visual_processing,11,0.5636363636363637,-0.029127272727272724,0.3975763749071335,-0.7545454545454545,0.5818181818181819,0.204,500
yR4V-dw3j7M,exit_intensity,auditory_processing,11,-0.30000000000000004,0.03538181818181819,0.4161246173805182,-0.790909090909091,0.7454545454545456,0.538,500
yR4V-dw3j7M,exit_intensity,pattern_change,10,0.4545454545454545,-0.13578181818181814,0.5141602149962909,-0.6848484848484848,0.6363636363636362,0.678,500
yR4V-dw3j7M,exit_intensity,amplitude_change,10,0.13939393939393938,-0.04283636363636363,0.4159036485154763,-0.6969696969696969,0.49090909090909085,0.898,500
zWLjrR6bT-s,audienceWatchRatio,reward,11,0.8000000000000002,-0.13992727272727273,0.5751345035642382,-0.9727272727272729,0.7181818181818183,0.188,500
zWLjrR6bT-s,audienceWatchRatio,aversion,11,0.8454545454545455,-0.1265272727272727,0.4982982010704862,-0.8181818181818182,0.5818181818181819,0.0,500
zWLjrR6bT-s,audienceWatchRatio,social_value,11,0.9,-0.06825454545454546,0.5730626677397724,-0.8454545454545455,0.6727272727272727,0.0,500
zWLjrR6bT-s,audienceWatchRatio,engagement,11,0.39090909090909093,-0.06790909090909089,0.5278136018966425,-0.8636363636363636,0.7818181818181819,0.502,500
zWLjrR6bT-s,audienceWatchRatio,visual_processing,11,0.44545454545454555,-0.036109090909090924,0.29858332391865766,-0.5727272727272729,0.4090909090909091,0.094,500
zWLjrR6bT-s,audienceWatchRatio,auditory_processing,11,0.6272727272727273,-0.05840000000000001,0.5533352087325915,-0.8454545454545455,0.8272727272727273,0.298,500
zWLjrR6bT-s,audienceWatchRatio,pattern_change,10,0.7696969696969697,-0.09956363636363634,0.4444820890577177,-0.7818181818181817,0.5757575757575757,0.09,500
zWLjrR6bT-s,audienceWatchRatio,amplitude_change,10,0.7454545454545454,-0.02446060606060605,0.3953793126625907,-0.5878787878787878,0.6969696969696969,0.0,500
zWLjrR6bT-s,relativeRetentionPerformance,reward,11,0.27272727272727276,-0.11283636363636364,0.5609871947979497,-0.8636363636363636,0.7818181818181819,0.888,500
zWLjrR6bT-s,relativeRetentionPerformance,aversion,11,0.6272727272727273,-0.05830909090909093,0.5255421918094692,-0.9545454545454546,0.8272727272727273,0.21,500
zWLjrR6bT-s,relativeRetentionPerformance,social_value,11,0.6000000000000001,-0.05521818181818183,0.5478318288738551,-0.8909090909090911,0.8909090909090911,0.31,500
zWLjrR6bT-s,relativeRetentionPerformance,engagement,11,-0.10909090909090911,0.020945454545454524,0.5030636375957562,-0.5909090909090909,0.881818181818182,0.808,500
zWLjrR6bT-s,relativeRetentionPerformance,visual_processing,11,-0.009090909090909092,0.0316,0.2792015510624941,-0.5545454545454546,0.5545454545454546,1.0,500
zWLjrR6bT-s,relativeRetentionPerformance,auditory_processing,11,0.29090909090909095,-0.05363636363636364,0.4756064419278883,-0.8636363636363636,0.7000000000000001,0.568,500
zWLjrR6bT-s,relativeRetentionPerformance,pattern_change,10,0.18787878787878787,0.030909090909090886,0.5615201066029386,-0.7939393939393938,0.8303030303030302,0.658,500
zWLjrR6bT-s,relativeRetentionPerformance,amplitude_change,10,0.11515151515151514,-0.010618181818181794,0.40169898574867613,-0.7333333333333332,0.709090909090909,0.754,500
zWLjrR6bT-s,exit_intensity,reward,11,-0.6181818181818182,0.016236363636363643,0.4420082086669044,-0.7090909090909092,0.5909090909090909,0.098,500
zWLjrR6bT-s,exit_intensity,aversion,11,-0.39090909090909093,0.04734545454545457,0.42878540125636105,-0.7000000000000001,0.6000000000000001,0.598,500
zWLjrR6bT-s,exit_intensity,social_value,11,-0.44545454545454555,0.01905454545454545,0.4858863234737556,-0.6545454545454547,0.6181818181818182,0.612,500
zWLjrR6bT-s,exit_intensity,engagement,11,-0.7000000000000001,0.06323636363636365,0.3940359156344982,-0.6090909090909091,0.5545454545454546,0.0,500
zWLjrR6bT-s,exit_intensity,visual_processing,11,-0.7636363636363637,0.07465454545454546,0.2991573642667707,-0.5,0.5363636363636364,0.0,500
zWLjrR6bT-s,exit_intensity,auditory_processing,11,-0.44545454545454555,0.03370909090909092,0.46749718132353973,-0.8090909090909091,0.8272727272727273,0.308,500
zWLjrR6bT-s,exit_intensity,pattern_change,10,0.19999999999999998,-0.0018666666666666742,0.5734922303996296,-0.8424242424242423,0.7212121212121211,1.0,500
zWLjrR6bT-s,exit_intensity,amplitude_change,10,0.10303030303030303,-0.002569696969696963,0.47056616443894916,-0.9030303030303028,0.6969696969696969,0.886,500
